# Blender 3.3.0
# www.blender.org
mtllib Extintor_LP.mtl
o Extintor
v 0.142520 1.072229 0.040693
v 0.142520 1.051675 0.020138
v 0.142520 1.024819 0.009014
v 0.142520 1.010285 0.007582
v 0.145355 1.083353 0.067828
v 0.148082 1.079114 0.054120
v 0.150594 1.072229 0.041488
v 0.152797 1.062964 0.030415
v 0.154604 1.051675 0.021328
v 0.155947 1.038795 0.014576
v 0.156774 1.024819 0.010418
v 0.157054 1.010285 0.009014
v 0.148082 1.083353 0.068655
v 0.153430 1.079114 0.055743
v 0.158359 1.072229 0.043843
v 0.162679 1.062964 0.033413
v 0.166225 1.051675 0.024853
v 0.168859 1.038795 0.018493
v 0.170482 1.024819 0.014576
v 0.171029 1.010285 0.013253
v 0.150594 1.083353 0.069998
v 0.158359 1.079114 0.058377
v 0.165515 1.072229 0.047668
v 0.171787 1.062964 0.038281
v 0.176934 1.051675 0.030578
v 0.180759 1.038795 0.024853
v 0.183114 1.024819 0.021328
v 0.183910 1.010285 0.020138
v 0.152797 1.083353 0.071805
v 0.162679 1.079114 0.061923
v 0.171787 1.072229 0.052815
v 0.179770 1.062964 0.044833
v 0.186321 1.051675 0.038281
v 0.191189 1.038795 0.033413
v 0.194187 1.024819 0.030415
v 0.195199 1.010285 0.029403
v 0.154604 1.083353 0.074008
v 0.166225 1.079114 0.066243
v 0.176934 1.072229 0.059087
v 0.186321 1.062964 0.052815
v 0.194024 1.051675 0.047668
v 0.199749 1.038795 0.043843
v 0.203274 1.024819 0.041488
v 0.204464 1.010285 0.040693
v 0.142520 1.084785 0.082083
v 0.155947 1.083353 0.076521
v 0.168859 1.079114 0.071172
v 0.180759 1.072229 0.066243
v 0.191189 1.062964 0.061923
v 0.199749 1.051675 0.058377
v 0.206109 1.038795 0.055743
v 0.210026 1.024819 0.054120
v 0.211349 1.010285 0.053573
v 0.156774 1.083353 0.079247
v 0.170482 1.079114 0.076521
v 0.183114 1.072229 0.074008
v 0.194187 1.062964 0.071805
v 0.203274 1.051675 0.069998
v 0.210026 1.038795 0.068655
v 0.214184 1.024819 0.067828
v 0.215588 1.010285 0.067548
v 0.157054 1.083353 0.082083
v 0.171029 1.079114 0.082083
v 0.183910 1.072229 0.082083
v 0.195199 1.062964 0.082083
v 0.204464 1.051675 0.082083
v 0.211349 1.038795 0.082083
v 0.215588 1.024819 0.082083
v 0.217020 1.010285 0.082083
v 0.156774 1.083353 0.084918
v 0.170482 1.079114 0.087645
v 0.183114 1.072229 0.090157
v 0.194187 1.062964 0.092360
v 0.203274 1.051675 0.094167
v 0.210026 1.038795 0.095510
v 0.214184 1.024819 0.096337
v 0.215588 1.010285 0.096617
v 0.155947 1.083353 0.087645
v 0.168859 1.079114 0.092993
v 0.180759 1.072229 0.097922
v 0.191189 1.062964 0.102242
v 0.199749 1.051675 0.105788
v 0.206109 1.038795 0.108422
v 0.210026 1.024819 0.110045
v 0.211349 1.010285 0.110592
v 0.154604 1.083353 0.090157
v 0.166225 1.079114 0.097922
v 0.176934 1.072229 0.105078
v 0.186321 1.062964 0.111350
v 0.194024 1.051675 0.116497
v 0.199749 1.038795 0.120322
v 0.203274 1.024819 0.122677
v 0.204464 1.010285 0.123473
v 0.152797 1.083353 0.092360
v 0.162679 1.079114 0.102242
v 0.171787 1.072229 0.111350
v 0.179770 1.062964 0.119333
v 0.186321 1.051675 0.125884
v 0.191189 1.038795 0.130752
v 0.194187 1.024819 0.133750
v 0.195199 1.010285 0.134762
v 0.150594 1.083353 0.094167
v 0.158359 1.079114 0.105788
v 0.165515 1.072229 0.116497
v 0.171787 1.062964 0.125884
v 0.176934 1.051675 0.133587
v 0.180759 1.038795 0.139312
v 0.183114 1.024819 0.142837
v 0.183909 1.010285 0.144027
v 0.148082 1.083353 0.095510
v 0.153430 1.079114 0.108422
v 0.158359 1.072229 0.120322
v 0.162679 1.062964 0.130752
v 0.166225 1.051675 0.139312
v 0.168859 1.038795 0.145672
v 0.170482 1.024819 0.149589
v 0.171029 1.010285 0.150912
v 0.145355 1.083353 0.096337
v 0.148082 1.079114 0.110045
v 0.150594 1.072229 0.122677
v 0.152797 1.062964 0.133750
v 0.154604 1.051675 0.142837
v 0.155947 1.038795 0.149589
v 0.156774 1.024819 0.153747
v 0.157054 1.010285 0.155151
v 0.142520 1.083353 0.096617
v 0.142520 1.079114 0.110592
v 0.142520 1.072229 0.123473
v 0.142520 1.062964 0.134762
v 0.142519 1.051675 0.144027
v 0.142520 1.038795 0.150912
v 0.142519 1.024819 0.155151
v 0.142519 1.010285 0.156583
v 0.139684 1.083353 0.096337
v 0.136957 1.079114 0.110045
v 0.134445 1.072229 0.122677
v 0.132242 1.062964 0.133750
v 0.130435 1.051675 0.142837
v 0.129092 1.038795 0.149589
v 0.128265 1.024819 0.153747
v 0.127985 1.010285 0.155151
v 0.136957 1.083353 0.095510
v 0.131609 1.079114 0.108422
v 0.126680 1.072229 0.120322
v 0.122360 1.062964 0.130752
v 0.118814 1.051675 0.139312
v 0.116180 1.038795 0.145672
v 0.114557 1.024819 0.149589
v 0.114010 1.010285 0.150912
v 0.134445 1.083353 0.094167
v 0.126680 1.079114 0.105788
v 0.119524 1.072229 0.116497
v 0.113252 1.062964 0.125884
v 0.108105 1.051675 0.133587
v 0.104280 1.038795 0.139312
v 0.101925 1.024819 0.142837
v 0.101130 1.010285 0.144027
v 0.132242 1.083353 0.092360
v 0.122360 1.079114 0.102242
v 0.113252 1.072229 0.111350
v 0.105269 1.062964 0.119333
v 0.098718 1.051675 0.125884
v 0.093850 1.038795 0.130752
v 0.090852 1.024819 0.133750
v 0.089840 1.010285 0.134762
v 0.130435 1.083353 0.090157
v 0.118814 1.079114 0.097922
v 0.108105 1.072229 0.105078
v 0.098718 1.062964 0.111350
v 0.091015 1.051675 0.116497
v 0.085290 1.038795 0.120322
v 0.081765 1.024819 0.122677
v 0.080575 1.010285 0.123472
v 0.129092 1.083353 0.087645
v 0.116180 1.079114 0.092993
v 0.104280 1.072229 0.097922
v 0.093850 1.062964 0.102242
v 0.085290 1.051675 0.105788
v 0.078930 1.038795 0.108422
v 0.075013 1.024819 0.110045
v 0.073690 1.010285 0.110592
v 0.128265 1.083353 0.084918
v 0.114557 1.079114 0.087645
v 0.101925 1.072229 0.090157
v 0.090852 1.062964 0.092360
v 0.081765 1.051675 0.094167
v 0.075013 1.038795 0.095510
v 0.070855 1.024819 0.096337
v 0.069451 1.010285 0.096617
v 0.127985 1.083353 0.082083
v 0.114010 1.079114 0.082083
v 0.101130 1.072229 0.082083
v 0.089840 1.062964 0.082083
v 0.080575 1.051675 0.082083
v 0.073690 1.038795 0.082083
v 0.069451 1.024819 0.082083
v 0.068020 1.010285 0.082082
v 0.128265 1.083353 0.079247
v 0.114557 1.079114 0.076521
v 0.101925 1.072229 0.074008
v 0.090852 1.062964 0.071805
v 0.081765 1.051675 0.069998
v 0.075013 1.038795 0.068655
v 0.070855 1.024819 0.067828
v 0.069451 1.010285 0.067548
v 0.129092 1.083353 0.076521
v 0.116180 1.079114 0.071172
v 0.104280 1.072229 0.066243
v 0.093850 1.062964 0.061923
v 0.085290 1.051675 0.058377
v 0.078930 1.038795 0.055743
v 0.075013 1.024819 0.054120
v 0.073691 1.010285 0.053573
v 0.130435 1.083353 0.074008
v 0.118814 1.079114 0.066243
v 0.108105 1.072229 0.059087
v 0.098718 1.062964 0.052815
v 0.091015 1.051675 0.047668
v 0.085290 1.038795 0.043843
v 0.081765 1.024819 0.041488
v 0.080575 1.010285 0.040693
v 0.132242 1.083353 0.071805
v 0.122360 1.079114 0.061923
v 0.113252 1.072229 0.052815
v 0.105269 1.062964 0.044833
v 0.098718 1.051675 0.038281
v 0.093850 1.038795 0.033413
v 0.090852 1.024819 0.030415
v 0.089840 1.010285 0.029403
v 0.134445 1.083353 0.069998
v 0.126680 1.079114 0.058377
v 0.119524 1.072229 0.047668
v 0.113252 1.062964 0.038281
v 0.108105 1.051675 0.030578
v 0.104280 1.038795 0.024853
v 0.101925 1.024819 0.021328
v 0.101130 1.010285 0.020138
v 0.136957 1.083353 0.068655
v 0.131609 1.079114 0.055743
v 0.126680 1.072229 0.043843
v 0.122360 1.062964 0.033413
v 0.118814 1.051675 0.024853
v 0.116180 1.038795 0.018493
v 0.114557 1.024819 0.014576
v 0.114010 1.010285 0.013254
v 0.139684 1.083353 0.067828
v 0.136957 1.079114 0.054120
v 0.134445 1.072229 0.041488
v 0.132242 1.062964 0.030415
v 0.130435 1.051675 0.021328
v 0.129092 1.038795 0.014576
v 0.128265 1.024819 0.010418
v 0.127985 1.010285 0.009014
v 0.142520 1.083353 0.067548
v 0.142520 1.079114 0.053573
v 0.142520 1.062964 0.029403
v 0.142520 1.038795 0.013254
v 0.142520 0.480189 0.007827
v 0.142520 1.010285 0.007827
v 0.157006 0.480189 0.009254
v 0.157006 1.010285 0.009254
v 0.170936 0.480189 0.013480
v 0.170936 1.010285 0.013480
v 0.183774 0.480189 0.020341
v 0.183774 1.010285 0.020341
v 0.195026 0.480189 0.029576
v 0.195026 1.010285 0.029576
v 0.204261 0.480189 0.040828
v 0.204261 1.010285 0.040828
v 0.211122 0.480189 0.053666
v 0.211122 1.010285 0.053666
v 0.215348 0.480189 0.067596
v 0.215348 1.010285 0.067596
v 0.216775 0.480189 0.082083
v 0.216775 1.010285 0.082083
v 0.215348 0.480189 0.096569
v 0.215348 1.010285 0.096569
v 0.211122 0.480189 0.110499
v 0.211122 1.010285 0.110499
v 0.204261 0.480189 0.123337
v 0.204261 1.010285 0.123337
v 0.195026 0.480189 0.134589
v 0.195026 1.010285 0.134589
v 0.183774 0.480189 0.143824
v 0.183774 1.010285 0.143824
v 0.170936 0.480189 0.150685
v 0.170936 1.010285 0.150685
v 0.157006 0.480189 0.154911
v 0.157006 1.010285 0.154911
v 0.142520 0.480189 0.156338
v 0.142520 1.010285 0.156338
v 0.128033 0.480189 0.154911
v 0.128033 1.010285 0.154911
v 0.114103 0.480189 0.150685
v 0.114103 1.010285 0.150685
v 0.101265 0.480189 0.143824
v 0.101265 1.010285 0.143824
v 0.090013 0.480189 0.134589
v 0.090013 1.010285 0.134589
v 0.080778 0.480189 0.123337
v 0.080778 1.010285 0.123337
v 0.073917 0.480189 0.110499
v 0.073917 1.010285 0.110499
v 0.069691 0.480189 0.096569
v 0.069691 1.010285 0.096569
v 0.068264 0.480189 0.082083
v 0.068264 1.010285 0.082083
v 0.069691 0.480189 0.067596
v 0.069691 1.010285 0.067596
v 0.073917 0.480189 0.053666
v 0.073917 1.010285 0.053666
v 0.080778 0.480189 0.040828
v 0.080778 1.010285 0.040828
v 0.090013 0.480189 0.029576
v 0.090013 1.010285 0.029576
v 0.101265 0.480189 0.020341
v 0.101265 1.010285 0.020341
v 0.114103 0.480189 0.013480
v 0.114103 1.010285 0.013480
v 0.128033 0.480189 0.009254
v 0.128033 1.010285 0.009254
v 0.222367 1.808759 -0.001173
v 0.222367 1.947298 -0.001173
v 0.158059 1.808759 0.130349
v 0.158059 1.947298 0.130349
v 0.062876 1.808759 -0.001173
v 0.062876 1.947298 -0.001173
v 0.138711 1.808759 0.130349
v 0.138711 1.947298 0.130349
v 0.142520 0.549084 0.168592
v 0.142520 0.476558 0.168592
v 0.125642 0.549084 0.166929
v 0.125642 0.476558 0.166929
v 0.109414 0.549084 0.162007
v 0.109414 0.476558 0.162007
v 0.094458 0.549084 0.154012
v 0.094458 0.476558 0.154012
v 0.081348 0.549084 0.143254
v 0.081348 0.476558 0.143254
v 0.070590 0.549084 0.130144
v 0.070590 0.476558 0.130144
v 0.062595 0.549084 0.115188
v 0.062595 0.476558 0.115188
v 0.057673 0.549084 0.098960
v 0.057673 0.476558 0.098960
v 0.056010 0.549084 0.082083
v 0.056010 0.476558 0.082083
v 0.057673 0.549084 0.065205
v 0.057673 0.476558 0.065205
v 0.062595 0.549084 0.048977
v 0.062595 0.476558 0.048977
v 0.070590 0.549084 0.034021
v 0.070590 0.476558 0.034021
v 0.081348 0.549084 0.020911
v 0.081348 0.476558 0.020911
v 0.094458 0.549084 0.010153
v 0.094458 0.476558 0.010153
v 0.109414 0.549084 0.002158
v 0.109414 0.476558 0.002158
v 0.125642 0.549084 -0.002764
v 0.125642 0.476558 -0.002764
v 0.142520 0.549084 -0.004427
v 0.142520 0.476558 -0.004427
v 0.159397 0.549084 -0.002764
v 0.159397 0.476558 -0.002764
v 0.175625 0.549084 0.002158
v 0.175625 0.476558 0.002158
v 0.190581 0.549084 0.010153
v 0.190581 0.476558 0.010153
v 0.203691 0.549084 0.020911
v 0.203691 0.476558 0.020911
v 0.214449 0.549084 0.034021
v 0.214449 0.476558 0.034021
v 0.222444 0.549084 0.048977
v 0.222444 0.476558 0.048977
v 0.227366 0.549084 0.065205
v 0.227366 0.476558 0.065205
v 0.229029 0.549084 0.082083
v 0.229029 0.476558 0.082083
v 0.227366 0.549084 0.098960
v 0.227366 0.476558 0.098960
v 0.222444 0.549084 0.115188
v 0.222444 0.476558 0.115188
v 0.214449 0.549084 0.130144
v 0.214449 0.476558 0.130144
v 0.203691 0.549084 0.143254
v 0.203691 0.476558 0.143254
v 0.190581 0.549084 0.154012
v 0.190581 0.476558 0.154012
v 0.175625 0.549084 0.162007
v 0.175625 0.476558 0.162007
v 0.159397 0.549084 0.166929
v 0.159397 0.476558 0.166929
v 0.160436 1.097846 0.076815
v 0.170972 1.097846 0.076815
v 0.160436 1.096818 0.076916
v 0.170972 1.096818 0.076916
v 0.160436 1.095830 0.077216
v 0.170972 1.095830 0.077216
v 0.160436 1.094919 0.077702
v 0.170972 1.094919 0.077702
v 0.160436 1.094121 0.078358
v 0.170972 1.094121 0.078358
v 0.160436 1.093466 0.079156
v 0.170972 1.093466 0.079156
v 0.160436 1.092979 0.080067
v 0.170972 1.092979 0.080067
v 0.160436 1.092680 0.081055
v 0.170972 1.092680 0.081055
v 0.160436 1.092578 0.082083
v 0.170972 1.092578 0.082083
v 0.160436 1.092680 0.083110
v 0.170972 1.092680 0.083110
v 0.160436 1.092979 0.084098
v 0.170972 1.092979 0.084098
v 0.160436 1.093466 0.085009
v 0.170972 1.093466 0.085009
v 0.160436 1.094121 0.085807
v 0.170972 1.094121 0.085807
v 0.160436 1.094919 0.086463
v 0.170972 1.094919 0.086463
v 0.160436 1.095830 0.086949
v 0.170972 1.095830 0.086949
v 0.160436 1.096818 0.087249
v 0.170972 1.096818 0.087249
v 0.160436 1.097846 0.087350
v 0.170972 1.097846 0.087350
v 0.160436 1.098874 0.087249
v 0.170972 1.098874 0.087249
v 0.160436 1.099862 0.086949
v 0.170972 1.099862 0.086949
v 0.160436 1.100773 0.086463
v 0.170972 1.100773 0.086463
v 0.160436 1.101571 0.085807
v 0.170972 1.101571 0.085807
v 0.160436 1.102226 0.085009
v 0.170972 1.102226 0.085009
v 0.160436 1.102713 0.084098
v 0.170972 1.102713 0.084098
v 0.160436 1.103013 0.083110
v 0.170972 1.103013 0.083110
v 0.160436 1.103114 0.082083
v 0.170972 1.103114 0.082083
v 0.160436 1.103013 0.081055
v 0.170972 1.103013 0.081055
v 0.160436 1.102713 0.080067
v 0.170972 1.102713 0.080067
v 0.160436 1.102226 0.079156
v 0.170972 1.102226 0.079156
v 0.160436 1.101571 0.078358
v 0.170972 1.101571 0.078358
v 0.160436 1.100773 0.077702
v 0.170972 1.100773 0.077702
v 0.160436 1.099862 0.077216
v 0.170972 1.099862 0.077216
v 0.160436 1.098874 0.076916
v 0.170972 1.098874 0.076916
v 0.196918 1.096859 0.076815
v 0.196712 1.095852 0.076916
v 0.196514 1.094884 0.077216
v 0.196332 1.093992 0.077702
v 0.196172 1.093210 0.078358
v 0.196041 1.092568 0.079156
v 0.195943 1.092091 0.080067
v 0.195883 1.091797 0.081055
v 0.195863 1.091698 0.082083
v 0.195883 1.091797 0.083110
v 0.195943 1.092091 0.084098
v 0.196041 1.092568 0.085009
v 0.196172 1.093210 0.085807
v 0.196332 1.093992 0.086463
v 0.196514 1.094884 0.086949
v 0.196712 1.095852 0.087249
v 0.196918 1.096859 0.087350
v 0.197124 1.097866 0.087249
v 0.197322 1.098834 0.086949
v 0.197504 1.099726 0.086463
v 0.197664 1.100508 0.085807
v 0.197795 1.101150 0.085009
v 0.197893 1.101627 0.084098
v 0.197953 1.101921 0.083110
v 0.197973 1.102020 0.082083
v 0.197953 1.101921 0.081055
v 0.197893 1.101627 0.080067
v 0.197795 1.101150 0.079156
v 0.197664 1.100508 0.078358
v 0.197504 1.099726 0.077702
v 0.197322 1.098834 0.077216
v 0.197124 1.097866 0.076916
v 0.248046 1.090795 0.076815
v 0.247593 1.089873 0.076916
v 0.247158 1.088985 0.077216
v 0.246756 1.088168 0.077702
v 0.246404 1.087451 0.078358
v 0.246116 1.086863 0.079156
v 0.245901 1.086426 0.080067
v 0.245769 1.086157 0.081055
v 0.245724 1.086066 0.082083
v 0.245769 1.086157 0.083110
v 0.245901 1.086426 0.084098
v 0.246116 1.086863 0.085009
v 0.246404 1.087451 0.085807
v 0.246756 1.088168 0.086463
v 0.247158 1.088985 0.086949
v 0.247593 1.089873 0.087249
v 0.248046 1.090795 0.087350
v 0.248499 1.091718 0.087249
v 0.248935 1.092605 0.086949
v 0.249336 1.093422 0.086463
v 0.249688 1.094139 0.085807
v 0.249976 1.094727 0.085009
v 0.250191 1.095164 0.084098
v 0.250323 1.095433 0.083110
v 0.250368 1.095524 0.082083
v 0.250323 1.095433 0.081055
v 0.250191 1.095164 0.080067
v 0.249976 1.094727 0.079156
v 0.249688 1.094139 0.078358
v 0.249336 1.093422 0.077702
v 0.248935 1.092605 0.077216
v 0.248499 1.091718 0.076916
v 0.271007 1.079522 0.076815
v 0.270176 1.078918 0.076916
v 0.269376 1.078336 0.077216
v 0.268640 1.077801 0.077702
v 0.267994 1.077332 0.078358
v 0.267464 1.076946 0.079156
v 0.267071 1.076660 0.080067
v 0.266828 1.076484 0.081055
v 0.266746 1.076424 0.082083
v 0.266828 1.076484 0.083110
v 0.267071 1.076660 0.084098
v 0.267464 1.076946 0.085009
v 0.267994 1.077332 0.085807
v 0.268640 1.077801 0.086463
v 0.269376 1.078336 0.086949
v 0.270176 1.078918 0.087249
v 0.271007 1.079522 0.087350
v 0.271838 1.080127 0.087249
v 0.272637 1.080708 0.086949
v 0.273374 1.081243 0.086463
v 0.274020 1.081713 0.085807
v 0.274550 1.082098 0.085009
v 0.274943 1.082384 0.084098
v 0.275186 1.082560 0.083110
v 0.275268 1.082620 0.082083
v 0.275186 1.082560 0.081055
v 0.274943 1.082384 0.080067
v 0.274550 1.082098 0.079156
v 0.274020 1.081713 0.078358
v 0.273374 1.081243 0.077702
v 0.272637 1.080708 0.077216
v 0.271838 1.080127 0.076916
v 0.278880 1.068694 0.076815
v 0.277892 1.068411 0.076916
v 0.276942 1.068140 0.077216
v 0.276066 1.067890 0.077702
v 0.275299 1.067671 0.078358
v 0.274669 1.067491 0.079156
v 0.274201 1.067357 0.080067
v 0.273912 1.067275 0.081055
v 0.273815 1.067247 0.082083
v 0.273912 1.067275 0.083110
v 0.274201 1.067357 0.084098
v 0.274669 1.067491 0.085009
v 0.275299 1.067671 0.085807
v 0.276066 1.067890 0.086463
v 0.276942 1.068140 0.086949
v 0.277892 1.068411 0.087249
v 0.278880 1.068694 0.087350
v 0.279869 1.068976 0.087249
v 0.280819 1.069247 0.086949
v 0.281695 1.069497 0.086463
v 0.282462 1.069716 0.085807
v 0.283092 1.069896 0.085009
v 0.283560 1.070030 0.084098
v 0.283848 1.070112 0.083110
v 0.283946 1.070140 0.082083
v 0.283848 1.070112 0.081055
v 0.283560 1.070030 0.080067
v 0.283092 1.069896 0.079156
v 0.282462 1.069716 0.078358
v 0.281695 1.069497 0.077702
v 0.280819 1.069247 0.077216
v 0.279869 1.068976 0.076916
v 0.282596 1.055215 0.076815
v 0.281568 1.055203 0.076916
v 0.280580 1.055190 0.077216
v 0.279669 1.055179 0.077702
v 0.278871 1.055169 0.078358
v 0.278216 1.055161 0.079156
v 0.277729 1.055155 0.080067
v 0.277429 1.055152 0.081055
v 0.277328 1.055151 0.082083
v 0.277429 1.055152 0.083110
v 0.277729 1.055155 0.084098
v 0.278216 1.055161 0.085009
v 0.278871 1.055169 0.085807
v 0.279669 1.055179 0.086463
v 0.280580 1.055190 0.086949
v 0.281568 1.055203 0.087249
v 0.282596 1.055215 0.087350
v 0.283623 1.055228 0.087249
v 0.284611 1.055240 0.086949
v 0.285522 1.055251 0.086463
v 0.286320 1.055261 0.085807
v 0.286975 1.055269 0.085009
v 0.287462 1.055275 0.084098
v 0.287762 1.055279 0.083110
v 0.287863 1.055280 0.082083
v 0.287762 1.055279 0.081055
v 0.287462 1.055275 0.080067
v 0.286975 1.055269 0.079156
v 0.286320 1.055261 0.078358
v 0.285522 1.055251 0.077702
v 0.284611 1.055240 0.077216
v 0.283623 1.055228 0.076916
v 0.282783 1.039967 0.076815
v 0.281765 1.040107 0.076916
v 0.280786 1.040243 0.077216
v 0.279884 1.040368 0.077702
v 0.279093 1.040478 0.078358
v 0.278444 1.040567 0.079156
v 0.277962 1.040634 0.080067
v 0.277665 1.040675 0.081055
v 0.277565 1.040689 0.082083
v 0.277665 1.040675 0.083110
v 0.277962 1.040634 0.084098
v 0.278444 1.040567 0.085009
v 0.279093 1.040478 0.085807
v 0.279884 1.040368 0.086463
v 0.280786 1.040243 0.086949
v 0.281765 1.040107 0.087249
v 0.282783 1.039967 0.087350
v 0.283801 1.039826 0.087249
v 0.284780 1.039690 0.086949
v 0.285682 1.039565 0.086463
v 0.286473 1.039456 0.085807
v 0.287122 1.039366 0.085009
v 0.287604 1.039299 0.084098
v 0.287901 1.039258 0.083110
v 0.288001 1.039244 0.082083
v 0.287901 1.039258 0.081055
v 0.287604 1.039299 0.080067
v 0.287122 1.039366 0.079156
v 0.286473 1.039456 0.078358
v 0.285682 1.039565 0.077702
v 0.284780 1.039690 0.077216
v 0.283801 1.039826 0.076916
v 0.277295 1.000330 0.076815
v 0.276304 1.000604 0.076916
v 0.275351 1.000867 0.077216
v 0.274474 1.001110 0.077702
v 0.273704 1.001323 0.078358
v 0.273073 1.001497 0.079156
v 0.272604 1.001627 0.080067
v 0.272315 1.001707 0.081055
v 0.272217 1.001734 0.082083
v 0.272315 1.001707 0.083110
v 0.272604 1.001627 0.084098
v 0.273073 1.001497 0.085009
v 0.273704 1.001323 0.085807
v 0.274474 1.001110 0.086463
v 0.275351 1.000867 0.086949
v 0.276304 1.000604 0.087249
v 0.277295 1.000330 0.087350
v 0.278285 1.000056 0.087249
v 0.279238 0.999793 0.086949
v 0.280115 0.999550 0.086463
v 0.280885 0.999338 0.085807
v 0.281516 0.999163 0.085009
v 0.281985 0.999033 0.084098
v 0.282274 0.998953 0.083110
v 0.282372 0.998927 0.082083
v 0.282274 0.998953 0.081055
v 0.281985 0.999033 0.080067
v 0.281516 0.999163 0.079156
v 0.280885 0.999338 0.078358
v 0.280115 0.999550 0.077702
v 0.279238 0.999793 0.077216
v 0.278285 1.000056 0.076916
v 0.262726 0.958724 0.076815
v 0.261776 0.959115 0.076916
v 0.260862 0.959491 0.077216
v 0.260020 0.959837 0.077702
v 0.259281 0.960140 0.078358
v 0.258675 0.960390 0.079156
v 0.258225 0.960575 0.080067
v 0.257948 0.960689 0.081055
v 0.257854 0.960727 0.082082
v 0.257948 0.960689 0.083110
v 0.258225 0.960575 0.084098
v 0.258675 0.960390 0.085009
v 0.259281 0.960140 0.085807
v 0.260020 0.959837 0.086463
v 0.260862 0.959491 0.086949
v 0.261776 0.959115 0.087249
v 0.262726 0.958724 0.087350
v 0.263677 0.958333 0.087249
v 0.264591 0.957958 0.086949
v 0.265433 0.957612 0.086463
v 0.266172 0.957308 0.085807
v 0.266778 0.957059 0.085009
v 0.267228 0.956874 0.084098
v 0.267505 0.956760 0.083110
v 0.267599 0.956721 0.082082
v 0.267505 0.956760 0.081055
v 0.267228 0.956874 0.080067
v 0.266778 0.957059 0.079156
v 0.266172 0.957308 0.078358
v 0.265433 0.957612 0.077702
v 0.264591 0.957958 0.077216
v 0.263677 0.958333 0.076916
v 0.254458 0.928166 0.076815
v 0.253508 0.928556 0.076916
v 0.252594 0.928932 0.077216
v 0.251752 0.929278 0.077702
v 0.251013 0.929582 0.078358
v 0.250407 0.929831 0.079156
v 0.249957 0.930016 0.080067
v 0.249680 0.930130 0.081055
v 0.249586 0.930169 0.082082
v 0.249680 0.930130 0.083110
v 0.249957 0.930016 0.084098
v 0.250407 0.929831 0.085009
v 0.251013 0.929582 0.085807
v 0.251752 0.929278 0.086463
v 0.252594 0.928932 0.086949
v 0.253508 0.928556 0.087249
v 0.254458 0.928166 0.087350
v 0.255409 0.927775 0.087249
v 0.256323 0.927399 0.086949
v 0.257165 0.927053 0.086463
v 0.257904 0.926749 0.085807
v 0.258510 0.926500 0.085009
v 0.258960 0.926315 0.084098
v 0.259237 0.926201 0.083110
v 0.259331 0.926163 0.082082
v 0.259237 0.926201 0.081055
v 0.258960 0.926315 0.080067
v 0.258510 0.926500 0.079156
v 0.257904 0.926749 0.078358
v 0.257165 0.927053 0.077702
v 0.256323 0.927399 0.077216
v 0.255409 0.927775 0.076916
v 0.247039 0.909059 0.076815
v 0.246018 0.909175 0.076916
v 0.245036 0.909288 0.077216
v 0.244131 0.909391 0.077702
v 0.243338 0.909482 0.078358
v 0.242687 0.909556 0.079156
v 0.242204 0.909611 0.080067
v 0.241906 0.909645 0.081055
v 0.241805 0.909657 0.082083
v 0.241906 0.909645 0.083110
v 0.242204 0.909611 0.084098
v 0.242687 0.909556 0.085009
v 0.243338 0.909482 0.085807
v 0.244131 0.909391 0.086463
v 0.245036 0.909288 0.086949
v 0.246018 0.909175 0.087249
v 0.247039 0.909059 0.087350
v 0.248060 0.908942 0.087249
v 0.249042 0.908830 0.086949
v 0.249947 0.908727 0.086463
v 0.250740 0.908636 0.085807
v 0.251391 0.908562 0.085009
v 0.251874 0.908506 0.084098
v 0.252172 0.908472 0.083110
v 0.252273 0.908461 0.082083
v 0.252172 0.908472 0.081055
v 0.251874 0.908506 0.080067
v 0.251391 0.908562 0.079156
v 0.250740 0.908636 0.078358
v 0.249947 0.908727 0.077702
v 0.249042 0.908830 0.077216
v 0.248060 0.908942 0.076916
v 0.243891 0.892670 0.076815
v 0.242864 0.892632 0.076916
v 0.241876 0.892595 0.077216
v 0.240966 0.892561 0.077702
v 0.240169 0.892531 0.078358
v 0.239514 0.892507 0.079156
v 0.239027 0.892489 0.080067
v 0.238728 0.892478 0.081055
v 0.238627 0.892474 0.082082
v 0.238728 0.892478 0.083110
v 0.239027 0.892489 0.084098
v 0.239514 0.892507 0.085009
v 0.240169 0.892531 0.085807
v 0.240966 0.892561 0.086463
v 0.241876 0.892595 0.086949
v 0.242864 0.892632 0.087249
v 0.243891 0.892670 0.087350
v 0.244918 0.892708 0.087249
v 0.245905 0.892745 0.086949
v 0.246816 0.892779 0.086463
v 0.247613 0.892808 0.085807
v 0.248268 0.892833 0.085009
v 0.248754 0.892851 0.084098
v 0.249054 0.892862 0.083110
v 0.249155 0.892866 0.082082
v 0.249054 0.892862 0.081055
v 0.248754 0.892851 0.080067
v 0.248268 0.892833 0.079156
v 0.247613 0.892808 0.078358
v 0.246816 0.892779 0.077702
v 0.245905 0.892745 0.077216
v 0.244918 0.892708 0.076916
v 0.226992 0.827873 0.076815
v 0.225965 0.827835 0.076916
v 0.224978 0.827798 0.077216
v 0.224068 0.827764 0.077702
v 0.223270 0.827734 0.078358
v 0.222615 0.827710 0.079156
v 0.222129 0.827692 0.080067
v 0.221829 0.827681 0.081055
v 0.221728 0.827677 0.082082
v 0.221829 0.827681 0.083110
v 0.222129 0.827692 0.084098
v 0.222615 0.827710 0.085009
v 0.223270 0.827734 0.085807
v 0.224068 0.827764 0.086463
v 0.224978 0.827798 0.086949
v 0.225965 0.827835 0.087249
v 0.226992 0.827873 0.087350
v 0.228019 0.827911 0.087249
v 0.229007 0.827948 0.086949
v 0.229917 0.827982 0.086463
v 0.230715 0.828011 0.085807
v 0.231369 0.828036 0.085009
v 0.231856 0.828054 0.084098
v 0.232155 0.828065 0.083110
v 0.232257 0.828069 0.082082
v 0.232155 0.828065 0.081055
v 0.231856 0.828054 0.080067
v 0.231369 0.828036 0.079156
v 0.230715 0.828011 0.078358
v 0.229917 0.827982 0.077702
v 0.229007 0.827948 0.077216
v 0.228019 0.827911 0.076916
v 0.232155 0.689216 0.076814
v 0.231134 0.689330 0.076916
v 0.230152 0.689441 0.077215
v 0.229247 0.689543 0.077702
v 0.228454 0.689632 0.078357
v 0.227803 0.689705 0.079155
v 0.227319 0.689760 0.080066
v 0.227021 0.689793 0.081054
v 0.226920 0.689805 0.082082
v 0.227021 0.689793 0.083110
v 0.227319 0.689760 0.084098
v 0.227803 0.689705 0.085009
v 0.228454 0.689632 0.085807
v 0.229247 0.689543 0.086462
v 0.230152 0.689441 0.086949
v 0.231134 0.689330 0.087249
v 0.232155 0.689216 0.087350
v 0.233177 0.689101 0.087249
v 0.234159 0.688990 0.086949
v 0.235064 0.688888 0.086462
v 0.235857 0.688799 0.085807
v 0.236508 0.688726 0.085009
v 0.236992 0.688672 0.084098
v 0.237289 0.688638 0.083110
v 0.237390 0.688627 0.082082
v 0.237289 0.688638 0.081054
v 0.236992 0.688672 0.080066
v 0.236508 0.688726 0.079155
v 0.235857 0.688799 0.078357
v 0.235064 0.688888 0.077702
v 0.234159 0.688990 0.077215
v 0.233177 0.689101 0.076916
v 0.224921 0.624909 0.076814
v 0.223895 0.624849 0.076916
v 0.222908 0.624792 0.077215
v 0.221999 0.624738 0.077702
v 0.221202 0.624692 0.078357
v 0.220548 0.624654 0.079156
v 0.220062 0.624625 0.080066
v 0.219763 0.624608 0.081055
v 0.219662 0.624602 0.082082
v 0.219763 0.624608 0.083110
v 0.220062 0.624625 0.084098
v 0.220548 0.624654 0.085009
v 0.221202 0.624692 0.085807
v 0.221999 0.624738 0.086462
v 0.222908 0.624792 0.086949
v 0.223895 0.624849 0.087249
v 0.224921 0.624909 0.087350
v 0.225947 0.624969 0.087249
v 0.226933 0.625027 0.086949
v 0.227843 0.625080 0.086462
v 0.228639 0.625126 0.085807
v 0.229293 0.625165 0.085009
v 0.229779 0.625193 0.084098
v 0.230079 0.625210 0.083110
v 0.230180 0.625216 0.082082
v 0.230079 0.625210 0.081055
v 0.229779 0.625193 0.080066
v 0.229293 0.625165 0.079156
v 0.228639 0.625126 0.078357
v 0.227843 0.625080 0.077702
v 0.226933 0.625027 0.077215
v 0.225947 0.624969 0.076916
v 0.228248 0.567950 0.076814
v 0.227222 0.567890 0.076915
v 0.226235 0.567832 0.077215
v 0.225326 0.567779 0.077702
v 0.224529 0.567732 0.078357
v 0.223875 0.567694 0.079155
v 0.223389 0.567666 0.080066
v 0.223090 0.567648 0.081054
v 0.222989 0.567642 0.082082
v 0.223090 0.567648 0.083110
v 0.223389 0.567666 0.084098
v 0.223875 0.567694 0.085009
v 0.224529 0.567732 0.085807
v 0.225326 0.567779 0.086462
v 0.226235 0.567832 0.086949
v 0.227222 0.567890 0.087249
v 0.228248 0.567949 0.087350
v 0.229274 0.568009 0.087249
v 0.230260 0.568067 0.086949
v 0.231170 0.568120 0.086462
v 0.231967 0.568167 0.085807
v 0.232621 0.568205 0.085009
v 0.233107 0.568233 0.084098
v 0.233406 0.568251 0.083110
v 0.233507 0.568257 0.082082
v 0.233406 0.568251 0.081054
v 0.233107 0.568233 0.080066
v 0.232621 0.568205 0.079155
v 0.231967 0.568167 0.078357
v 0.231170 0.568120 0.077702
v 0.230260 0.568067 0.077215
v 0.229274 0.568009 0.076915
v 0.123928 1.112286 0.069124
v 0.138665 1.091681 0.068515
v 0.161111 1.091574 0.068123
v 0.140360 1.083750 0.068515
v 0.140360 1.112133 0.068515
v 0.140360 1.091681 0.095650
v 0.140360 1.091681 0.068515
v 0.138665 1.098778 0.068515
v 0.161111 1.098876 0.068123
v 0.140360 1.098778 0.095650
v 0.140360 1.098778 0.068515
v 0.123928 1.101226 0.069124
v 0.161111 1.101238 0.068123
v 0.140360 1.101074 0.095650
v 0.140360 1.101074 0.068515
v 0.123928 1.090859 0.069124
v 0.161111 1.090071 0.068123
v 0.140360 1.090220 0.068515
v 0.140360 1.090220 0.095650
v 0.112801 1.116540 0.071480
v 0.112801 1.109362 0.071480
v 0.100104 1.118319 0.074234
v 0.100104 1.113005 0.074234
v 0.091117 1.118910 0.076702
v 0.091117 1.115267 0.076702
v 0.082272 1.118318 0.078450
v 0.082272 1.115859 0.078450
v 0.074397 1.117846 0.079845
v 0.074397 1.116331 0.079845
v 0.067721 1.117418 0.081109
v 0.067721 1.116759 0.081109
v 0.131296 1.091270 0.068820
v 0.161111 1.090822 0.068123
v 0.140360 1.090951 0.068515
v 0.140360 1.090951 0.095650
v 0.123910 1.091435 0.069124
v 0.123910 1.091435 0.095041
v 0.131215 1.092483 0.095345
v 0.131215 1.092483 0.068820
v 0.123812 1.092221 0.069124
v 0.123812 1.092221 0.095041
v 0.130994 1.093917 0.095345
v 0.130994 1.093917 0.068820
v 0.124618 1.093283 0.072606
v 0.124618 1.093283 0.091559
v 0.129594 1.095373 0.091782
v 0.129594 1.095373 0.072383
v 0.124349 1.093974 0.077347
v 0.124349 1.093974 0.086818
v 0.125357 1.096475 0.086929
v 0.125357 1.096475 0.077236
v 0.121489 1.094253 0.078191
v 0.121489 1.094253 0.085974
v 0.121192 1.096449 0.086065
v 0.121192 1.096449 0.078100
v 0.111854 1.092953 0.078191
v 0.111854 1.092953 0.085974
v 0.111558 1.095149 0.086065
v 0.111558 1.095149 0.078100
v 0.098470 1.091147 0.078191
v 0.098470 1.091147 0.085974
v 0.098173 1.093343 0.086065
v 0.098173 1.093343 0.078100
v 0.080240 1.089172 0.079878
v 0.080240 1.089172 0.084287
v 0.080073 1.090416 0.084339
v 0.080073 1.090416 0.079826
v 0.157805 1.111460 0.068185
v 0.161111 1.108025 0.068123
v 0.159458 1.110953 0.068154
v 0.160668 1.109696 0.068131
v 0.161111 1.085727 0.068123
v 0.158797 1.083451 0.068166
v 0.160801 1.084575 0.068129
v 0.159954 1.083742 0.068145
v 0.125829 1.084571 0.069054
v 0.123928 1.086583 0.069124
v 0.124879 1.084880 0.069089
v 0.124183 1.085616 0.069114
v 0.123928 1.112286 0.094371
v 0.123928 1.111615 0.095041
v 0.123928 1.112090 0.094845
v 0.139460 1.091681 0.095650
v 0.138665 1.091681 0.094981
v 0.138898 1.091681 0.095454
v 0.160448 1.091578 0.096030
v 0.161111 1.091574 0.095379
v 0.160917 1.091575 0.095844
v 0.140360 1.084413 0.095650
v 0.140360 1.083750 0.094987
v 0.140360 1.083944 0.095455
v 0.140360 1.111463 0.095650
v 0.140360 1.112133 0.094982
v 0.140360 1.111937 0.095454
v 0.139462 1.098778 0.095650
v 0.138665 1.098778 0.094980
v 0.138898 1.098778 0.095454
v 0.161111 1.098876 0.095379
v 0.160448 1.098873 0.096030
v 0.160917 1.098875 0.095844
v 0.124815 1.101259 0.095074
v 0.123928 1.101226 0.094371
v 0.124188 1.101236 0.094854
v 0.161111 1.101238 0.095378
v 0.160448 1.101233 0.096030
v 0.160917 1.101237 0.095844
v 0.160448 1.090075 0.096030
v 0.161111 1.090071 0.095379
v 0.160917 1.090072 0.095844
v 0.123901 1.091520 0.095042
v 0.124639 1.090831 0.095067
v 0.124128 1.091045 0.095049
v 0.112801 1.116540 0.092013
v 0.112801 1.115870 0.092685
v 0.112801 1.116344 0.092488
v 0.112801 1.110062 0.092685
v 0.112801 1.109362 0.092013
v 0.112801 1.109567 0.092488
v 0.100104 1.118319 0.089258
v 0.100104 1.117649 0.089931
v 0.100104 1.118123 0.089734
v 0.100104 1.113698 0.089931
v 0.100104 1.113005 0.089258
v 0.100104 1.113208 0.089734
v 0.091117 1.118910 0.086790
v 0.091117 1.118241 0.087463
v 0.091117 1.118714 0.087266
v 0.091117 1.115955 0.087463
v 0.091117 1.115267 0.086789
v 0.091117 1.115469 0.087266
v 0.082272 1.118318 0.085041
v 0.082272 1.117650 0.085715
v 0.082272 1.118122 0.085518
v 0.082272 1.116543 0.085715
v 0.082272 1.115859 0.085041
v 0.082272 1.116059 0.085518
v 0.074397 1.117846 0.083646
v 0.074397 1.117179 0.084320
v 0.074397 1.117651 0.084123
v 0.074397 1.117013 0.084320
v 0.074397 1.116331 0.083646
v 0.074397 1.116531 0.084123
v 0.067721 1.116759 0.083056
v 0.067721 1.117418 0.082383
v 0.067721 1.117225 0.082859
v 0.067721 1.116759 0.082383
v 0.067721 1.117418 0.083056
v 0.067721 1.116952 0.082859
v 0.131291 1.091730 0.094861
v 0.132221 1.091238 0.095376
v 0.131566 1.091395 0.095213
v 0.161111 1.090822 0.095379
v 0.160448 1.090827 0.096030
v 0.160917 1.090824 0.095844
v 0.160448 1.107938 0.096030
v 0.161111 1.108025 0.095378
v 0.160917 1.107999 0.095844
v 0.157719 1.110794 0.095978
v 0.157805 1.111460 0.095313
v 0.157780 1.111265 0.095784
v 0.160072 1.109360 0.096023
v 0.160668 1.109696 0.095369
v 0.160493 1.109597 0.095836
v 0.159100 1.110370 0.096004
v 0.159458 1.110953 0.095345
v 0.159353 1.110782 0.095814
v 0.158722 1.084115 0.095997
v 0.158797 1.083451 0.095336
v 0.158775 1.083645 0.095804
v 0.160448 1.085814 0.096030
v 0.161111 1.085727 0.095379
v 0.160917 1.085753 0.095845
v 0.159618 1.084340 0.096014
v 0.159954 1.083742 0.095358
v 0.159856 1.083917 0.095824
v 0.160208 1.084921 0.096025
v 0.160801 1.084575 0.095374
v 0.160627 1.084676 0.095839
v 0.124638 1.086489 0.095067
v 0.123928 1.086583 0.094378
v 0.124136 1.086555 0.094855
v 0.125954 1.085227 0.095116
v 0.125829 1.084571 0.094449
v 0.125866 1.084764 0.094919
v 0.124780 1.085949 0.095073
v 0.124183 1.085616 0.094388
v 0.124358 1.085714 0.094863
v 0.125244 1.085458 0.095090
v 0.124879 1.084880 0.094413
v 0.124986 1.085049 0.094886
v 0.167418 1.097925 0.075556
v 0.167418 1.096652 0.075682
v 0.167418 1.095427 0.076053
v 0.167418 1.094299 0.076656
v 0.167418 1.093310 0.077468
v 0.167418 1.092498 0.078457
v 0.167418 1.091895 0.079585
v 0.167418 1.091524 0.080809
v 0.167418 1.091398 0.082083
v 0.167418 1.091524 0.083356
v 0.167418 1.091895 0.084580
v 0.167418 1.092498 0.085708
v 0.167418 1.093310 0.086697
v 0.167418 1.094299 0.087509
v 0.167418 1.095427 0.088112
v 0.167418 1.096652 0.088483
v 0.167418 1.097925 0.088609
v 0.167418 1.099198 0.088483
v 0.167418 1.100422 0.088112
v 0.167418 1.101551 0.087509
v 0.167418 1.102540 0.086697
v 0.167418 1.103351 0.085708
v 0.167418 1.103954 0.084580
v 0.167418 1.104326 0.083356
v 0.167418 1.104451 0.082083
v 0.167418 1.104326 0.080809
v 0.167418 1.103954 0.079585
v 0.167418 1.103351 0.078457
v 0.167418 1.102540 0.077468
v 0.167418 1.101551 0.076656
v 0.167418 1.100422 0.076053
v 0.167418 1.099198 0.075682
v 0.190570 1.097925 0.075556
v 0.190399 1.096663 0.075682
v 0.190234 1.095450 0.076053
v 0.190082 1.094332 0.076656
v 0.189949 1.093352 0.077468
v 0.189839 1.092548 0.078457
v 0.189758 1.091950 0.079585
v 0.189708 1.091582 0.080809
v 0.189691 1.091458 0.082083
v 0.189708 1.091582 0.083356
v 0.189758 1.091950 0.084580
v 0.189839 1.092548 0.085708
v 0.189949 1.093352 0.086697
v 0.190082 1.094332 0.087509
v 0.190234 1.095450 0.088112
v 0.190399 1.096663 0.088483
v 0.190570 1.097925 0.088609
v 0.190742 1.099186 0.088483
v 0.190907 1.100399 0.088112
v 0.191059 1.101517 0.087509
v 0.191192 1.102497 0.086697
v 0.191302 1.103302 0.085708
v 0.191383 1.103899 0.084580
v 0.191433 1.104267 0.083356
v 0.191450 1.104392 0.082083
v 0.191433 1.104267 0.080809
v 0.191383 1.103899 0.079585
v 0.191302 1.103302 0.078457
v 0.191192 1.102497 0.077468
v 0.191059 1.101517 0.076656
v 0.190907 1.100399 0.076053
v 0.190742 1.099186 0.075682
v 0.199562 1.096702 0.075556
v 0.199307 1.095454 0.075682
v 0.199062 1.094255 0.076053
v 0.198836 1.093149 0.076656
v 0.198638 1.092181 0.077468
v 0.198475 1.091385 0.078457
v 0.198354 1.090795 0.079585
v 0.198280 1.090431 0.080809
v 0.198255 1.090308 0.082083
v 0.198280 1.090431 0.083356
v 0.198354 1.090795 0.084580
v 0.198475 1.091385 0.085708
v 0.198638 1.092181 0.086697
v 0.198836 1.093149 0.087509
v 0.199062 1.094255 0.088112
v 0.199307 1.095454 0.088483
v 0.199562 1.096702 0.088609
v 0.199817 1.097949 0.088483
v 0.200062 1.099149 0.088112
v 0.200288 1.100254 0.087509
v 0.200486 1.101223 0.086697
v 0.200649 1.102018 0.085708
v 0.200770 1.102609 0.084580
v 0.200844 1.102973 0.083356
v 0.200869 1.103096 0.082083
v 0.200844 1.102973 0.080809
v 0.200770 1.102609 0.079585
v 0.200649 1.102018 0.078457
v 0.200486 1.101223 0.077468
v 0.200288 1.100254 0.076656
v 0.200062 1.099149 0.076053
v 0.199817 1.097949 0.075682
v 0.300000 2.000000 -0.020000
v 0.300000 0.315769 -0.020000
v 0.300000 2.000000 0.000000
v 0.300000 0.315769 0.000000
v 0.000000 2.000000 -0.020000
v 0.000000 0.315769 -0.020000
v 0.000000 2.000000 0.000000
v 0.000000 0.315769 0.000000
v 0.300000 0.301739 -0.019543
v 0.300000 0.307716 -0.000457
v -0.000000 0.301739 -0.019543
v -0.000000 0.307716 -0.000457
v 0.300000 0.288161 -0.014659
v 0.300000 0.300303 0.001233
v -0.000000 0.288161 -0.014659
v -0.000000 0.300303 0.001233
v 0.300000 0.275611 -0.004648
v 0.300000 0.291432 0.007587
v -0.000000 0.275611 -0.004648
v -0.000000 0.291432 0.007587
v 0.300000 0.263915 0.006061
v 0.300000 0.281494 0.015598
v -0.000000 0.263915 0.006061
v -0.000000 0.281494 0.015598
v 0.300000 0.078910 0.193222
v 0.300000 0.096489 0.202760
v -0.000000 0.078910 0.193222
v -0.000000 0.096489 0.202760
v 0.300000 0.067178 0.202960
v 0.300000 0.080353 0.218008
v -0.000000 0.067178 0.202960
v -0.000000 0.080353 0.218008
v 0.300000 0.061075 0.208664
v 0.300000 0.070407 0.226354
v -0.000000 0.061075 0.208664
v -0.000000 0.070407 0.226354
v 0.300000 0.055455 0.211770
v 0.300000 0.061890 0.230706
v -0.000000 0.055455 0.211770
v -0.000000 0.061890 0.230706
v 0.300000 0.050200 0.213784
v 0.300000 0.052577 0.233643
v -0.000000 0.050200 0.213784
v -0.000000 0.052577 0.233643
v 0.300000 0.044519 0.214572
v 0.300000 0.043979 0.234564
v -0.000000 0.044519 0.214572
v -0.000000 0.043979 0.234564
v 0.300000 0.039174 0.214654
v 0.300000 0.034414 0.234079
v -0.000000 0.039174 0.214654
v -0.000000 0.034414 0.234079
v 0.300000 0.032397 0.213389
v 0.300000 0.022484 0.230760
v -0.000000 0.032397 0.213389
v -0.000000 0.022484 0.230760
v 0.300000 0.027200 0.210857
v 0.300000 0.012937 0.224877
v -0.000000 0.027200 0.210857
v -0.000000 0.012937 0.224877
v 0.300000 0.020772 0.205767
v 0.300000 0.001801 0.212100
v -0.000000 0.020772 0.205767
v -0.000000 0.001801 0.212100
v 0.300000 0.018337 0.199897
v 0.300000 -0.001659 0.200308
v -0.000000 0.018337 0.199897
v -0.000000 -0.001659 0.200308
v 0.300000 0.017792 0.173572
v 0.300000 -0.002208 0.173446
v -0.000000 0.017792 0.173572
v -0.000000 -0.002208 0.173446
v 0.300000 0.021023 -0.069776
v 0.300000 0.001023 -0.069903
v -0.000000 0.021023 -0.069776
v -0.000000 0.001023 -0.069903
v 0.144459 1.808759 0.137367
v 0.144459 1.947298 0.137367
v 0.062876 1.808759 -0.001173
v 0.062876 1.947298 -0.001173
v 0.152337 1.808759 0.137367
v 0.152337 1.947298 0.137367
v 0.222367 1.808759 -0.001173
v 0.222367 1.947298 -0.001173
v 0.148142 1.808759 0.137367
v 0.148142 1.947298 0.137367
v 0.070341 1.808759 -0.001173
v 0.146301 1.947298 0.137367
v 0.070341 1.947298 -0.001173
v 0.146301 1.808759 0.137367
v 0.215414 1.947298 -0.001173
v 0.150240 1.808759 0.137367
v 0.215414 1.808759 -0.001173
v 0.150240 1.947298 0.137367
v 0.138711 1.808759 0.130349
v 0.138711 1.947298 0.130349
v 0.158059 1.808759 0.130349
v 0.158059 1.947298 0.130349
v 0.148142 1.947298 0.130349
v 0.148142 1.808759 0.130349
v 0.143427 1.808759 0.130349
v 0.143427 1.947298 0.130349
v 0.153101 1.947298 0.130349
v 0.153101 1.808759 0.130349
vn -0.0000 0.5528 -0.8333
vn -0.0000 0.7041 -0.7101
vn 0.1385 0.7041 -0.6965
vn 0.1626 0.5528 -0.8173
vn -0.0000 0.3805 -0.9248
vn 0.1804 0.3805 -0.9070
vn -0.0000 0.1939 -0.9810
vn 0.1914 0.1939 -0.9622
vn -0.0000 0.0980 -0.9952
vn 0.1942 0.0980 -0.9761
vn -0.0000 0.9796 -0.2010
vn -0.0000 1.0000 -0.0000
vn 0.0392 0.9796 -0.1971
vn -0.0000 0.9217 -0.3879
vn 0.0757 0.9217 -0.3804
vn -0.0000 0.8286 -0.5598
vn 0.1092 0.8286 -0.5490
vn 0.2142 0.8286 -0.5172
vn 0.2718 0.7041 -0.6561
vn 0.3189 0.5528 -0.7699
vn 0.3539 0.3805 -0.8544
vn 0.3754 0.1939 -0.9063
vn 0.3808 0.0980 -0.9194
vn 0.0769 0.9796 -0.1857
vn 0.1484 0.9217 -0.3584
vn 0.5450 0.1939 -0.8157
vn 0.5529 0.0980 -0.8275
vn 0.1117 0.9796 -0.1671
vn 0.2155 0.9217 -0.3225
vn 0.3110 0.8286 -0.4654
vn 0.3945 0.7041 -0.5905
vn 0.4630 0.5528 -0.6929
vn 0.5138 0.3805 -0.7689
vn 0.3958 0.8286 -0.3958
vn 0.5021 0.7041 -0.5021
vn 0.5893 0.5528 -0.5893
vn 0.6539 0.3805 -0.6539
vn 0.6937 0.1939 -0.6937
vn 0.7037 0.0980 -0.7037
vn 0.1421 0.9796 -0.1421
vn 0.2743 0.9217 -0.2743
vn 0.8157 0.1939 -0.5450
vn 0.8275 0.0980 -0.5529
vn 0.1671 0.9796 -0.1117
vn 0.3225 0.9217 -0.2155
vn 0.4654 0.8286 -0.3110
vn 0.5905 0.7041 -0.3945
vn 0.6929 0.5528 -0.4630
vn 0.7689 0.3805 -0.5138
vn 0.6561 0.7041 -0.2718
vn 0.7699 0.5528 -0.3189
vn 0.8544 0.3805 -0.3539
vn 0.9063 0.1939 -0.3754
vn 0.9194 0.0980 -0.3808
vn 0.1857 0.9796 -0.0769
vn 0.3584 0.9217 -0.1484
vn 0.5172 0.8286 -0.2142
vn 0.1971 0.9796 -0.0392
vn 0.3804 0.9217 -0.0757
vn 0.5490 0.8286 -0.1092
vn 0.6965 0.7041 -0.1385
vn 0.8173 0.5528 -0.1626
vn 0.9070 0.3805 -0.1804
vn 0.9622 0.1939 -0.1914
vn 0.9761 0.0980 -0.1942
vn 0.7101 0.7041 -0.0000
vn 0.8333 0.5528 -0.0000
vn 0.9248 0.3805 -0.0000
vn 0.9810 0.1939 -0.0000
vn 0.9952 0.0980 -0.0000
vn 0.2010 0.9796 -0.0000
vn 0.3879 0.9217 -0.0000
vn 0.5598 0.8286 -0.0000
vn 0.1971 0.9796 0.0392
vn 0.3804 0.9217 0.0757
vn 0.5490 0.8286 0.1092
vn 0.6965 0.7041 0.1385
vn 0.8173 0.5528 0.1626
vn 0.9070 0.3805 0.1804
vn 0.9622 0.1939 0.1914
vn 0.9761 0.0980 0.1942
vn 0.7699 0.5528 0.3189
vn 0.8544 0.3805 0.3539
vn 0.9063 0.1939 0.3754
vn 0.9194 0.0980 0.3808
vn 0.1857 0.9796 0.0769
vn 0.3584 0.9217 0.1484
vn 0.5172 0.8286 0.2142
vn 0.6561 0.7041 0.2718
vn 0.3225 0.9217 0.2155
vn 0.4654 0.8286 0.3110
vn 0.5905 0.7041 0.3945
vn 0.6929 0.5528 0.4630
vn 0.7689 0.3805 0.5138
vn 0.8157 0.1939 0.5450
vn 0.8275 0.0980 0.5529
vn 0.1671 0.9796 0.1117
vn 0.6539 0.3805 0.6539
vn 0.6937 0.1939 0.6937
vn 0.7037 0.0980 0.7037
vn 0.1421 0.9796 0.1421
vn 0.2743 0.9217 0.2743
vn 0.3958 0.8286 0.3958
vn 0.5021 0.7041 0.5021
vn 0.5893 0.5528 0.5893
vn 0.2155 0.9217 0.3225
vn 0.3110 0.8286 0.4654
vn 0.3945 0.7041 0.5905
vn 0.4630 0.5528 0.6929
vn 0.5138 0.3805 0.7689
vn 0.5450 0.1939 0.8157
vn 0.5529 0.0980 0.8275
vn 0.1117 0.9796 0.1671
vn 0.3539 0.3805 0.8544
vn 0.3754 0.1939 0.9063
vn 0.3808 0.0980 0.9194
vn 0.0769 0.9796 0.1857
vn 0.1484 0.9217 0.3584
vn 0.2142 0.8286 0.5172
vn 0.2718 0.7041 0.6561
vn 0.3189 0.5528 0.7699
vn 0.1092 0.8286 0.5490
vn 0.1385 0.7041 0.6965
vn 0.1626 0.5528 0.8173
vn 0.1804 0.3805 0.9070
vn 0.1914 0.1939 0.9622
vn 0.1942 0.0980 0.9761
vn 0.0392 0.9796 0.1971
vn 0.0757 0.9217 0.3804
vn -0.0000 0.1939 0.9810
vn -0.0000 0.0980 0.9952
vn -0.0000 0.9796 0.2010
vn -0.0000 0.9217 0.3879
vn -0.0000 0.8286 0.5598
vn -0.0000 0.7041 0.7101
vn -0.0000 0.5528 0.8333
vn -0.0000 0.3805 0.9248
vn -0.1092 0.8286 0.5490
vn -0.1385 0.7041 0.6965
vn -0.1626 0.5528 0.8173
vn -0.1804 0.3805 0.9070
vn -0.1914 0.1939 0.9622
vn -0.1942 0.0980 0.9761
vn -0.0392 0.9796 0.1971
vn -0.0757 0.9217 0.3804
vn -0.3754 0.1939 0.9063
vn -0.3808 0.0980 0.9194
vn -0.0769 0.9796 0.1857
vn -0.1484 0.9217 0.3584
vn -0.2142 0.8286 0.5172
vn -0.2718 0.7041 0.6561
vn -0.3189 0.5528 0.7699
vn -0.3539 0.3805 0.8544
vn -0.3945 0.7041 0.5905
vn -0.4630 0.5528 0.6929
vn -0.5138 0.3805 0.7689
vn -0.5450 0.1939 0.8157
vn -0.5529 0.0980 0.8275
vn -0.1117 0.9796 0.1671
vn -0.2155 0.9217 0.3225
vn -0.3110 0.8286 0.4654
vn -0.1421 0.9796 0.1421
vn -0.2743 0.9217 0.2743
vn -0.3958 0.8286 0.3958
vn -0.5021 0.7041 0.5021
vn -0.5893 0.5528 0.5893
vn -0.6539 0.3805 0.6539
vn -0.6937 0.1939 0.6937
vn -0.7037 0.0980 0.7037
vn -0.6929 0.5528 0.4630
vn -0.7689 0.3805 0.5138
vn -0.8157 0.1939 0.5450
vn -0.8275 0.0980 0.5529
vn -0.1671 0.9796 0.1117
vn -0.3225 0.9217 0.2155
vn -0.4654 0.8286 0.3110
vn -0.5905 0.7041 0.3945
vn -0.1857 0.9796 0.0769
vn -0.3584 0.9217 0.1484
vn -0.5172 0.8286 0.2142
vn -0.6561 0.7041 0.2718
vn -0.7699 0.5528 0.3189
vn -0.8544 0.3805 0.3539
vn -0.9063 0.1939 0.3754
vn -0.9194 0.0980 0.3808
vn -0.8173 0.5528 0.1626
vn -0.9070 0.3805 0.1804
vn -0.9622 0.1939 0.1914
vn -0.9761 0.0980 0.1942
vn -0.1971 0.9796 0.0392
vn -0.3804 0.9217 0.0757
vn -0.5490 0.8286 0.1092
vn -0.6965 0.7041 0.1385
vn -0.3879 0.9217 -0.0000
vn -0.5598 0.8286 -0.0000
vn -0.7101 0.7041 -0.0000
vn -0.8333 0.5528 -0.0000
vn -0.9248 0.3805 -0.0000
vn -0.9810 0.1939 -0.0000
vn -0.9952 0.0980 -0.0000
vn -0.2010 0.9796 -0.0000
vn -0.9070 0.3805 -0.1804
vn -0.9622 0.1939 -0.1914
vn -0.9761 0.0980 -0.1942
vn -0.1971 0.9796 -0.0392
vn -0.3804 0.9217 -0.0757
vn -0.5490 0.8286 -0.1092
vn -0.6965 0.7041 -0.1385
vn -0.8173 0.5528 -0.1626
vn -0.3584 0.9217 -0.1484
vn -0.5172 0.8286 -0.2142
vn -0.6561 0.7041 -0.2718
vn -0.7699 0.5528 -0.3189
vn -0.8544 0.3805 -0.3539
vn -0.9063 0.1939 -0.3754
vn -0.9194 0.0980 -0.3808
vn -0.1857 0.9796 -0.0769
vn -0.7689 0.3805 -0.5138
vn -0.8157 0.1939 -0.5450
vn -0.8275 0.0980 -0.5529
vn -0.1671 0.9796 -0.1117
vn -0.3225 0.9217 -0.2155
vn -0.4654 0.8286 -0.3110
vn -0.5905 0.7041 -0.3945
vn -0.6929 0.5528 -0.4630
vn -0.3958 0.8286 -0.3958
vn -0.5021 0.7041 -0.5021
vn -0.5893 0.5528 -0.5893
vn -0.6539 0.3805 -0.6539
vn -0.6937 0.1939 -0.6937
vn -0.7037 0.0980 -0.7037
vn -0.1421 0.9796 -0.1421
vn -0.2743 0.9217 -0.2743
vn -0.5450 0.1939 -0.8157
vn -0.5529 0.0980 -0.8275
vn -0.1117 0.9796 -0.1671
vn -0.2155 0.9217 -0.3225
vn -0.3110 0.8286 -0.4654
vn -0.3945 0.7041 -0.5905
vn -0.4630 0.5528 -0.6929
vn -0.5138 0.3805 -0.7689
vn -0.2718 0.7041 -0.6561
vn -0.3189 0.5528 -0.7699
vn -0.3539 0.3805 -0.8544
vn -0.3754 0.1939 -0.9063
vn -0.3808 0.0980 -0.9194
vn -0.0769 0.9796 -0.1857
vn -0.1484 0.9217 -0.3584
vn -0.2142 0.8286 -0.5172
vn -0.0392 0.9796 -0.1971
vn -0.0757 0.9217 -0.3804
vn -0.1092 0.8286 -0.5490
vn -0.1385 0.7041 -0.6965
vn -0.1626 0.5528 -0.8173
vn -0.1804 0.3805 -0.9070
vn -0.1914 0.1939 -0.9622
vn -0.1942 0.0980 -0.9761
vn -0.0000 -0.0000 -1.0000
vn 0.1951 -0.0000 -0.9808
vn 0.3827 -0.0000 -0.9239
vn 0.5556 -0.0000 -0.8315
vn 0.7071 -0.0000 -0.7071
vn 0.8315 -0.0000 -0.5556
vn 0.9239 -0.0000 -0.3827
vn 0.9808 -0.0000 -0.1951
vn 1.0000 -0.0000 -0.0000
vn 0.9808 -0.0000 0.1951
vn 0.9239 -0.0000 0.3827
vn 0.8315 -0.0000 0.5556
vn 0.7071 -0.0000 0.7071
vn 0.5556 -0.0000 0.8315
vn 0.3827 -0.0000 0.9239
vn 0.1951 -0.0000 0.9808
vn -0.0000 -0.0000 1.0000
vn -0.1951 -0.0000 0.9808
vn -0.3827 -0.0000 0.9239
vn -0.5556 -0.0000 0.8315
vn -0.7071 -0.0000 0.7071
vn -0.8315 -0.0000 0.5556
vn -0.9239 -0.0000 0.3827
vn -0.9808 -0.0000 0.1951
vn -1.0000 -0.0000 -0.0000
vn -0.9808 -0.0000 -0.1951
vn -0.9239 -0.0000 -0.3827
vn -0.8315 -0.0000 -0.5556
vn -0.7071 -0.0000 -0.7071
vn -0.5556 -0.0000 -0.8315
vn -0.3827 -0.0000 -0.9239
vn -0.1951 -0.0000 -0.9808
vn 0.8984 -0.0000 0.4393
vn -0.8663 -0.0000 0.4995
vn -0.0000 -0.6857 -0.7279
vn -0.0000 0.6857 -0.7279
vn 0.1420 0.6857 -0.7139
vn 0.1420 -0.6857 -0.7139
vn 0.2786 0.6857 -0.6725
vn 0.2786 -0.6857 -0.6725
vn 0.4044 0.6857 -0.6052
vn 0.4044 -0.6857 -0.6052
vn 0.5147 0.6857 -0.5147
vn 0.5147 -0.6857 -0.5147
vn 0.6052 0.6857 -0.4044
vn 0.6052 -0.6857 -0.4044
vn 0.6725 0.6857 -0.2786
vn 0.6725 -0.6857 -0.2786
vn 0.7139 0.6857 -0.1420
vn 0.7139 -0.6857 -0.1420
vn 0.7279 0.6857 -0.0000
vn 0.7279 -0.6857 -0.0000
vn 0.7139 0.6857 0.1420
vn 0.7139 -0.6857 0.1420
vn 0.6725 0.6857 0.2786
vn 0.6725 -0.6857 0.2786
vn 0.6052 0.6857 0.4044
vn 0.6052 -0.6857 0.4044
vn 0.5147 0.6857 0.5147
vn 0.5147 -0.6857 0.5147
vn 0.4044 0.6857 0.6052
vn 0.4044 -0.6857 0.6052
vn 0.2786 0.6857 0.6725
vn 0.2786 -0.6857 0.6725
vn 0.1420 0.6857 0.7139
vn 0.1420 -0.6857 0.7139
vn -0.0000 0.6857 0.7279
vn -0.0000 -0.6857 0.7279
vn -0.1420 0.6857 0.7139
vn -0.1420 -0.6857 0.7139
vn -0.2786 0.6857 0.6725
vn -0.2786 -0.6857 0.6725
vn -0.4044 0.6857 0.6052
vn -0.4044 -0.6857 0.6052
vn -0.5147 0.6857 0.5147
vn -0.5147 -0.6857 0.5147
vn -0.6052 0.6857 0.4044
vn -0.6052 -0.6857 0.4044
vn -0.6725 0.6857 0.2786
vn -0.6725 -0.6857 0.2786
vn -0.7139 0.6857 0.1420
vn -0.7139 -0.6857 0.1420
vn -0.7279 0.6857 -0.0000
vn -0.7279 -0.6857 -0.0000
vn -0.7139 0.6857 -0.1420
vn -0.7139 -0.6857 -0.1420
vn -0.6725 0.6857 -0.2786
vn -0.6725 -0.6857 -0.2786
vn -0.6052 0.6857 -0.4044
vn -0.6052 -0.6857 -0.4044
vn -0.5147 0.6857 -0.5147
vn -0.5147 -0.6857 -0.5147
vn -0.4044 0.6857 -0.6052
vn -0.4044 -0.6857 -0.6052
vn -0.2786 0.6857 -0.6725
vn -0.2786 -0.6857 -0.6725
vn -0.1420 0.6857 -0.7139
vn -0.1420 -0.6857 -0.7139
vn 0.6857 -0.0000 0.7279
vn 0.6857 0.1420 0.7139
vn 0.9943 0.0171 0.1052
vn 0.9941 -0.0038 0.1084
vn 0.6857 0.2785 0.6725
vn 0.9945 0.0367 0.0981
vn 0.6857 0.4044 0.6052
vn 0.9947 0.0545 0.0874
vn 0.6857 0.5147 0.5147
vn 0.9948 0.0697 0.0737
vn 0.6857 0.6052 0.4044
vn 0.9950 0.0820 0.0575
vn 0.6857 0.6725 0.2785
vn 0.9951 0.0911 0.0394
vn 0.6857 0.7139 0.1420
vn 0.9951 0.0966 0.0200
vn 0.6857 0.7279 -0.0000
vn 0.9951 0.0985 -0.0000
vn 0.6857 0.7139 -0.1420
vn 0.9951 0.0966 -0.0200
vn 0.6857 0.6725 -0.2785
vn 0.9951 0.0911 -0.0394
vn 0.6857 0.6052 -0.4044
vn 0.9950 0.0820 -0.0575
vn 0.6857 0.5147 -0.5147
vn 0.9948 0.0697 -0.0737
vn 0.6857 0.4044 -0.6052
vn 0.9947 0.0545 -0.0874
vn 0.6857 0.2785 -0.6725
vn 0.9945 0.0367 -0.0981
vn 0.6857 0.1420 -0.7139
vn 0.9943 0.0171 -0.1052
vn 0.6857 -0.0000 -0.7279
vn 0.9941 -0.0038 -0.1084
vn 0.6857 -0.1420 -0.7139
vn 0.9939 -0.0251 -0.1075
vn 0.6857 -0.2785 -0.6725
vn 0.9937 -0.0461 -0.1024
vn 0.6857 -0.4044 -0.6052
vn 0.9935 -0.0658 -0.0931
vn 0.6857 -0.5147 -0.5147
vn 0.9933 -0.0834 -0.0798
vn 0.6857 -0.6052 -0.4044
vn 0.9932 -0.0981 -0.0631
vn 0.6857 -0.6725 -0.2785
vn 0.9931 -0.1091 -0.0437
vn 0.6857 -0.7139 -0.1420
vn 0.9930 -0.1160 -0.0223
vn 0.6857 -0.7279 -0.0000
vn 0.9930 -0.1183 -0.0000
vn 0.6857 -0.7139 0.1420
vn 0.9930 -0.1160 0.0223
vn 0.6857 -0.6725 0.2785
vn 0.9931 -0.1091 0.0437
vn 0.6857 -0.6052 0.4044
vn 0.9932 -0.0981 0.0631
vn 0.6857 -0.5147 0.5147
vn 0.9933 -0.0834 0.0798
vn 0.6857 -0.4044 0.6052
vn 0.9935 -0.0658 0.0931
vn 0.6857 -0.2785 0.6725
vn 0.9937 -0.0461 0.1024
vn 0.9753 0.1887 0.1152
vn 0.9750 0.1639 0.1497
vn 0.6857 -0.1420 0.7139
vn 0.9939 -0.0251 0.1075
vn -0.9614 0.2744 -0.0203
vn -0.9250 0.3635 -0.1103
vn -0.9257 0.3475 -0.1492
vn -0.9594 0.2788 -0.0431
vn 0.9733 -0.0440 0.2253
vn 0.9728 -0.0901 0.2132
vn -0.9639 0.2662 -0.0066
vn -0.9248 0.3734 -0.0724
vn 0.9714 -0.2206 -0.0878
vn 0.9717 -0.1988 -0.1279
vn -0.9659 0.2589 -0.0010
vn -0.9249 0.3785 -0.0358
vn 0.9748 0.1320 -0.1799
vn 0.9750 0.1639 -0.1497
vn 0.9748 0.1320 0.1799
vn -0.9667 0.2560 -0.0000
vn -0.9249 0.3801 -0.0000
vn 0.9724 -0.1323 0.1921
vn -0.9659 0.2588 0.0010
vn -0.9249 0.3785 0.0358
vn 0.9720 -0.1691 -0.1632
vn -0.9639 0.2662 0.0066
vn -0.9248 0.3734 0.0724
vn 0.9753 0.1887 -0.1152
vn 0.9745 0.0936 0.2040
vn -0.9614 0.2744 0.0203
vn -0.9250 0.3635 0.1103
vn -0.9737 0.1469 0.1741
vn -0.9464 0.1406 0.2907
vn -0.9397 0.1982 0.2787
vn -0.9679 0.1925 0.1613
vn 0.9720 -0.1691 0.1632
vn -0.9594 0.2788 0.0431
vn -0.9257 0.3475 0.1492
vn 0.9724 -0.1323 -0.1921
vn -0.9797 0.0992 0.1744
vn -0.9540 0.0789 0.2892
vn -0.9587 0.2748 0.0731
vn -0.9273 0.3237 0.1879
vn 0.9754 0.2061 -0.0780
vn -0.9852 0.0539 0.1626
vn -0.9619 0.0169 0.2728
vn 0.9741 0.0501 0.2204
vn -0.9599 0.2593 0.1063
vn -0.9301 0.2910 0.2243
vn -0.9900 0.0144 0.1406
vn -0.9696 -0.0415 0.2411
vn 0.9717 -0.1988 0.1279
vn -0.9631 0.2312 0.1374
vn -0.9342 0.2489 0.2556
vn 0.9728 -0.0901 -0.2132
vn -0.9937 -0.0170 0.1110
vn -0.9764 -0.0923 0.1952
vn 0.9755 0.2164 -0.0393
vn -0.9797 0.0992 -0.1744
vn -0.1154 -0.3842 -0.9160
vn -0.0593 -0.2025 -0.9775
vn -0.9737 0.1469 -0.1741
vn -0.9963 -0.0396 0.0764
vn -0.9818 -0.1315 0.1374
vn -0.9978 -0.0530 0.0389
vn -0.9852 -0.1562 0.0710
vn 0.9714 -0.2206 0.0878
vn 0.9737 0.0035 0.2277
vn 0.9733 -0.0440 -0.2253
vn -0.9983 -0.0575 -0.0000
vn -0.9863 -0.1647 -0.0000
vn 0.9756 0.2198 -0.0000
vn -0.9978 -0.0530 -0.0389
vn -0.9852 -0.1562 -0.0710
vn -0.9963 -0.0396 -0.0764
vn -0.9818 -0.1315 -0.1373
vn 0.9713 -0.2338 0.0447
vn 0.9737 0.0035 -0.2277
vn -0.9937 -0.0170 -0.1110
vn -0.9764 -0.0923 -0.1952
vn 0.9755 0.2164 0.0393
vn -0.9900 0.0144 -0.1406
vn -0.9696 -0.0416 -0.2411
vn -0.9852 0.0539 -0.1626
vn -0.9619 0.0169 -0.2728
vn 0.9712 -0.2383 -0.0000
vn -0.9540 0.0789 -0.2892
vn 0.9741 0.0501 -0.2204
vn 0.9754 0.2061 0.0780
vn -0.9464 0.1406 -0.2907
vn -0.9679 0.1925 -0.1613
vn -0.9397 0.1982 -0.2787
vn 0.9713 -0.2338 -0.0447
vn -0.9631 0.2312 -0.1374
vn -0.9342 0.2489 -0.2556
vn 0.9745 0.0936 -0.2040
vn -0.9599 0.2593 -0.1063
vn -0.9301 0.2910 -0.2243
vn -0.9587 0.2748 -0.0731
vn -0.9273 0.3237 -0.1879
vn -0.2487 -0.8038 -0.5405
vn -0.5519 -0.6316 -0.5445
vn -0.4703 -0.5432 -0.6955
vn -0.2120 -0.6900 -0.6921
vn 0.2266 0.8059 0.5470
vn 0.1955 0.6867 0.7002
vn -0.0014 -0.0107 0.9999
vn -0.0593 -0.2025 0.9775
vn -0.1670 -0.5487 -0.8192
vn 0.2488 0.8931 0.3749
vn 0.2620 0.9461 0.1905
vn 0.2664 0.9639 -0.0000
vn -0.2757 -0.8870 -0.3705
vn 0.2620 0.9461 -0.1905
vn -0.2922 -0.9376 -0.1883
vn 0.2488 0.8931 -0.3749
vn -0.2978 -0.9546 -0.0000
vn 0.2266 0.8059 -0.5470
vn -0.2922 -0.9376 0.1883
vn 0.1955 0.6867 -0.7002
vn -0.2757 -0.8870 0.3705
vn 0.1559 0.5391 -0.8277
vn -0.2487 -0.8038 0.5405
vn 0.1087 0.3687 -0.9232
vn 0.0555 0.1826 0.9816
vn -0.2120 -0.6900 0.6921
vn 0.0555 0.1826 -0.9816
vn 0.1087 0.3687 0.9232
vn -0.1670 -0.5487 0.8192
vn -0.0014 -0.0107 -0.9999
vn 0.1559 0.5391 0.8277
vn -0.1154 -0.3842 0.9160
vn -0.6622 -0.7493 -0.0000
vn -0.9085 -0.4179 -0.0000
vn -0.8914 -0.4105 -0.1920
vn -0.6496 -0.7360 -0.1904
vn 0.6199 0.7847 -0.0000
vn 0.6086 0.7694 0.1939
vn -0.6124 -0.6965 -0.3740
vn 0.6086 0.7694 -0.1939
vn 0.5750 0.7240 -0.3811
vn 0.5196 0.6499 -0.5547
vn -0.6496 -0.7360 0.1904
vn 0.4437 0.5497 -0.7078
vn -0.6124 -0.6965 0.3740
vn 0.3494 0.4275 -0.8338
vn -0.5519 -0.6316 0.5445
vn 0.2399 0.2885 -0.9270
vn 0.1194 0.1390 0.9831
vn -0.0072 -0.0142 0.9999
vn -0.4703 -0.5432 0.6955
vn 0.1194 0.1390 -0.9831
vn 0.2399 0.2885 0.9270
vn -0.3709 -0.4336 0.8212
vn -0.0072 -0.0142 -0.9999
vn 0.3494 0.4275 0.8338
vn -0.2575 -0.3060 0.9165
vn -0.1346 -0.1646 -0.9771
vn 0.4437 0.5497 0.7078
vn -0.1346 -0.1646 0.9771
vn -0.2575 -0.3060 -0.9165
vn 0.5196 0.6499 0.5547
vn -0.3709 -0.4336 -0.8212
vn 0.5750 0.7240 0.3811
vn -0.7585 -0.3522 0.5483
vn -0.8270 -0.1116 0.5511
vn -0.9171 -0.1228 0.3792
vn -0.8408 -0.3884 0.3770
vn 0.7414 0.3737 -0.5574
vn 0.8236 0.4178 -0.3837
vn -0.8914 -0.4105 0.1920
vn 0.6301 0.3150 -0.7097
vn 0.4938 0.2442 -0.8346
vn 0.3375 0.1646 -0.9268
vn 0.1675 0.0798 0.9826
vn -0.0095 -0.0065 0.9999
vn -0.6473 -0.3027 0.6995
vn 0.1675 0.0798 -0.9826
vn 0.3375 0.1646 0.9268
vn -0.5114 -0.2414 0.8247
vn -0.0095 -0.0065 -0.9999
vn 0.4938 0.2441 0.8346
vn -0.3557 -0.1701 0.9190
vn -0.1862 -0.0909 -0.9783
vn 0.6301 0.3150 0.7097
vn -0.1862 -0.0909 0.9783
vn -0.3557 -0.1701 -0.9190
vn 0.7414 0.3737 0.5574
vn -0.5114 -0.2414 -0.8247
vn 0.8236 0.4178 0.3837
vn -0.6473 -0.3027 -0.6995
vn 0.8739 0.4450 0.1955
vn -0.7585 -0.3522 -0.5483
vn 0.8909 0.4542 -0.0000
vn -0.8408 -0.3884 -0.3770
vn 0.8739 0.4450 -0.1955
vn 0.5453 0.0797 0.8345
vn 0.5521 -0.0340 0.8331
vn 0.3786 -0.0236 0.9252
vn 0.3728 0.0535 0.9264
vn 0.3728 0.0535 -0.9264
vn 0.5452 0.0797 -0.8345
vn 0.1860 0.0258 0.9822
vn -0.0079 -0.0021 1.0000
vn -0.7053 -0.0962 0.7023
vn 0.1860 0.0258 -0.9822
vn -0.5567 -0.0769 0.8272
vn -0.0079 -0.0021 -1.0000
vn -0.3865 -0.0544 0.9207
vn -0.2012 -0.0292 -0.9791
vn 0.6965 0.1032 0.7101
vn -0.2012 -0.0292 0.9791
vn -0.3865 -0.0544 -0.9207
vn 0.8206 0.1228 0.5582
vn -0.5567 -0.0769 -0.8272
vn 0.9128 0.1376 0.3846
vn -0.7053 -0.0962 -0.7023
vn 0.9695 0.1469 0.1961
vn -0.8270 -0.1116 -0.5511
vn 0.9887 0.1500 -0.0000
vn -0.9171 -0.1228 -0.3792
vn 0.9695 0.1469 -0.1961
vn -0.9726 -0.1296 -0.1932
vn 0.9128 0.1376 -0.3846
vn -0.9913 -0.1319 -0.0000
vn 0.8206 0.1228 -0.5582
vn -0.9726 -0.1296 0.1932
vn 0.6965 0.1032 -0.7101
vn 0.9218 -0.0553 0.3836
vn 0.8970 -0.2162 0.3855
vn 0.8059 -0.1943 0.5592
vn 0.8291 -0.0501 0.5569
vn -0.3866 0.0244 0.9219
vn -0.5584 0.0357 0.8288
vn -0.1996 0.0123 -0.9798
vn -0.0047 -0.0000 -1.0000
vn 0.7042 -0.0429 0.7087
vn -0.1996 0.0123 0.9798
vn -0.3866 0.0244 -0.9219
vn -0.0047 -0.0000 1.0000
vn -0.5584 0.0357 -0.8288
vn -0.7087 0.0457 -0.7041
vn 0.9789 -0.0586 0.1956
vn -0.8317 0.0540 -0.5527
vn 0.9982 -0.0597 -0.0000
vn -0.9229 0.0602 -0.3804
vn 0.9789 -0.0586 -0.1956
vn -0.9789 0.0640 -0.1938
vn 0.9218 -0.0554 -0.3836
vn -0.9979 0.0653 -0.0000
vn 0.8291 -0.0501 -0.5569
vn -0.9789 0.0640 0.1938
vn 0.7042 -0.0429 -0.7087
vn -0.9229 0.0602 0.3804
vn 0.5521 -0.0340 -0.8331
vn -0.8317 0.0540 0.5527
vn 0.3786 -0.0236 -0.9252
vn 0.1906 -0.0122 0.9816
vn -0.7087 0.0457 0.7041
vn 0.1906 -0.0122 -0.9816
vn 0.9532 -0.2297 -0.1967
vn 0.9370 -0.2906 -0.1939
vn 0.9551 -0.2963 -0.0000
vn 0.9722 -0.2343 -0.0000
vn -0.6896 0.1669 -0.7047
vn -0.5435 0.1314 -0.8291
vn 0.9532 -0.2297 0.1966
vn -0.8095 0.1961 -0.5534
vn -0.8985 0.2178 -0.3811
vn -0.9533 0.2312 -0.1943
vn 0.8970 -0.2162 -0.3855
vn -0.9718 0.2357 -0.0000
vn 0.8059 -0.1943 -0.5592
vn -0.9533 0.2312 0.1943
vn 0.6837 -0.1650 -0.7109
vn -0.8985 0.2178 0.3811
vn 0.5351 -0.1292 -0.8348
vn -0.8095 0.1961 0.5534
vn 0.3662 -0.0886 -0.9263
vn 0.1834 -0.0445 0.9820
vn -0.0061 0.0013 1.0000
vn -0.6896 0.1669 0.7047
vn 0.1834 -0.0445 -0.9820
vn 0.3662 -0.0886 0.9263
vn -0.5435 0.1314 0.8291
vn -0.0061 0.0013 -1.0000
vn 0.5351 -0.1292 0.8348
vn -0.3765 0.0909 0.9219
vn -0.1951 0.0470 -0.9797
vn 0.6837 -0.1650 0.7109
vn -0.1951 0.0470 0.9797
vn -0.3765 0.0909 -0.9219
vn 0.6779 -0.2101 -0.7045
vn 0.6744 -0.2195 -0.7050
vn 0.7924 -0.2573 -0.5530
vn 0.7959 -0.2467 -0.5529
vn -0.9370 0.2901 -0.1947
vn -0.8828 0.2734 -0.3821
vn 0.8833 -0.2739 -0.3806
vn -0.9553 0.2958 -0.0000
vn -0.9370 0.2901 0.1947
vn -0.8828 0.2734 0.3821
vn 0.5337 -0.1653 -0.8294
vn -0.7946 0.2461 0.5550
vn 0.3687 -0.1141 -0.9225
vn 0.1893 -0.0584 0.9802
vn 0.0022 -0.0005 1.0000
vn -0.6758 0.2094 0.7068
vn 0.1893 -0.0584 -0.9802
vn 0.3687 -0.1141 0.9225
vn -0.5307 0.1645 0.8315
vn 0.0022 -0.0005 -1.0000
vn 0.5337 -0.1653 0.8294
vn -0.3649 0.1132 0.9241
vn -0.1849 0.0575 -0.9811
vn 0.6779 -0.2101 0.7045
vn -0.1849 0.0575 0.9811
vn -0.3649 0.1132 -0.9241
vn 0.7958 -0.2467 0.5529
vn -0.5307 0.1645 -0.8315
vn 0.8833 -0.2739 0.3806
vn -0.6758 0.2094 -0.7068
vn 0.9370 -0.2906 0.1939
vn -0.7946 0.2461 -0.5550
vn 0.1842 -0.0606 -0.9810
vn 0.1946 -0.0565 -0.9793
vn 0.3759 -0.1076 -0.9204
vn 0.3644 -0.1193 -0.9236
vn -0.8784 0.2927 0.3779
vn -0.9309 0.3105 0.1924
vn 0.5299 -0.1729 -0.8302
vn -0.7926 0.2637 0.5497
vn 0.1842 -0.0606 0.9810
vn -0.0032 0.0008 1.0000
vn -0.6764 0.2246 0.7015
vn 0.3644 -0.1193 0.9236
vn -0.5336 0.1767 0.8271
vn -0.0032 0.0008 -1.0000
vn 0.5299 -0.1729 0.8302
vn -0.3695 0.1220 0.9212
vn -0.1903 0.0625 -0.9797
vn 0.6744 -0.2195 0.7050
vn -0.1903 0.0625 0.9797
vn -0.3695 0.1220 -0.9212
vn 0.7924 -0.2573 0.5530
vn -0.5336 0.1767 -0.8271
vn 0.8797 -0.2853 0.3804
vn -0.6764 0.2246 -0.7015
vn 0.9333 -0.3024 0.1937
vn -0.7926 0.2637 -0.5497
vn 0.9514 -0.3081 -0.0000
vn -0.8784 0.2927 -0.3779
vn 0.9333 -0.3024 -0.1937
vn -0.9309 0.3105 -0.1924
vn 0.8797 -0.2853 -0.3804
vn -0.9486 0.3165 -0.0000
vn -0.3666 0.1060 -0.9243
vn -0.3838 0.0879 -0.9192
vn -0.1974 0.0454 -0.9793
vn -0.1844 0.0525 -0.9814
vn 0.3759 -0.1076 0.9204
vn 0.1946 -0.0565 0.9793
vn -0.5339 0.1558 0.8311
vn -0.6797 0.1998 0.7057
vn 0.0052 -0.0024 -1.0000
vn 0.5421 -0.1538 0.8261
vn -0.3666 0.1060 0.9243
vn 0.6868 -0.1936 0.7006
vn -0.1844 0.0525 0.9814
vn 0.8047 -0.2258 0.5490
vn 0.0052 -0.0024 1.0000
vn -0.5339 0.1558 -0.8311
vn 0.8919 -0.2494 0.3774
vn -0.6797 0.1998 -0.7057
vn 0.9453 -0.2637 0.1921
vn -0.7987 0.2360 -0.5535
vn 0.9633 -0.2686 -0.0000
vn -0.8865 0.2630 -0.3807
vn 0.9453 -0.2637 -0.1921
vn -0.9403 0.2796 -0.1939
vn 0.8919 -0.2494 -0.3774
vn -0.9585 0.2852 -0.0000
vn 0.8047 -0.2258 -0.5490
vn -0.9403 0.2796 0.1939
vn 0.6868 -0.1936 -0.7006
vn -0.8865 0.2630 0.3807
vn 0.5421 -0.1538 -0.8261
vn -0.7987 0.2360 0.5535
vn -0.8179 0.1875 -0.5440
vn -0.8271 0.0918 -0.5545
vn -0.7030 0.0780 -0.7069
vn -0.6997 0.1603 -0.6962
vn 0.8176 -0.1828 0.5460
vn 0.6984 -0.1563 0.6984
vn -0.0022 0.0011 1.0000
vn -0.1974 0.0454 0.9793
vn -0.5534 0.1267 -0.8232
vn 0.9049 -0.2022 0.3745
vn 0.9581 -0.2139 0.1904
vn 0.9760 -0.2179 -0.0000
vn -0.9043 0.2075 -0.3730
vn 0.9581 -0.2139 -0.1904
vn -0.9570 0.2197 -0.1896
vn 0.9049 -0.2022 -0.3745
vn -0.9746 0.2238 -0.0000
vn 0.8176 -0.1828 -0.5460
vn -0.9570 0.2197 0.1896
vn 0.6984 -0.1563 -0.6984
vn -0.9043 0.2075 0.3730
vn 0.5510 -0.1235 -0.8253
vn -0.8179 0.1875 0.5440
vn 0.3804 -0.0852 -0.9209
vn 0.1934 -0.0431 0.9802
vn -0.6997 0.1603 0.6962
vn 0.1933 -0.0431 -0.9802
vn 0.3804 -0.0852 0.9209
vn -0.5534 0.1267 0.8232
vn -0.0022 0.0011 -1.0000
vn 0.5510 -0.1235 0.8253
vn -0.3838 0.0879 0.9192
vn -0.9939 0.1103 -0.0000
vn -0.9993 0.0385 -0.0000
vn -0.9804 0.0378 -0.1935
vn -0.9750 0.1082 -0.1943
vn 0.9942 -0.1072 -0.0000
vn 0.9759 -0.1054 0.1910
vn -0.9188 0.1020 -0.3814
vn 0.9759 -0.1054 -0.1910
vn 0.9215 -0.1000 -0.3753
vn 0.8326 -0.0911 -0.5464
vn -0.9750 0.1082 0.1943
vn 0.7119 -0.0787 -0.6978
vn -0.9188 0.1020 0.3814
vn 0.5635 -0.0631 -0.8237
vn -0.8271 0.0918 0.5545
vn 0.3925 -0.0447 -0.9187
vn 0.2052 -0.0242 0.9784
vn 0.0092 -0.0024 1.0000
vn -0.7030 0.0780 0.7069
vn 0.2052 -0.0242 -0.9784
vn 0.3925 -0.0448 0.9187
vn -0.5511 0.0609 0.8322
vn 0.0092 -0.0024 -1.0000
vn 0.5635 -0.0631 0.8237
vn -0.3769 0.0412 0.9253
vn -0.1876 0.0198 -0.9821
vn 0.7119 -0.0787 0.6978
vn -0.1876 0.0198 0.9821
vn -0.3769 0.0412 -0.9253
vn 0.8326 -0.0911 0.5464
vn -0.5511 0.0609 -0.8322
vn 0.9215 -0.1000 0.3753
vn -0.8332 0.0319 0.5520
vn -0.8295 0.0229 0.5580
vn -0.9227 0.0256 0.3846
vn -0.9244 0.0355 0.3799
vn 0.8304 -0.0304 -0.5564
vn 0.9231 -0.0336 -0.3832
vn -0.9804 0.0378 0.1935
vn 0.7056 -0.0260 -0.7082
vn 0.5533 -0.0206 -0.8327
vn 0.3796 -0.0143 -0.9250
vn 0.1911 -0.0075 0.9815
vn -0.0047 -0.0002 1.0000
vn -0.7102 0.0270 0.7035
vn 0.1911 -0.0074 -0.9815
vn 0.3796 -0.0144 0.9250
vn -0.5597 0.0211 0.8284
vn -0.0047 -0.0002 -1.0000
vn 0.5533 -0.0206 0.8327
vn -0.3876 0.0144 0.9217
vn -0.2001 0.0072 -0.9797
vn 0.7056 -0.0260 0.7082
vn -0.2001 0.0072 0.9797
vn -0.3876 0.0144 -0.9217
vn 0.8304 -0.0304 0.5564
vn -0.5597 0.0211 -0.8284
vn 0.9231 -0.0336 0.3832
vn -0.7102 0.0270 -0.7035
vn 0.9801 -0.0356 0.1953
vn -0.8332 0.0319 -0.5520
vn 0.9993 -0.0363 -0.0000
vn -0.9244 0.0355 -0.3799
vn 0.9801 -0.0356 -0.1953
vn -0.3780 0.0100 0.9258
vn -0.3181 0.6683 0.6725
vn -0.4437 0.6609 0.6052
vn -0.5517 0.0149 0.8339
vn 0.3870 -0.0107 -0.9220
vn 0.5590 -0.0151 -0.8290
vn 0.2001 -0.0058 0.9798
vn 0.0053 -0.0006 1.0000
vn -0.7042 0.0193 0.7098
vn 0.2001 -0.0058 -0.9798
vn 0.3871 -0.0107 0.9220
vn 0.0053 -0.0006 -1.0000
vn 0.5590 -0.0151 0.8290
vn -0.1899 0.0048 -0.9818
vn 0.7095 -0.0189 0.7045
vn -0.1899 0.0048 0.9818
vn -0.3780 0.0100 -0.9258
vn 0.8328 -0.0219 0.5532
vn -0.5517 0.0149 -0.8339
vn 0.9243 -0.0240 0.3808
vn -0.7042 0.0193 -0.7098
vn 0.9807 -0.0254 0.1941
vn -0.8295 0.0229 -0.5580
vn 0.9997 -0.0258 -0.0000
vn -0.9227 0.0256 -0.3846
vn 0.9807 -0.0254 -0.1941
vn -0.9802 0.0273 -0.1961
vn 0.9243 -0.0240 -0.3809
vn -0.9996 0.0279 -0.0000
vn 0.8328 -0.0219 -0.5532
vn -0.9802 0.0273 0.1961
vn 0.7095 -0.0189 -0.7045
vn 0.1018 0.6928 0.7139
vn 0.2381 0.7008 0.6725
vn 0.3637 0.7081 0.6052
vn 0.4738 0.7145 0.5147
vn 0.5642 0.7198 0.4044
vn 0.6313 0.7238 0.2785
vn 0.6727 0.7262 0.1420
vn 0.6867 0.7270 -0.0000
vn 0.6727 0.7262 -0.1420
vn 0.6313 0.7238 -0.2785
vn 0.5642 0.7198 -0.4044
vn 0.4738 0.7146 -0.5147
vn 0.3637 0.7081 -0.6052
vn 0.2381 0.7008 -0.6725
vn 0.1018 0.6928 -0.7139
vn -0.0400 0.6845 -0.7279
vn -0.1817 0.6762 -0.7139
vn -0.3181 0.6683 -0.6725
vn -0.4437 0.6609 -0.6052
vn -0.5538 0.6545 -0.5147
vn -0.6442 0.6492 -0.4044
vn -0.7113 0.6453 -0.2785
vn -0.7527 0.6429 -0.1420
vn -0.7666 0.6421 -0.0000
vn -0.7527 0.6429 0.1420
vn -0.7113 0.6453 0.2785
vn -0.6442 0.6492 0.4044
vn -0.5538 0.6545 0.5147
vn -0.1817 0.6762 0.7139
vn -0.0400 0.6845 0.7279
vn -0.4360 -0.5458 -0.7155
vn -0.2575 -0.3173 0.9127
vn 0.3323 -0.2565 0.9076
vn 0.6341 -0.7105 -0.3052
vn 0.0270 -0.0062 0.9996
vn -0.7004 -0.0000 0.7138
vn -0.7213 -0.0955 0.6860
vn -0.6514 -0.3723 0.6611
vn -0.3867 -0.6456 0.6585
vn -0.1112 -0.7245 0.6802
vn 0.0027 -0.7084 0.7058
vn -0.1600 -0.9651 -0.2071
vn -0.2043 -0.9600 -0.1917
vn -0.0498 -0.7231 0.6890
vn -0.0108 -0.6427 0.7660
vn 0.0451 0.7087 0.7040
vn -0.0728 0.7301 0.6795
vn -0.3621 0.6622 0.6561
vn -0.6472 0.3835 0.6588
vn -0.7214 0.0969 0.6857
vn 0.0279 0.0069 0.9996
vn 0.1750 0.4668 -0.8669
vn 0.2641 0.1484 -0.9530
vn 0.1480 -0.2061 -0.9673
vn 0.0943 -0.1693 -0.9811
vn 0.0173 0.0097 -0.9998
vn 0.0998 -0.0206 -0.9948
vn 0.1081 0.0392 -0.9934
vn 0.0182 -0.0034 -0.9998
vn -0.1780 -0.0000 -0.9840
vn -0.1781 -0.0000 -0.9840
vn 0.0263 0.0245 0.9994
vn 0.0170 0.0176 0.9997
vn 0.3740 0.2797 0.8842
vn 0.7003 0.6921 -0.1750
vn -0.9805 -0.0000 -0.1963
vn -0.9806 -0.0000 -0.1962
vn 0.0274 -0.0034 -0.9996
vn 0.0410 0.9798 -0.1956
vn -0.1093 0.9750 -0.1937
vn 0.3348 0.6729 0.6596
vn 0.0178 -0.0062 0.9998
vn -0.0057 0.2078 -0.9781
vn 0.0346 0.1970 -0.9798
vn 0.0279 0.0064 -0.9996
vn -0.1902 0.0276 -0.9813
vn -0.1722 0.1111 -0.9788
vn -0.0896 0.1918 -0.9773
vn 0.0265 0.0161 -0.9995
vn 0.0542 -0.4159 -0.9078
vn 0.4393 0.5596 0.7028
vn 0.4731 0.8613 -0.1854
vn 0.4287 0.8936 -0.1334
vn -0.1782 -0.0000 -0.9840
vn -0.9806 -0.0000 -0.1961
vn -0.1602 -0.9679 -0.1936
vn -0.0179 -0.9804 -0.1964
vn 0.0742 0.2048 -0.9760
vn 0.1514 0.1836 -0.9713
vn 0.2245 0.1052 -0.9688
vn 0.1957 0.0352 -0.9800
vn 0.1024 -0.1326 -0.9859
vn 0.1577 0.7195 0.6764
vn 0.1874 0.9632 -0.1928
vn 0.7172 0.0087 0.6968
vn 0.7403 0.0941 0.6657
vn 0.6740 0.3639 0.6429
vn 0.4212 0.6350 0.6476
vn 0.0941 -0.7141 0.6937
vn 0.3405 0.6528 0.6767
vn -0.9726 -0.1272 -0.1947
vn 0.1507 -0.7298 0.6668
vn 0.2792 0.6712 0.6867
vn -0.0513 -0.9791 -0.1970
vn 0.2782 0.1778 -0.9439
vn 0.2524 0.1753 -0.9516
vn 0.2254 -0.2001 -0.9535
vn 0.2132 -0.1963 -0.9571
vn 0.3000 0.9343 -0.1927
vn 0.1926 0.1884 -0.9630
vn 0.1836 0.3616 -0.9141
vn 0.1839 -0.3667 -0.9120
vn 0.1927 -0.1926 -0.9622
vn 0.0430 -0.9813 -0.1874
vn 0.1986 0.9611 -0.1920
vn 0.1743 -0.7030 0.6895
vn 0.1700 -0.7010 0.6926
vn 0.1700 0.7010 0.6926
vn 0.1744 0.7030 0.6895
vn 0.0983 0.9758 -0.1952
vn 0.0976 -0.9767 -0.1910
vn 0.0958 -0.9767 -0.1921
vn 0.7011 -0.7025 -0.1223
vn 0.6413 -0.5660 0.5180
vn 0.5811 0.8114 0.0630
vn 0.5786 -0.8130 0.0656
vn 0.0962 0.9761 -0.1949
vn -0.6679 0.1501 -0.7290
vn -0.6975 -0.0820 0.7119
vn 0.7013 0.7021 -0.1234
vn 0.6413 0.5660 0.5180
vn 0.6945 -0.5230 -0.4940
vn 0.6945 0.5212 -0.4960
vn 0.9578 0.1399 -0.2509
vn 0.7815 0.1135 -0.6135
vn 0.7095 0.0514 0.7028
vn 0.7205 0.2596 -0.6431
vn -0.9723 0.1290 -0.1950
vn -0.4981 -0.5787 -0.6458
vn -0.4981 -0.5787 0.6458
vn -0.8538 -0.4824 -0.1958
vn 0.6855 -0.3580 -0.6340
vn 0.6382 -0.7394 -0.2142
vn -0.1988 -0.9594 -0.2000
vn 0.6855 -0.3580 0.6340
vn 0.1227 -0.9299 -0.3469
vn 0.1227 -0.9299 0.3469
vn -0.1988 -0.9594 0.2000
vn 0.6382 -0.7394 0.2142
vn 0.8426 0.2355 0.4844
vn 0.0796 0.7233 0.6859
vn 0.0796 0.7233 -0.6859
vn 0.8426 0.2355 -0.4844
vn -0.0965 0.7150 -0.6924
vn 0.0926 -0.6862 -0.7215
vn 0.1250 -0.7320 -0.6698
vn 0.1250 -0.7320 0.6698
vn 0.1337 -0.6728 -0.7276
vn 0.1337 -0.6728 0.7276
vn 0.0926 -0.6862 0.7215
vn -0.0965 0.7150 0.6924
vn -0.0549 0.7131 -0.6989
vn 0.5261 0.6603 -0.5359
vn 0.6764 -0.4771 -0.5611
vn -0.0549 0.7131 0.6989
vn 0.5261 0.6603 0.5359
vn 0.6764 -0.4771 0.5611
vn -0.5112 -0.8371 -0.1950
vn -0.4779 0.8563 -0.1959
vn 0.0227 -0.1960 -0.9803
vn -0.0173 -0.2063 -0.9783
vn -0.0970 -0.1876 -0.9774
vn -0.1738 -0.1081 -0.9788
vn -0.1905 -0.0272 -0.9813
vn -0.8460 0.4956 -0.1966
vn 0.8593 0.4743 -0.1913
vn 0.5290 0.8265 -0.1926
vn 0.0028 -0.7070 -0.7072
vn -0.0297 -0.6730 -0.7391
vn 0.0369 -0.6049 -0.7954
vn 0.3683 -0.5764 -0.7295
vn -0.7008 -0.0000 -0.7134
vn -0.7007 -0.0000 -0.7135
vn 0.4518 0.6039 -0.6567
vn -0.7009 -0.0000 -0.7133
vn 0.3796 0.7304 -0.5678
vn -0.7006 -0.0000 -0.7135
vn -0.7006 -0.0000 -0.7136
vn -0.0432 -0.7175 -0.6952
vn 0.4330 0.5757 -0.6936
vn 0.0971 -0.7086 -0.6989
vn 0.3410 0.6517 -0.6775
vn 0.1575 -0.7148 -0.6814
vn 0.2739 0.6693 -0.6907
vn 0.1751 0.6945 -0.6979
vn 0.1744 -0.7007 -0.6918
vn 0.1701 -0.7008 -0.6928
vn 0.1703 0.6965 -0.6970
vn 0.4234 -0.1302 -0.8965
vn -0.1083 -0.7112 -0.6946
vn -0.3715 -0.6233 -0.6881
vn -0.6273 -0.3596 -0.6908
vn -0.7081 -0.0939 -0.6998
vn -0.3466 0.6371 -0.6884
vn -0.0704 0.7162 -0.6943
vn -0.6214 0.3693 -0.6910
vn -0.7076 0.0952 -0.7001
vn 0.0452 0.7076 -0.7052
vn 0.1565 0.7057 -0.6910
vn 0.4084 0.6106 -0.6785
vn 0.6508 0.3495 -0.6740
vn 0.6336 0.1137 -0.7653
vn -0.0489 -0.7077 0.7048
vn -0.0577 -0.8309 0.5535
vn 0.0131 0.1907 -0.9816
vn 0.0255 0.3784 -0.9253
vn 0.0603 0.9214 0.3840
vn 0.0545 0.8285 0.5573
vn -0.0698 -0.9976 -0.0000
vn -0.0684 -0.9786 -0.1942
vn 0.0255 0.3784 0.9253
vn 0.0131 0.1907 0.9816
vn 0.0545 0.8285 -0.5573
vn 0.0603 0.9214 -0.3840
vn -0.0489 -0.7077 -0.7048
vn -0.0382 -0.5573 -0.8294
vn -0.0382 -0.5573 0.8294
vn 0.0639 0.9786 0.1958
vn -0.0000 -0.0042 -1.0000
vn -0.0684 -0.9786 0.1942
vn 0.0367 0.5516 0.8333
vn 0.0465 0.7037 -0.7090
vn -0.0577 -0.8309 -0.5535
vn -0.0262 -0.3856 0.9223
vn 0.0651 0.9979 -0.0000
vn -0.0133 -0.1988 -0.9800
vn -0.0643 -0.9223 0.3811
vn 0.0465 0.7037 0.7090
vn 0.0367 0.5516 -0.8333
vn -0.0643 -0.9223 -0.3811
vn -0.0133 -0.1988 0.9800
vn 0.0639 0.9786 -0.1958
vn -0.0262 -0.3856 -0.9223
vn -0.0000 -0.0042 1.0000
vn -0.0000 -0.0326 -0.9995
vn -0.0000 0.2223 0.9750
vn -0.0000 -0.0567 0.9984
vn -0.0000 -0.3384 -0.9410
vn -0.0000 0.6276 0.7785
vn -0.0000 -0.6236 -0.7817
vn -0.0000 0.5823 0.8130
vn -0.0000 -0.6753 -0.7375
vn -0.0000 -0.7112 -0.7030
vn -0.0000 0.7112 0.7030
vn -0.0000 0.6428 0.7660
vn -0.0000 -0.6387 -0.7695
vn -0.0000 0.6868 0.7268
vn -0.0000 -0.6828 -0.7306
vn -0.0000 -0.3579 -0.9338
vn -0.0000 -0.4836 -0.8753
vn -0.0000 0.4551 0.8905
vn -0.0000 0.1066 0.9943
vn -0.0000 0.3007 0.9537
vn -0.0000 -0.1373 -0.9905
vn -0.0000 -0.2681 0.9634
vn -0.0000 -0.0154 -0.9999
vn -0.0000 -0.0507 0.9987
vn -0.0000 -0.5245 0.8514
vn -0.0000 0.1835 -0.9830
vn -0.0000 0.4379 -0.8990
vn -0.0000 -0.9595 0.2816
vn -0.0000 0.6208 -0.7839
vn -0.0000 -0.7539 0.6570
vn -0.0000 0.9236 -0.3832
vn -0.0000 0.9998 -0.0207
vn -0.0000 -0.9998 0.0204
vn -0.0000 0.0063 -1.0000
vn -0.0000 0.9999 0.0133
vn -0.0000 -0.9999 -0.0133
vn 0.7750 -0.0000 0.6320
vn -0.0000 -1.0000 -0.0000
vn -0.7736 -0.0000 0.6337
vn 0.8741 -0.0000 -0.4857
vn -0.9037 -0.0000 -0.4282
vt 0.449585 0.895461
vt 0.449585 0.867787
vt 0.449585 0.831630
vt 0.449585 0.812062
vt 0.680851 0.403864
vt 0.445767 0.910437
vt 0.442096 0.904730
vt 0.438713 0.895461
vt 0.435748 0.882987
vt 0.433315 0.867787
vt 0.431506 0.850446
vt 0.430393 0.831630
vt 0.430017 0.812062
vt 0.684887 0.402640
vt 0.442096 0.910437
vt 0.434896 0.904730
vt 0.428260 0.895461
vt 0.422443 0.882987
vt 0.417670 0.867787
vt 0.414123 0.850446
vt 0.411938 0.831630
vt 0.411201 0.812062
vt 0.688606 0.400652
vt 0.438713 0.910437
vt 0.428260 0.904730
vt 0.418626 0.895461
vt 0.410181 0.882987
vt 0.403251 0.867787
vt 0.398102 0.850446
vt 0.394930 0.831630
vt 0.393860 0.812062
vt 0.691866 0.397976
vt 0.435748 0.910437
vt 0.422443 0.904730
vt 0.410181 0.895461
vt 0.399434 0.882987
vt 0.390613 0.867787
vt 0.384059 0.850446
vt 0.380023 0.831630
vt 0.378660 0.812062
vt 0.694542 0.394716
vt 0.433315 0.910437
vt 0.417670 0.904730
vt 0.403251 0.895461
vt 0.390613 0.882987
vt 0.380242 0.867787
vt 0.372535 0.850446
vt 0.367789 0.831630
vt 0.366186 0.812062
vt 0.676654 0.382764
vt 0.696530 0.390997
vt 0.431506 0.910437
vt 0.414123 0.904730
vt 0.398102 0.895461
vt 0.384059 0.882987
vt 0.372535 0.867787
vt 0.363971 0.850446
vt 0.358698 0.831630
vt 0.356918 0.812062
vt 0.697754 0.386961
vt 0.430393 0.910437
vt 0.411938 0.904730
vt 0.394930 0.895461
vt 0.380023 0.882987
vt 0.367789 0.867787
vt 0.358698 0.850446
vt 0.353100 0.831630
vt 0.351210 0.812062
vt 0.430017 0.910437
vt 0.262344 0.905551
vt 0.698167 0.382764
vt 0.411201 0.904730
vt 0.280996 0.899893
vt 0.615297 0.376278
vt 0.393860 0.895461
vt 0.626028 0.396354
vt 0.298187 0.890704
vt 0.378660 0.882987
vt 0.313254 0.878339
vt 0.366186 0.867787
vt 0.325620 0.863271
vt 0.356918 0.850446
vt 0.334809 0.846081
vt 0.351210 0.831630
vt 0.340467 0.827428
vt 0.349282 0.812062
vt 0.342377 0.808029
vt 0.697754 0.378567
vt 0.261971 0.905551
vt 0.623510 0.370791
vt 0.280265 0.899893
vt 0.637951 0.388387
vt 0.297125 0.890704
vt 0.311903 0.878339
vt 0.324032 0.863271
vt 0.333044 0.846081
vt 0.338593 0.827428
vt 0.340467 0.808029
vt 0.696530 0.374531
vt 0.260867 0.905551
vt 0.278100 0.899893
vt 0.293982 0.890704
vt 0.307903 0.878339
vt 0.319327 0.863271
vt 0.327816 0.846081
vt 0.333044 0.827428
vt 0.334809 0.808029
vt 0.694542 0.370812
vt 0.259074 0.905551
vt 0.274583 0.899893
vt 0.288877 0.890704
vt 0.301405 0.878339
vt 0.311687 0.863271
vt 0.319327 0.846081
vt 0.324032 0.827428
vt 0.325620 0.808029
vt 0.691866 0.367552
vt 0.256662 0.905551
vt 0.269851 0.899893
vt 0.282007 0.890704
vt 0.292661 0.878339
vt 0.301405 0.863271
vt 0.307903 0.846081
vt 0.311903 0.827428
vt 0.313254 0.808029
vt 0.688606 0.364877
vt 0.253722 0.905551
vt 0.264085 0.899893
vt 0.273636 0.890704
vt 0.282007 0.878339
vt 0.288877 0.863271
vt 0.293982 0.846081
vt 0.297125 0.827428
vt 0.298187 0.808029
vt 0.684887 0.362889
vt 0.250369 0.905551
vt 0.257507 0.899893
vt 0.264085 0.890704
vt 0.269851 0.878339
vt 0.274583 0.863271
vt 0.278100 0.846081
vt 0.280265 0.827428
vt 0.280996 0.808029
vt 0.680851 0.361664
vt 0.246730 0.905551
vt 0.250369 0.899893
vt 0.253722 0.890704
vt 0.256662 0.878339
vt 0.259074 0.863271
vt 0.260867 0.846081
vt 0.261971 0.827428
vt 0.262343 0.808029
vt 0.676654 0.361251
vt 0.242945 0.905551
vt 0.242945 0.899893
vt 0.242945 0.890704
vt 0.242945 0.878339
vt 0.242945 0.863271
vt 0.242945 0.846081
vt 0.242945 0.827428
vt 0.242945 0.808029
vt 0.672457 0.361664
vt 0.239161 0.905551
vt 0.235522 0.899893
vt 0.232168 0.890704
vt 0.229229 0.878339
vt 0.226816 0.863271
vt 0.225024 0.846081
vt 0.223920 0.827428
vt 0.223547 0.808029
vt 0.668421 0.362889
vt 0.235522 0.905551
vt 0.228384 0.899893
vt 0.221805 0.890704
vt 0.216039 0.878339
vt 0.211307 0.863271
vt 0.207791 0.846081
vt 0.205625 0.827428
vt 0.204894 0.808029
vt 0.232168 0.905551
vt 0.664702 0.364877
vt 0.221805 0.899893
vt 0.212255 0.890704
vt 0.203884 0.878339
vt 0.197013 0.863271
vt 0.191909 0.846081
vt 0.188765 0.827428
vt 0.187704 0.808029
vt 0.661442 0.367552
vt 0.229229 0.905551
vt 0.216039 0.899893
vt 0.203884 0.890704
vt 0.193229 0.878339
vt 0.184485 0.863271
vt 0.177988 0.846081
vt 0.173987 0.827428
vt 0.172636 0.808029
vt 0.226816 0.905551
vt 0.658767 0.370812
vt 0.211307 0.899893
vt 0.197013 0.890704
vt 0.184485 0.878339
vt 0.174204 0.863271
vt 0.166564 0.846081
vt 0.161859 0.827428
vt 0.160270 0.808029
vt 0.656778 0.374531
vt 0.225024 0.905551
vt 0.207791 0.899893
vt 0.191909 0.890704
vt 0.177988 0.878339
vt 0.166564 0.863271
vt 0.158074 0.846081
vt 0.152847 0.827428
vt 0.151082 0.808029
vt 0.655554 0.378567
vt 0.223920 0.905551
vt 0.205625 0.899893
vt 0.188765 0.890704
vt 0.173987 0.878339
vt 0.161859 0.863271
vt 0.152847 0.846081
vt 0.147297 0.827428
vt 0.145424 0.808029
vt 0.223547 0.905551
vt 0.655141 0.382764
vt 0.469153 0.910437
vt 0.204894 0.899893
vt 0.487969 0.904730
vt 0.187704 0.890704
vt 0.505310 0.895461
vt 0.172636 0.878339
vt 0.520509 0.882987
vt 0.160270 0.863271
vt 0.532983 0.867787
vt 0.151082 0.846081
vt 0.542252 0.850446
vt 0.145424 0.827428
vt 0.547960 0.831630
vt 0.143513 0.808029
vt 0.549887 0.812062
vt 0.655554 0.386961
vt 0.468777 0.910437
vt 0.487231 0.904730
vt 0.504239 0.895461
vt 0.519146 0.882987
vt 0.531381 0.867787
vt 0.540471 0.850446
vt 0.546070 0.831630
vt 0.547960 0.812062
vt 0.656778 0.390997
vt 0.467663 0.910437
vt 0.485047 0.904730
vt 0.501068 0.895461
vt 0.515111 0.882987
vt 0.526635 0.867787
vt 0.535198 0.850446
vt 0.540471 0.831630
vt 0.542252 0.812062
vt 0.658767 0.394716
vt 0.465855 0.910437
vt 0.481500 0.904730
vt 0.495918 0.895461
vt 0.508556 0.882987
vt 0.518928 0.867787
vt 0.526635 0.850446
vt 0.531381 0.831630
vt 0.532983 0.812062
vt 0.661442 0.397976
vt 0.463421 0.910437
vt 0.476726 0.904730
vt 0.488988 0.895461
vt 0.499736 0.882987
vt 0.508556 0.867787
vt 0.515111 0.850446
vt 0.519146 0.831630
vt 0.520509 0.812062
vt 0.664702 0.400652
vt 0.460456 0.910437
vt 0.470910 0.904730
vt 0.480544 0.895461
vt 0.488988 0.882987
vt 0.495918 0.867787
vt 0.501068 0.850446
vt 0.504239 0.831630
vt 0.505310 0.812062
vt 0.668421 0.402640
vt 0.457073 0.910437
vt 0.464274 0.904730
vt 0.470910 0.895461
vt 0.476726 0.882987
vt 0.481500 0.867787
vt 0.485047 0.850446
vt 0.487231 0.831630
vt 0.487969 0.812062
vt 0.672457 0.403864
vt 0.453402 0.910437
vt 0.457073 0.904730
vt 0.460456 0.895461
vt 0.463421 0.882987
vt 0.465855 0.867787
vt 0.467663 0.850446
vt 0.468777 0.831630
vt 0.469153 0.812062
vt 0.676654 0.404278
vt 0.449585 0.910437
vt 0.449585 0.904730
vt 0.449585 0.882987
vt 0.449585 0.850446
vt 0.449585 0.098373
vt 0.449585 0.812063
vt 0.430081 0.098373
vt 0.430081 0.812063
vt 0.411327 0.098373
vt 0.411327 0.812063
vt 0.394043 0.098373
vt 0.394043 0.812063
vt 0.378893 0.098373
vt 0.378893 0.812063
vt 0.366460 0.098373
vt 0.366460 0.812063
vt 0.357222 0.098373
vt 0.357222 0.812063
vt 0.351533 0.098373
vt 0.351533 0.812063
vt 0.349612 0.098373
vt 0.349612 0.812063
vt 0.351533 0.098373
vt 0.340147 0.100531
vt 0.351533 0.812063
vt 0.340147 0.808030
vt 0.334507 0.100531
vt 0.334507 0.808030
vt 0.325349 0.100531
vt 0.325349 0.808030
vt 0.313024 0.100531
vt 0.313024 0.808030
vt 0.298005 0.100531
vt 0.298005 0.808030
vt 0.280871 0.100531
vt 0.280871 0.808030
vt 0.262280 0.100531
vt 0.262280 0.808030
vt 0.242945 0.100531
vt 0.242945 0.808030
vt 0.223611 0.100531
vt 0.223611 0.808030
vt 0.205019 0.100531
vt 0.205019 0.808030
vt 0.187885 0.100531
vt 0.187885 0.808030
vt 0.172867 0.100531
vt 0.172867 0.808030
vt 0.160542 0.100531
vt 0.160542 0.808030
vt 0.151384 0.100531
vt 0.151384 0.808030
vt 0.145744 0.100531
vt 0.145744 0.808030
vt 0.143840 0.100531
vt 0.549558 0.098373
vt 0.143840 0.808030
vt 0.549558 0.812063
vt 0.547637 0.098373
vt 0.547637 0.812063
vt 0.541948 0.098373
vt 0.541948 0.812063
vt 0.532709 0.098373
vt 0.532709 0.812063
vt 0.520276 0.098373
vt 0.520276 0.812063
vt 0.505127 0.098373
vt 0.505127 0.812063
vt 0.487843 0.098373
vt 0.487843 0.812063
vt 0.469088 0.098373
vt 0.469088 0.812063
vt 0.979687 0.845890
vt 0.979687 0.982437
vt 0.835391 0.845890
vt 0.835391 0.982437
vt 0.682053 0.845837
vt 0.682053 0.982780
vt 0.832122 0.845837
vt 0.832122 0.982780
vt 0.506386 0.008914
vt 0.369598 0.008914
vt 0.667840 0.807548
vt 0.506386 0.077307
vt 0.662352 0.596595
vt 0.369598 0.077307
vt 0.502111 0.008914
vt 0.683766 0.805979
vt 0.502111 0.077307
vt 0.677952 0.595058
vt 0.497837 0.008914
vt 0.699081 0.801334
vt 0.497837 0.077307
vt 0.692952 0.590508
vt 0.493562 0.008914
vt 0.713195 0.793790
vt 0.493562 0.077307
vt 0.706776 0.583119
vt 0.489287 0.008914
vt 0.725566 0.783637
vt 0.489287 0.077307
vt 0.718893 0.573175
vt 0.485013 0.008914
vt 0.735719 0.771266
vt 0.485013 0.077307
vt 0.728837 0.561058
vt 0.480738 0.008914
vt 0.743263 0.757152
vt 0.480738 0.077307
vt 0.736227 0.547234
vt 0.476463 0.008914
vt 0.747909 0.741837
vt 0.476463 0.077307
vt 0.740777 0.532233
vt 0.472189 0.008914
vt 0.749478 0.725910
vt 0.472189 0.077307
vt 0.742313 0.516634
vt 0.467914 0.008914
vt 0.747909 0.709983
vt 0.467914 0.077307
vt 0.740777 0.501034
vt 0.463640 0.008914
vt 0.743263 0.694669
vt 0.463640 0.077307
vt 0.736227 0.486034
vt 0.459365 0.008914
vt 0.735719 0.680555
vt 0.459365 0.077307
vt 0.728837 0.472210
vt 0.455091 0.008914
vt 0.725566 0.668184
vt 0.455091 0.077307
vt 0.718893 0.460093
vt 0.450816 0.008914
vt 0.713195 0.658031
vt 0.450816 0.077307
vt 0.706776 0.450149
vt 0.446541 0.008914
vt 0.699081 0.650487
vt 0.446541 0.077307
vt 0.692952 0.442759
vt 0.442267 0.008914
vt 0.683766 0.645841
vt 0.442267 0.077307
vt 0.677952 0.438209
vt 0.437992 0.008914
vt 0.667840 0.644272
vt 0.437992 0.077307
vt 0.662352 0.436673
vt 0.433717 0.008914
vt 0.651913 0.645841
vt 0.433717 0.077307
vt 0.646753 0.438209
vt 0.429443 0.008914
vt 0.636598 0.650487
vt 0.429443 0.077307
vt 0.631752 0.442759
vt 0.425168 0.008914
vt 0.622484 0.658031
vt 0.425168 0.077307
vt 0.617928 0.450149
vt 0.420894 0.008914
vt 0.610113 0.668184
vt 0.420894 0.077307
vt 0.605811 0.460093
vt 0.416619 0.008914
vt 0.599960 0.680555
vt 0.416619 0.077307
vt 0.595867 0.472210
vt 0.412344 0.008914
vt 0.592416 0.694669
vt 0.412344 0.077307
vt 0.588478 0.486034
vt 0.408070 0.008914
vt 0.587770 0.709983
vt 0.408070 0.077307
vt 0.583928 0.501034
vt 0.403795 0.008914
vt 0.586202 0.725910
vt 0.403795 0.077307
vt 0.582391 0.516634
vt 0.399521 0.008914
vt 0.587770 0.741837
vt 0.399521 0.077307
vt 0.583928 0.532233
vt 0.395246 0.008914
vt 0.592416 0.757152
vt 0.395246 0.077307
vt 0.588478 0.547234
vt 0.390971 0.008914
vt 0.599960 0.771266
vt 0.390971 0.077307
vt 0.595867 0.561058
vt 0.386697 0.008914
vt 0.610113 0.783637
vt 0.386697 0.077307
vt 0.605811 0.573175
vt 0.382422 0.008914
vt 0.622484 0.793790
vt 0.382422 0.077307
vt 0.617928 0.583119
vt 0.378148 0.008914
vt 0.636598 0.801334
vt 0.631752 0.590508
vt 0.378148 0.077307
vt 0.373873 0.008914
vt 0.651913 0.805979
vt 0.646753 0.595058
vt 0.373873 0.077307
vt 0.306024 0.012982
vt 0.173110 0.012982
vt 0.884867 0.811920
vt 0.306024 0.079439
vt 0.173110 0.079439
vt 0.301871 0.012982
vt 0.901344 0.810297
vt 0.301871 0.079439
vt 0.297717 0.012982
vt 0.917188 0.805491
vt 0.297717 0.079439
vt 0.293563 0.012982
vt 0.931790 0.797686
vt 0.293563 0.079439
vt 0.289410 0.012982
vt 0.944589 0.787182
vt 0.289410 0.079439
vt 0.285256 0.012982
vt 0.955093 0.774384
vt 0.285256 0.079439
vt 0.281103 0.012982
vt 0.962898 0.759782
vt 0.281103 0.079439
vt 0.276949 0.012982
vt 0.967704 0.743938
vt 0.276949 0.079439
vt 0.272796 0.012982
vt 0.969327 0.727460
vt 0.272796 0.079439
vt 0.268642 0.012982
vt 0.967704 0.710983
vt 0.268642 0.079439
vt 0.264488 0.012982
vt 0.962898 0.695139
vt 0.264488 0.079439
vt 0.260335 0.012982
vt 0.955093 0.680537
vt 0.260335 0.079439
vt 0.256181 0.012982
vt 0.944589 0.667739
vt 0.256181 0.079439
vt 0.252028 0.012982
vt 0.931790 0.657235
vt 0.252028 0.079439
vt 0.247874 0.012982
vt 0.917188 0.649430
vt 0.247874 0.079439
vt 0.243721 0.012982
vt 0.901344 0.644624
vt 0.243721 0.079439
vt 0.239567 0.012982
vt 0.884867 0.643001
vt 0.239567 0.079439
vt 0.235413 0.012982
vt 0.868390 0.644624
vt 0.235413 0.079439
vt 0.231260 0.012982
vt 0.852546 0.649430
vt 0.231260 0.079439
vt 0.227106 0.012982
vt 0.837944 0.657235
vt 0.227106 0.079439
vt 0.222953 0.012982
vt 0.825145 0.667739
vt 0.222953 0.079439
vt 0.218799 0.012982
vt 0.814641 0.680537
vt 0.218799 0.079439
vt 0.214646 0.012982
vt 0.806837 0.695139
vt 0.214646 0.079439
vt 0.210492 0.012982
vt 0.802030 0.710983
vt 0.210492 0.079439
vt 0.206338 0.012982
vt 0.800408 0.727460
vt 0.206338 0.079439
vt 0.202185 0.012982
vt 0.802030 0.743938
vt 0.202185 0.079439
vt 0.198031 0.012982
vt 0.806837 0.759782
vt 0.198031 0.079439
vt 0.193878 0.012982
vt 0.814641 0.774384
vt 0.193878 0.079439
vt 0.189724 0.012982
vt 0.825145 0.787182
vt 0.189724 0.079439
vt 0.185571 0.012982
vt 0.837944 0.797686
vt 0.185571 0.079439
vt 0.181417 0.012982
vt 0.852546 0.805491
vt 0.181417 0.079439
vt 0.177263 0.012982
vt 0.868390 0.810297
vt 0.177263 0.079439
vt 0.173110 0.079439
vt 0.306024 0.079439
vt 0.301871 0.079439
vt 0.297717 0.079439
vt 0.293563 0.079439
vt 0.289410 0.079439
vt 0.285256 0.079439
vt 0.281103 0.079439
vt 0.276949 0.079439
vt 0.272796 0.079439
vt 0.268642 0.079439
vt 0.264488 0.079439
vt 0.260335 0.079439
vt 0.256181 0.079439
vt 0.252028 0.079439
vt 0.247874 0.079439
vt 0.243721 0.079439
vt 0.239567 0.079439
vt 0.235413 0.079439
vt 0.231260 0.079439
vt 0.227106 0.079439
vt 0.222953 0.079439
vt 0.218799 0.079439
vt 0.214646 0.079439
vt 0.210492 0.079439
vt 0.206338 0.079439
vt 0.202185 0.079439
vt 0.198031 0.079439
vt 0.193878 0.079439
vt 0.189724 0.079439
vt 0.185571 0.079439
vt 0.181417 0.079439
vt 0.177263 0.079439
vt 0.306024 0.079439
vt 0.173110 0.079439
vt 0.301871 0.079439
vt 0.297717 0.079439
vt 0.293563 0.079439
vt 0.289410 0.079439
vt 0.285256 0.079439
vt 0.281103 0.079439
vt 0.276949 0.079439
vt 0.272796 0.079439
vt 0.268642 0.079439
vt 0.264488 0.079439
vt 0.260335 0.079439
vt 0.256181 0.079439
vt 0.252028 0.079439
vt 0.247874 0.079439
vt 0.243721 0.079439
vt 0.239567 0.079439
vt 0.235413 0.079439
vt 0.231260 0.079439
vt 0.227106 0.079439
vt 0.222953 0.079439
vt 0.218799 0.079439
vt 0.214646 0.079439
vt 0.210492 0.079439
vt 0.206338 0.079439
vt 0.202185 0.079439
vt 0.198031 0.079439
vt 0.193878 0.079439
vt 0.189724 0.079439
vt 0.185571 0.079439
vt 0.181417 0.079439
vt 0.177263 0.079439
vt 0.306024 0.079439
vt 0.173110 0.079439
vt 0.301871 0.079439
vt 0.297717 0.079439
vt 0.293563 0.079439
vt 0.289410 0.079439
vt 0.285256 0.079439
vt 0.281103 0.079439
vt 0.276949 0.079439
vt 0.272796 0.079439
vt 0.268642 0.079439
vt 0.264488 0.079439
vt 0.260335 0.079439
vt 0.256181 0.079439
vt 0.252028 0.079439
vt 0.247874 0.079439
vt 0.243721 0.079439
vt 0.239567 0.079439
vt 0.235413 0.079439
vt 0.231260 0.079439
vt 0.227106 0.079439
vt 0.222953 0.079439
vt 0.218799 0.079439
vt 0.214646 0.079439
vt 0.210492 0.079439
vt 0.206338 0.079439
vt 0.202185 0.079439
vt 0.198031 0.079439
vt 0.193878 0.079439
vt 0.189724 0.079439
vt 0.185571 0.079439
vt 0.181417 0.079439
vt 0.177263 0.079439
vt 0.306024 0.079439
vt 0.173110 0.079439
vt 0.301871 0.079439
vt 0.297717 0.079439
vt 0.293563 0.079439
vt 0.289410 0.079439
vt 0.285256 0.079439
vt 0.281103 0.079439
vt 0.276949 0.079439
vt 0.272796 0.079439
vt 0.268642 0.079439
vt 0.264488 0.079439
vt 0.260335 0.079439
vt 0.256181 0.079439
vt 0.252028 0.079439
vt 0.247874 0.079439
vt 0.243721 0.079439
vt 0.239567 0.079439
vt 0.235413 0.079439
vt 0.231260 0.079439
vt 0.227106 0.079439
vt 0.222953 0.079439
vt 0.218799 0.079439
vt 0.214646 0.079439
vt 0.210492 0.079439
vt 0.206338 0.079439
vt 0.202185 0.079439
vt 0.198031 0.079439
vt 0.193878 0.079439
vt 0.189724 0.079439
vt 0.185571 0.079439
vt 0.181417 0.079439
vt 0.177263 0.079439
vt 0.173110 0.079439
vt 0.306024 0.079439
vt 0.301871 0.079439
vt 0.297717 0.079439
vt 0.293563 0.079439
vt 0.289410 0.079439
vt 0.285256 0.079439
vt 0.281103 0.079439
vt 0.276949 0.079439
vt 0.272796 0.079439
vt 0.268642 0.079439
vt 0.264488 0.079439
vt 0.260335 0.079439
vt 0.256181 0.079439
vt 0.252028 0.079439
vt 0.247874 0.079439
vt 0.243721 0.079439
vt 0.239567 0.079439
vt 0.235413 0.079439
vt 0.231260 0.079439
vt 0.227106 0.079439
vt 0.222953 0.079439
vt 0.218799 0.079439
vt 0.214646 0.079439
vt 0.210492 0.079439
vt 0.206338 0.079439
vt 0.202185 0.079439
vt 0.198031 0.079439
vt 0.193878 0.079439
vt 0.189724 0.079439
vt 0.185571 0.079439
vt 0.181417 0.079439
vt 0.177263 0.079439
vt 0.306024 0.079439
vt 0.173110 0.079439
vt 0.301871 0.079439
vt 0.297717 0.079439
vt 0.293563 0.079439
vt 0.289410 0.079439
vt 0.285256 0.079439
vt 0.281103 0.079439
vt 0.276949 0.079439
vt 0.272796 0.079439
vt 0.268642 0.079439
vt 0.264488 0.079439
vt 0.260335 0.079439
vt 0.256181 0.079439
vt 0.252028 0.079439
vt 0.247874 0.079439
vt 0.243721 0.079439
vt 0.239567 0.079439
vt 0.235413 0.079439
vt 0.231260 0.079439
vt 0.227106 0.079439
vt 0.222953 0.079439
vt 0.218799 0.079439
vt 0.214646 0.079439
vt 0.210492 0.079439
vt 0.206338 0.079439
vt 0.202185 0.079439
vt 0.198031 0.079439
vt 0.193878 0.079439
vt 0.189724 0.079439
vt 0.185571 0.079439
vt 0.181417 0.079439
vt 0.177263 0.079439
vt 0.306024 0.079439
vt 0.173110 0.079439
vt 0.301871 0.079439
vt 0.297717 0.079439
vt 0.293563 0.079439
vt 0.289410 0.079439
vt 0.285256 0.079439
vt 0.281103 0.079439
vt 0.276949 0.079439
vt 0.272796 0.079439
vt 0.268642 0.079439
vt 0.264488 0.079439
vt 0.260335 0.079439
vt 0.256181 0.079439
vt 0.252028 0.079439
vt 0.247874 0.079439
vt 0.243721 0.079439
vt 0.239567 0.079439
vt 0.235413 0.079439
vt 0.231260 0.079439
vt 0.227106 0.079439
vt 0.222953 0.079439
vt 0.218799 0.079439
vt 0.214646 0.079439
vt 0.210492 0.079439
vt 0.206338 0.079439
vt 0.202185 0.079439
vt 0.198031 0.079439
vt 0.193878 0.079439
vt 0.189724 0.079439
vt 0.185571 0.079439
vt 0.181417 0.079439
vt 0.177263 0.079439
vt 0.306024 0.079439
vt 0.173110 0.079439
vt 0.301871 0.079439
vt 0.297717 0.079439
vt 0.293563 0.079439
vt 0.289410 0.079439
vt 0.285256 0.079439
vt 0.281103 0.079439
vt 0.276949 0.079439
vt 0.272796 0.079439
vt 0.268642 0.079439
vt 0.264488 0.079439
vt 0.260335 0.079439
vt 0.256181 0.079439
vt 0.252028 0.079439
vt 0.247874 0.079439
vt 0.243721 0.079439
vt 0.239567 0.079439
vt 0.235413 0.079439
vt 0.231260 0.079439
vt 0.227106 0.079439
vt 0.222953 0.079439
vt 0.218799 0.079439
vt 0.214646 0.079439
vt 0.210492 0.079439
vt 0.206338 0.079439
vt 0.202185 0.079439
vt 0.198031 0.079439
vt 0.193878 0.079439
vt 0.189724 0.079439
vt 0.185571 0.079439
vt 0.181417 0.079439
vt 0.177263 0.079439
vt 0.173110 0.079439
vt 0.306024 0.079439
vt 0.301871 0.079439
vt 0.297717 0.079439
vt 0.293563 0.079439
vt 0.289410 0.079439
vt 0.285256 0.079439
vt 0.281103 0.079439
vt 0.276949 0.079439
vt 0.272796 0.079439
vt 0.268642 0.079439
vt 0.264488 0.079439
vt 0.260335 0.079439
vt 0.256181 0.079439
vt 0.252028 0.079439
vt 0.247874 0.079439
vt 0.243721 0.079439
vt 0.239567 0.079439
vt 0.235413 0.079439
vt 0.231260 0.079439
vt 0.227106 0.079439
vt 0.222953 0.079439
vt 0.218799 0.079439
vt 0.214646 0.079439
vt 0.210492 0.079439
vt 0.206338 0.079439
vt 0.202185 0.079439
vt 0.198031 0.079439
vt 0.193878 0.079439
vt 0.189724 0.079439
vt 0.185571 0.079439
vt 0.181417 0.079439
vt 0.177263 0.079439
vt 0.173110 0.079439
vt 0.306024 0.079439
vt 0.301871 0.079439
vt 0.297717 0.079439
vt 0.293563 0.079439
vt 0.289410 0.079439
vt 0.285256 0.079439
vt 0.281103 0.079439
vt 0.276949 0.079439
vt 0.272796 0.079439
vt 0.268642 0.079439
vt 0.264488 0.079439
vt 0.260335 0.079439
vt 0.256181 0.079439
vt 0.252028 0.079439
vt 0.247874 0.079439
vt 0.243721 0.079439
vt 0.239567 0.079439
vt 0.235413 0.079439
vt 0.231260 0.079439
vt 0.227106 0.079439
vt 0.222953 0.079439
vt 0.218799 0.079439
vt 0.214646 0.079439
vt 0.210492 0.079439
vt 0.206338 0.079439
vt 0.202185 0.079439
vt 0.198031 0.079439
vt 0.193878 0.079439
vt 0.189724 0.079439
vt 0.185571 0.079439
vt 0.181417 0.079439
vt 0.177263 0.079439
vt 0.306024 0.079439
vt 0.173110 0.079439
vt 0.301871 0.079439
vt 0.297717 0.079439
vt 0.293563 0.079439
vt 0.289410 0.079439
vt 0.285256 0.079439
vt 0.281103 0.079439
vt 0.276949 0.079439
vt 0.272796 0.079439
vt 0.268642 0.079439
vt 0.264488 0.079439
vt 0.260335 0.079439
vt 0.256181 0.079439
vt 0.252028 0.079439
vt 0.247874 0.079439
vt 0.243721 0.079439
vt 0.239567 0.079439
vt 0.235413 0.079439
vt 0.231260 0.079439
vt 0.227106 0.079439
vt 0.222953 0.079439
vt 0.218799 0.079439
vt 0.214646 0.079439
vt 0.210492 0.079439
vt 0.206338 0.079439
vt 0.202185 0.079439
vt 0.198031 0.079439
vt 0.193878 0.079439
vt 0.189724 0.079439
vt 0.185571 0.079439
vt 0.181417 0.079439
vt 0.177263 0.079439
vt 0.306024 0.079439
vt 0.173110 0.079439
vt 0.301871 0.079439
vt 0.297717 0.079439
vt 0.293563 0.079439
vt 0.289410 0.079439
vt 0.285256 0.079439
vt 0.281103 0.079439
vt 0.276949 0.079439
vt 0.272796 0.079439
vt 0.268642 0.079439
vt 0.264488 0.079439
vt 0.260335 0.079439
vt 0.256181 0.079439
vt 0.252028 0.079439
vt 0.247874 0.079439
vt 0.243721 0.079439
vt 0.239567 0.079439
vt 0.235413 0.079439
vt 0.231260 0.079439
vt 0.227106 0.079439
vt 0.222953 0.079439
vt 0.218799 0.079439
vt 0.214646 0.079439
vt 0.210492 0.079439
vt 0.206338 0.079439
vt 0.202185 0.079439
vt 0.198031 0.079439
vt 0.193878 0.079439
vt 0.189724 0.079439
vt 0.185571 0.079439
vt 0.181417 0.079439
vt 0.177263 0.079439
vt 0.306024 0.079439
vt 0.173110 0.079439
vt 0.301871 0.079439
vt 0.297717 0.079439
vt 0.293563 0.079439
vt 0.289410 0.079439
vt 0.285256 0.079439
vt 0.281103 0.079439
vt 0.276949 0.079439
vt 0.272796 0.079439
vt 0.268642 0.079439
vt 0.264488 0.079439
vt 0.260335 0.079439
vt 0.256181 0.079439
vt 0.252028 0.079439
vt 0.247874 0.079439
vt 0.243721 0.079439
vt 0.239567 0.079439
vt 0.235413 0.079439
vt 0.231260 0.079439
vt 0.227106 0.079439
vt 0.222953 0.079439
vt 0.218799 0.079439
vt 0.214646 0.079439
vt 0.210492 0.079439
vt 0.206338 0.079439
vt 0.202185 0.079439
vt 0.198031 0.079439
vt 0.193878 0.079439
vt 0.189724 0.079439
vt 0.185571 0.079439
vt 0.181417 0.079439
vt 0.177263 0.079439
vt 0.173110 0.079439
vt 0.306024 0.079439
vt 0.301871 0.079439
vt 0.297717 0.079439
vt 0.293563 0.079439
vt 0.289410 0.079439
vt 0.285256 0.079439
vt 0.281103 0.079439
vt 0.276949 0.079439
vt 0.272796 0.079439
vt 0.268642 0.079439
vt 0.264488 0.079439
vt 0.260335 0.079439
vt 0.256181 0.079439
vt 0.252028 0.079439
vt 0.247874 0.079439
vt 0.243721 0.079439
vt 0.239567 0.079439
vt 0.235413 0.079439
vt 0.231260 0.079439
vt 0.227106 0.079439
vt 0.222953 0.079439
vt 0.218799 0.079439
vt 0.214646 0.079439
vt 0.210492 0.079439
vt 0.206338 0.079439
vt 0.202185 0.079439
vt 0.198031 0.079439
vt 0.193878 0.079439
vt 0.189724 0.079439
vt 0.185571 0.079439
vt 0.181417 0.079439
vt 0.177263 0.079439
vt 0.876279 0.606424
vt 0.173110 0.079439
vt 0.306024 0.079439
vt 0.893192 0.604758
vt 0.301871 0.079439
vt 0.909454 0.599825
vt 0.297717 0.079439
vt 0.924442 0.591814
vt 0.293563 0.079439
vt 0.937578 0.581033
vt 0.289410 0.079439
vt 0.948359 0.567896
vt 0.285256 0.079439
vt 0.956370 0.552909
vt 0.281103 0.079439
vt 0.961303 0.536646
vt 0.276949 0.079439
vt 0.962969 0.519734
vt 0.272796 0.079439
vt 0.961303 0.502822
vt 0.268642 0.079439
vt 0.956370 0.486559
vt 0.264488 0.079439
vt 0.948359 0.471572
vt 0.260335 0.079439
vt 0.937578 0.458435
vt 0.256181 0.079439
vt 0.924442 0.447654
vt 0.252028 0.079439
vt 0.909454 0.439643
vt 0.247874 0.079439
vt 0.893192 0.434710
vt 0.243721 0.079439
vt 0.876279 0.433044
vt 0.239567 0.079439
vt 0.859367 0.434710
vt 0.235413 0.079439
vt 0.843105 0.439643
vt 0.231260 0.079439
vt 0.828117 0.447654
vt 0.227106 0.079439
vt 0.814980 0.458435
vt 0.222953 0.079439
vt 0.804199 0.471572
vt 0.218799 0.079439
vt 0.796188 0.486559
vt 0.214646 0.079439
vt 0.791255 0.502822
vt 0.210492 0.079439
vt 0.789590 0.519734
vt 0.206338 0.079439
vt 0.791255 0.536646
vt 0.202185 0.079439
vt 0.796188 0.552909
vt 0.198031 0.079439
vt 0.804199 0.567896
vt 0.193878 0.079439
vt 0.814980 0.581033
vt 0.189724 0.079439
vt 0.828117 0.591814
vt 0.185571 0.079439
vt 0.843105 0.599825
vt 0.181417 0.079439
vt 0.859367 0.604758
vt 0.177263 0.079439
vt 0.683358 0.138038
vt 0.735061 0.189740
vt 0.646769 0.138038
vt 0.646769 0.189740
vt 0.603021 0.189740
vt 0.631656 0.161105
vt 0.683358 0.161105
vt 0.711993 0.189740
vt 0.646769 0.270078
vt 0.646769 0.161105
vt 0.660291 0.138038
vt 0.660291 0.189740
vt 0.660291 0.270078
vt 0.660291 0.161105
vt 0.664666 0.138038
vt 0.664666 0.189740
vt 0.664666 0.270078
vt 0.664666 0.161105
vt 0.643985 0.138038
vt 0.643985 0.189740
vt 0.643985 0.161105
vt 0.643985 0.270078
vt 0.683358 0.138038
vt 0.735061 0.189740
vt 0.664666 0.138038
vt 0.683358 0.138038
vt 0.735061 0.189740
vt 0.664666 0.138038
vt 0.683358 0.138038
vt 0.735061 0.189740
vt 0.664666 0.138038
vt 0.683358 0.138038
vt 0.735061 0.189740
vt 0.664666 0.138038
vt 0.735061 0.189740
vt 0.683358 0.138038
vt 0.664666 0.138038
vt 0.735061 0.189740
vt 0.683358 0.138038
vt 0.664666 0.138038
vt 0.645377 0.138038
vt 0.645377 0.189740
vt 0.645377 0.161105
vt 0.645377 0.270078
vt 0.643985 0.138038
vt 0.643985 0.086336
vt 0.643985 0.293145
vt 0.645377 0.086336
vt 0.645377 0.293145
vt 0.645377 0.138038
vt 0.643985 0.138038
vt 0.643985 0.293145
vt 0.643985 0.086336
vt 0.645377 0.293145
vt 0.645377 0.086336
vt 0.645377 0.138038
vt 0.643985 0.138038
vt 0.643985 0.086336
vt 0.643985 0.293145
vt 0.645377 0.086336
vt 0.645377 0.293145
vt 0.645377 0.138038
vt 0.643985 0.138038
vt 0.643985 0.086336
vt 0.643985 0.293145
vt 0.645377 0.293145
vt 0.645377 0.086336
vt 0.645377 0.138038
vt 0.643985 0.138038
vt 0.643985 0.293145
vt 0.643985 0.086336
vt 0.645377 0.293145
vt 0.645377 0.086336
vt 0.645377 0.138038
vt 0.643985 0.138038
vt 0.643985 0.086336
vt 0.643985 0.293145
vt 0.645377 0.086336
vt 0.645377 0.293145
vt 0.645377 0.138038
vt 0.643985 0.138038
vt 0.643985 0.293145
vt 0.643985 0.086336
vt 0.645377 0.293145
vt 0.645377 0.086336
vt 0.645377 0.138038
vt 0.643985 0.138038
vt 0.643985 0.293145
vt 0.643985 0.086336
vt 0.645377 0.293145
vt 0.645377 0.086336
vt 0.645377 0.138038
vt 0.683358 0.185179
vt 0.687920 0.189740
vt 0.677233 0.189740
vt 0.682553 0.187460
vt 0.685615 0.189741
vt 0.680310 0.189129
vt 0.680327 0.189756
vt 0.635941 0.189740
vt 0.631656 0.186547
vt 0.628463 0.189740
vt 0.633801 0.189313
vt 0.633808 0.189751
vt 0.632233 0.188144
vt 0.630053 0.189740
vt 0.631656 0.140707
vt 0.582622 0.189740
vt 0.635454 0.138038
vt 0.632161 0.139372
vt 0.581268 0.189739
vt 0.633552 0.138396
vt 0.631656 0.138038
vt 0.579954 0.189740
vt 0.735061 0.240107
vt 0.682224 0.293145
vt 0.735061 0.241443
vt 0.683358 0.293145
vt 0.646769 0.282321
vt 0.646769 0.087610
vt 0.646769 0.293145
vt 0.646769 0.086336
vt 0.646769 0.242357
vt 0.646769 0.240214
vt 0.646770 0.241443
vt 0.632920 0.270078
vt 0.603021 0.240179
vt 0.631656 0.270103
vt 0.602996 0.241443
vt 0.682226 0.270078
vt 0.711993 0.240170
vt 0.683358 0.270072
vt 0.711988 0.241443
vt 0.660291 0.282299
vt 0.660291 0.087611
vt 0.660291 0.293145
vt 0.660291 0.086336
vt 0.660291 0.240214
vt 0.660291 0.242357
vt 0.660290 0.241443
vt 0.664745 0.291529
vt 0.665567 0.293145
vt 0.664737 0.291900
vt 0.664666 0.087673
vt 0.664666 0.086336
vt 0.664666 0.293145
vt 0.664666 0.240213
vt 0.664666 0.242357
vt 0.664665 0.241443
vt 0.643985 0.242357
vt 0.643985 0.240215
vt 0.643986 0.241443
vt 0.643985 0.086335
vt 0.643984 0.293145
vt 0.645305 0.086335
vt 0.643985 0.292146
vt 0.643985 0.293145
vt 0.643985 0.086336
vt 0.735061 0.239805
vt 0.681611 0.293145
vt 0.735061 0.241443
vt 0.683358 0.293145
vt 0.666487 0.293145
vt 0.664666 0.087974
vt 0.664666 0.086336
vt 0.664666 0.293145
vt 0.735061 0.239226
vt 0.681003 0.293145
vt 0.735061 0.241443
vt 0.683358 0.293145
vt 0.667105 0.293145
vt 0.664666 0.088553
vt 0.664666 0.086336
vt 0.664666 0.293145
vt 0.735061 0.238206
vt 0.679928 0.293145
vt 0.683358 0.293145
vt 0.735061 0.241443
vt 0.668197 0.293145
vt 0.664666 0.089573
vt 0.664666 0.293145
vt 0.664666 0.086336
vt 0.735061 0.236648
vt 0.678283 0.293145
vt 0.735061 0.241443
vt 0.683358 0.293145
vt 0.669867 0.293145
vt 0.664666 0.091131
vt 0.664666 0.086336
vt 0.664666 0.293145
vt 0.735061 0.233659
vt 0.675124 0.293145
vt 0.735061 0.241443
vt 0.683358 0.293145
vt 0.673083 0.293145
vt 0.664666 0.094120
vt 0.664666 0.086336
vt 0.664666 0.293145
vt 0.664666 0.086336
vt 0.664666 0.293145
vt 0.683358 0.104220
vt 0.735061 0.223559
vt 0.677884 0.091574
vt 0.735061 0.241443
vt 0.683358 0.293145
vt 0.664666 0.104222
vt 0.683358 0.086336
vt 0.683358 0.293145
vt 0.670141 0.091575
vt 0.664666 0.086336
vt 0.664666 0.293145
vt 0.645381 0.087281
vt 0.645378 0.293145
vt 0.645377 0.290792
vt 0.645428 0.086336
vt 0.645377 0.293145
vt 0.645377 0.240214
vt 0.645377 0.242357
vt 0.645378 0.241443
vt 0.677051 0.242357
vt 0.677233 0.240212
vt 0.677233 0.241445
vt 0.682148 0.246124
vt 0.687920 0.240202
vt 0.683358 0.246034
vt 0.687949 0.241443
vt 0.679663 0.242877
vt 0.680327 0.240196
vt 0.680378 0.242104
vt 0.680487 0.241428
vt 0.680231 0.241732
vt 0.681466 0.244218
vt 0.685615 0.240206
vt 0.682579 0.243794
vt 0.685687 0.241442
vt 0.682492 0.243678
vt 0.685471 0.241442
vt 0.632890 0.244739
vt 0.628463 0.240211
vt 0.628423 0.241443
vt 0.631656 0.244675
vt 0.636089 0.242357
vt 0.635941 0.240215
vt 0.635941 0.241445
vt 0.633335 0.243503
vt 0.630053 0.240213
vt 0.632205 0.243114
vt 0.629978 0.241443
vt 0.632299 0.242990
vt 0.630211 0.241442
vt 0.634427 0.242689
vt 0.633808 0.240204
vt 0.633728 0.241925
vt 0.633633 0.241432
vt 0.633897 0.241642
vt 0.635337 0.292149
vt 0.635454 0.087658
vt 0.635307 0.293117
vt 0.635159 0.086336
vt 0.635454 0.293145
vt 0.635454 0.086336
vt 0.632967 0.290301
vt 0.582622 0.240127
vt 0.631656 0.290450
vt 0.582648 0.241443
vt 0.634275 0.291949
vt 0.579954 0.240121
vt 0.631656 0.087657
vt 0.633490 0.292744
vt 0.580012 0.241443
vt 0.633649 0.292806
vt 0.631851 0.086336
vt 0.633348 0.291298
vt 0.581268 0.240125
vt 0.632139 0.291754
vt 0.581326 0.241444
vt 0.632236 0.291863
vt 0.581197 0.241444
vt 0.306024 0.079439
vt 0.173110 0.079439
vt 0.301871 0.079439
vt 0.297717 0.079439
vt 0.293563 0.079439
vt 0.289410 0.079439
vt 0.285256 0.079439
vt 0.281103 0.079439
vt 0.276949 0.079439
vt 0.272796 0.079439
vt 0.268642 0.079439
vt 0.264488 0.079439
vt 0.260335 0.079439
vt 0.256181 0.079439
vt 0.252028 0.079439
vt 0.247874 0.079439
vt 0.243721 0.079439
vt 0.239567 0.079439
vt 0.235413 0.079439
vt 0.231260 0.079439
vt 0.227106 0.079439
vt 0.222953 0.079439
vt 0.218799 0.079439
vt 0.214646 0.079439
vt 0.210492 0.079439
vt 0.206338 0.079439
vt 0.202185 0.079439
vt 0.198031 0.079439
vt 0.193878 0.079439
vt 0.189724 0.079439
vt 0.185571 0.079439
vt 0.181417 0.079439
vt 0.177263 0.079439
vt 0.173110 0.079439
vt 0.306024 0.079439
vt 0.301871 0.079439
vt 0.297717 0.079439
vt 0.293563 0.079439
vt 0.289410 0.079439
vt 0.285256 0.079439
vt 0.281103 0.079439
vt 0.276949 0.079439
vt 0.272796 0.079439
vt 0.268642 0.079439
vt 0.264488 0.079439
vt 0.260335 0.079439
vt 0.256181 0.079439
vt 0.252028 0.079439
vt 0.247874 0.079439
vt 0.243721 0.079439
vt 0.239567 0.079439
vt 0.235413 0.079439
vt 0.231260 0.079439
vt 0.227106 0.079439
vt 0.222953 0.079439
vt 0.218799 0.079439
vt 0.214646 0.079439
vt 0.210492 0.079439
vt 0.206338 0.079439
vt 0.202185 0.079439
vt 0.198031 0.079439
vt 0.193878 0.079439
vt 0.189724 0.079439
vt 0.185571 0.079439
vt 0.181417 0.079439
vt 0.177263 0.079439
vt 0.173110 0.079439
vt 0.306024 0.079439
vt 0.301871 0.079439
vt 0.297717 0.079439
vt 0.293563 0.079439
vt 0.289410 0.079439
vt 0.285256 0.079439
vt 0.281103 0.079439
vt 0.276949 0.079439
vt 0.272796 0.079439
vt 0.268642 0.079439
vt 0.264488 0.079439
vt 0.260335 0.079439
vt 0.256181 0.079439
vt 0.252028 0.079439
vt 0.247874 0.079439
vt 0.243721 0.079439
vt 0.239567 0.079439
vt 0.235413 0.079439
vt 0.231260 0.079439
vt 0.227106 0.079439
vt 0.222953 0.079439
vt 0.218799 0.079439
vt 0.214646 0.079439
vt 0.210492 0.079439
vt 0.206338 0.079439
vt 0.202185 0.079439
vt 0.198031 0.079439
vt 0.193878 0.079439
vt 0.189724 0.079439
vt 0.185571 0.079439
vt 0.181417 0.079439
vt 0.177263 0.079439
vt 0.918825 0.134766
vt 0.858519 0.134766
vt 0.918825 0.195071
vt 0.858519 0.195071
vt 0.979130 0.134766
vt 0.918825 0.074460
vt 0.858519 0.074460
vt 0.979130 0.195071
vt 0.918825 0.255377
vt 0.918825 0.014154
vt 0.858519 0.255377
vt 0.858519 0.014154
vt 0.858519 0.134766
vt 0.858519 0.195071
vt 0.858519 0.074460
vt 0.858519 0.255377
vt 0.858519 0.014154
vt 0.858519 0.134766
vt 0.858519 0.195071
vt 0.858519 0.074460
vt 0.858519 0.255377
vt 0.858519 0.014154
vt 0.858519 0.134766
vt 0.858519 0.195071
vt 0.858519 0.074460
vt 0.858519 0.255377
vt 0.858519 0.014154
vt 0.858519 0.134766
vt 0.858519 0.195071
vt 0.858519 0.074460
vt 0.858519 0.014154
vt 0.858519 0.255377
vt 0.858519 0.134766
vt 0.858519 0.195071
vt 0.858519 0.074460
vt 0.858519 0.255377
vt 0.858519 0.014154
vt 0.858519 0.134766
vt 0.858519 0.195071
vt 0.858519 0.074460
vt 0.858519 0.255377
vt 0.858519 0.014154
vt 0.858519 0.134766
vt 0.858519 0.195071
vt 0.858519 0.074460
vt 0.858519 0.255377
vt 0.858519 0.014154
vt 0.858519 0.134766
vt 0.858519 0.195071
vt 0.858519 0.074460
vt 0.858519 0.255377
vt 0.858519 0.014154
vt 0.858519 0.134766
vt 0.858519 0.195071
vt 0.858519 0.074460
vt 0.858519 0.255377
vt 0.858519 0.014154
vt 0.858519 0.134766
vt 0.858519 0.195071
vt 0.858519 0.074460
vt 0.858519 0.255377
vt 0.858519 0.014154
vt 0.858519 0.134766
vt 0.858519 0.195071
vt 0.858519 0.074460
vt 0.858519 0.255377
vt 0.858519 0.014154
vt 0.858519 0.134766
vt 0.858519 0.195071
vt 0.858519 0.074460
vt 0.858519 0.255377
vt 0.858519 0.014154
vt 0.858519 0.134766
vt 0.858519 0.195071
vt 0.858519 0.074460
vt 0.858519 0.255377
vt 0.858519 0.014154
vt 0.858519 0.134766
vt 0.858519 0.195071
vt 0.858519 0.074460
vt 0.858519 0.255377
vt 0.858519 0.014154
vt 0.858519 0.134766
vt 0.858519 0.195071
vt 0.858519 0.074460
vt 0.858519 0.014154
vt 0.858519 0.255377
vt 0.858519 0.134766
vt 0.858519 0.195071
vt 0.858519 0.074460
vt 0.858519 0.255377
vt 0.858519 0.014154
vt 0.858519 0.134766
vt 0.858519 0.195071
vt 0.798213 0.134766
vt 0.858519 0.074460
vt 0.798213 0.195071
vt 0.858519 0.255377
vt 0.858519 0.014154
vt 0.879505 0.389278
vt 0.833828 0.343600
vt 0.835450 0.003141
vt 0.925182 0.389278
vt 0.970860 0.343600
vt 0.961424 0.003141
vt 0.764177 0.017216
vt 0.833828 0.297923
vt 0.829573 0.017216
vt 0.970860 0.297923
vt 0.879505 0.343600
vt 0.925182 0.343600
vt 0.879505 0.297923
vt 0.925182 0.297923
vt 0.879505 0.366439
vt 0.856666 0.343600
vt 0.948021 0.343600
vt 0.925182 0.366439
vt 0.764177 0.033565
vt 0.845247 0.297923
vt 0.959440 0.343600
vt 0.925182 0.377858
vt 0.829573 0.033565
vt 0.959440 0.297923
vt 0.845247 0.343600
vt 0.879505 0.377858
vt 0.925182 0.286504
vt 0.936602 0.297923
vt 0.879505 0.355020
vt 0.868086 0.343600
vt 0.879505 0.286504
vt 0.868086 0.297923
vt 0.925182 0.355020
vt 0.936602 0.343600
vt 0.833828 0.341287
vt 0.835450 0.009522
vt 0.970860 0.341287
vt 0.961424 0.009522
vt 0.879505 0.341287
vt 0.925182 0.341287
vt 0.948021 0.341287
vt 0.856666 0.341287
vt 0.845247 0.341287
vt 0.959440 0.341287
vt 0.936602 0.341287
vt 0.868086 0.341287
s 1
usemtl Mat_Extintor_LP
f 2/2/1 256/308/2 8/9/3 9/10/4
f 257/309/5 2/2/1 9/10/4 10/11/6
f 3/3/7 257/309/5 10/11/6 11/12/8
f 4/4/9 3/3/7 11/12/8 12/13/10
f 254/305/11 45/50/12 5/5/13
f 255/307/14 254/306/11 5/6/13 6/7/15
f 1/1/16 255/307/14 6/7/15 7/8/17
f 256/308/2 1/1/16 7/8/17 8/9/3
f 8/9/3 7/8/17 15/17/18 16/18/19
f 9/10/4 8/9/3 16/18/19 17/19/20
f 10/11/6 9/10/4 17/19/20 18/20/21
f 11/12/8 10/11/6 18/20/21 19/21/22
f 12/13/10 11/12/8 19/21/22 20/22/23
f 5/5/13 45/50/12 13/14/24
f 6/7/15 5/6/13 13/15/24 14/16/25
f 7/8/17 6/7/15 14/16/25 15/17/18
f 20/22/23 19/21/22 27/30/26 28/31/27
f 13/14/24 45/50/12 21/23/28
f 14/16/25 13/15/24 21/24/28 22/25/29
f 15/17/18 14/16/25 22/25/29 23/26/30
f 16/18/19 15/17/18 23/26/30 24/27/31
f 17/19/20 16/18/19 24/27/31 25/28/32
f 18/20/21 17/19/20 25/28/32 26/29/33
f 19/21/22 18/20/21 26/29/33 27/30/26
f 24/27/31 23/26/30 31/35/34 32/36/35
f 25/28/32 24/27/31 32/36/35 33/37/36
f 26/29/33 25/28/32 33/37/36 34/38/37
f 27/30/26 26/29/33 34/38/37 35/39/38
f 28/31/27 27/30/26 35/39/38 36/40/39
f 21/23/28 45/50/12 29/32/40
f 22/25/29 21/24/28 29/33/40 30/34/41
f 23/26/30 22/25/29 30/34/41 31/35/34
f 36/40/39 35/39/38 43/48/42 44/49/43
f 29/32/40 45/50/12 37/41/44
f 30/34/41 29/33/40 37/42/44 38/43/45
f 31/35/34 30/34/41 38/43/45 39/44/46
f 32/36/35 31/35/34 39/44/46 40/45/47
f 33/37/36 32/36/35 40/45/47 41/46/48
f 34/38/37 33/37/36 41/46/48 42/47/49
f 35/39/38 34/38/37 42/47/49 43/48/42
f 41/46/48 40/45/47 49/55/50 50/56/51
f 42/47/49 41/46/48 50/56/51 51/57/52
f 43/48/42 42/47/49 51/57/52 52/58/53
f 44/49/43 43/48/42 52/58/53 53/59/54
f 37/41/44 45/50/12 46/51/55
f 38/43/45 37/42/44 46/52/55 47/53/56
f 39/44/46 38/43/45 47/53/56 48/54/57
f 40/45/47 39/44/46 48/54/57 49/55/50
f 46/51/55 45/50/12 54/60/58
f 47/53/56 46/52/55 54/61/58 55/62/59
f 48/54/57 47/53/56 55/62/59 56/63/60
f 49/55/50 48/54/57 56/63/60 57/64/61
f 50/56/51 49/55/50 57/64/61 58/65/62
f 51/57/52 50/56/51 58/65/62 59/66/63
f 52/58/53 51/57/52 59/66/63 60/67/64
f 53/59/54 52/58/53 60/67/64 61/68/65
f 58/65/62 57/64/61 65/78/66 66/80/67
f 59/66/63 58/65/62 66/80/67 67/82/68
f 60/67/64 59/66/63 67/82/68 68/84/69
f 61/68/65 60/67/64 68/84/69 69/86/70
f 54/60/58 45/50/12 62/71/71
f 55/62/59 54/61/58 62/69/71 63/72/72
f 56/63/60 55/62/59 63/72/72 64/75/73
f 57/64/61 56/63/60 64/75/73 65/78/66
f 63/73/72 62/70/71 70/89/74 71/91/75
f 64/76/73 63/74/72 71/90/75 72/92/76
f 65/79/66 64/77/73 72/93/76 73/94/77
f 66/81/67 65/79/66 73/94/77 74/95/78
f 67/83/68 66/81/67 74/95/78 75/96/79
f 68/85/69 67/83/68 75/96/79 76/97/80
f 69/87/70 68/85/69 76/97/80 77/98/81
f 62/71/71 45/50/12 70/88/74
f 75/96/79 74/95/78 82/104/82 83/105/83
f 76/97/80 75/96/79 83/105/83 84/106/84
f 77/98/81 76/97/80 84/106/84 85/107/85
f 70/88/74 45/50/12 78/99/86
f 71/91/75 70/89/74 78/100/86 79/101/87
f 72/93/76 71/91/75 79/101/87 80/102/88
f 73/94/77 72/93/76 80/102/88 81/103/89
f 74/95/78 73/94/77 81/103/89 82/104/82
f 80/102/88 79/101/87 87/110/90 88/111/91
f 81/103/89 80/102/88 88/111/91 89/112/92
f 82/104/82 81/103/89 89/112/92 90/113/93
f 83/105/83 82/104/82 90/113/93 91/114/94
f 84/106/84 83/105/83 91/114/94 92/115/95
f 85/107/85 84/106/84 92/115/95 93/116/96
f 78/99/86 45/50/12 86/108/97
f 79/101/87 78/100/86 86/109/97 87/110/90
f 92/115/95 91/114/94 99/123/98 100/124/99
f 93/116/96 92/115/95 100/124/99 101/125/100
f 86/108/97 45/50/12 94/117/101
f 87/110/90 86/109/97 94/118/101 95/119/102
f 88/111/91 87/110/90 95/119/102 96/120/103
f 89/112/92 88/111/91 96/120/103 97/121/104
f 90/113/93 89/112/92 97/121/104 98/122/105
f 91/114/94 90/113/93 98/122/105 99/123/98
f 96/120/103 95/119/102 103/128/106 104/129/107
f 97/121/104 96/120/103 104/129/107 105/130/108
f 98/122/105 97/121/104 105/130/108 106/131/109
f 99/123/98 98/122/105 106/131/109 107/132/110
f 100/124/99 99/123/98 107/132/110 108/133/111
f 101/125/100 100/124/99 108/133/111 109/134/112
f 94/117/101 45/50/12 102/126/113
f 95/119/102 94/118/101 102/127/113 103/128/106
f 108/133/111 107/132/110 115/141/114 116/142/115
f 109/134/112 108/133/111 116/142/115 117/143/116
f 102/126/113 45/50/12 110/135/117
f 103/128/106 102/127/113 110/136/117 111/137/118
f 104/129/107 103/128/106 111/137/118 112/138/119
f 105/130/108 104/129/107 112/138/119 113/139/120
f 106/131/109 105/130/108 113/139/120 114/140/121
f 107/132/110 106/131/109 114/140/121 115/141/114
f 113/139/120 112/138/119 120/147/122 121/148/123
f 114/140/121 113/139/120 121/148/123 122/149/124
f 115/141/114 114/140/121 122/149/124 123/150/125
f 116/142/115 115/141/114 123/150/125 124/151/126
f 117/143/116 116/142/115 124/151/126 125/152/127
f 110/135/117 45/50/12 118/144/128
f 111/137/118 110/136/117 118/145/128 119/146/129
f 112/138/119 111/137/118 119/146/129 120/147/122
f 125/152/127 124/151/126 132/160/130 133/161/131
f 118/144/128 45/50/12 126/153/132
f 119/146/129 118/145/128 126/154/132 127/155/133
f 120/147/122 119/146/129 127/155/133 128/156/134
f 121/148/123 120/147/122 128/156/134 129/157/135
f 122/149/124 121/148/123 129/157/135 130/158/136
f 123/150/125 122/149/124 130/158/136 131/159/137
f 124/151/126 123/150/125 131/159/137 132/160/130
f 129/157/135 128/156/134 136/165/138 137/166/139
f 130/158/136 129/157/135 137/166/139 138/167/140
f 131/159/137 130/158/136 138/167/140 139/168/141
f 132/160/130 131/159/137 139/168/141 140/169/142
f 133/161/131 132/160/130 140/169/142 141/170/143
f 126/153/132 45/50/12 134/162/144
f 127/155/133 126/154/132 134/163/144 135/164/145
f 128/156/134 127/155/133 135/164/145 136/165/138
f 141/170/143 140/169/142 148/178/146 149/179/147
f 134/162/144 45/50/12 142/171/148
f 135/164/145 134/163/144 142/172/148 143/173/149
f 136/165/138 135/164/145 143/173/149 144/174/150
f 137/166/139 136/165/138 144/174/150 145/175/151
f 138/167/140 137/166/139 145/175/151 146/176/152
f 139/168/141 138/167/140 146/176/152 147/177/153
f 140/169/142 139/168/141 147/177/153 148/178/146
f 146/176/152 145/175/151 153/184/154 154/185/155
f 147/177/153 146/176/152 154/185/155 155/186/156
f 148/178/146 147/177/153 155/186/156 156/187/157
f 149/179/147 148/178/146 156/187/157 157/188/158
f 142/171/148 45/50/12 150/181/159
f 143/173/149 142/172/148 150/180/159 151/182/160
f 144/174/150 143/173/149 151/182/160 152/183/161
f 145/175/151 144/174/150 152/183/161 153/184/154
f 151/182/160 150/180/159 158/190/162 159/191/163
f 152/183/161 151/182/160 159/191/163 160/192/164
f 153/184/154 152/183/161 160/192/164 161/193/165
f 154/185/155 153/184/154 161/193/165 162/194/166
f 155/186/156 154/185/155 162/194/166 163/195/167
f 156/187/157 155/186/156 163/195/167 164/196/168
f 157/188/158 156/187/157 164/196/168 165/197/169
f 150/181/159 45/50/12 158/189/162
f 163/195/167 162/194/166 170/203/170 171/204/171
f 164/196/168 163/195/167 171/204/171 172/205/172
f 165/197/169 164/196/168 172/205/172 173/206/173
f 158/189/162 45/50/12 166/199/174
f 159/191/163 158/190/162 166/198/174 167/200/175
f 160/192/164 159/191/163 167/200/175 168/201/176
f 161/193/165 160/192/164 168/201/176 169/202/177
f 162/194/166 161/193/165 169/202/177 170/203/170
f 167/200/175 166/198/174 174/208/178 175/209/179
f 168/201/176 167/200/175 175/209/179 176/210/180
f 169/202/177 168/201/176 176/210/180 177/211/181
f 170/203/170 169/202/177 177/211/181 178/212/182
f 171/204/171 170/203/170 178/212/182 179/213/183
f 172/205/172 171/204/171 179/213/183 180/214/184
f 173/206/173 172/205/172 180/214/184 181/215/185
f 166/199/174 45/50/12 174/207/178
f 179/213/183 178/212/182 186/221/186 187/222/187
f 180/214/184 179/213/183 187/222/187 188/223/188
f 181/215/185 180/214/184 188/223/188 189/224/189
f 174/207/178 45/50/12 182/216/190
f 175/209/179 174/208/178 182/217/190 183/218/191
f 176/210/180 175/209/179 183/218/191 184/219/192
f 177/211/181 176/210/180 184/219/192 185/220/193
f 178/212/182 177/211/181 185/220/193 186/221/186
f 184/219/192 183/218/191 191/228/194 192/230/195
f 185/220/193 184/219/192 192/230/195 193/232/196
f 186/221/186 185/220/193 193/232/196 194/234/197
f 187/222/187 186/221/186 194/234/197 195/236/198
f 188/223/188 187/222/187 195/236/198 196/238/199
f 189/224/189 188/223/188 196/238/199 197/240/200
f 182/216/190 45/50/12 190/226/201
f 183/218/191 182/217/190 190/225/201 191/228/194
f 196/239/199 195/237/198 203/248/202 204/249/203
f 197/241/200 196/239/199 204/249/203 205/250/204
f 190/226/201 45/50/12 198/242/205
f 191/229/194 190/227/201 198/243/205 199/244/206
f 192/231/195 191/229/194 199/244/206 200/245/207
f 193/233/196 192/231/195 200/245/207 201/246/208
f 194/235/197 193/233/196 201/246/208 202/247/209
f 195/237/198 194/235/197 202/247/209 203/248/202
f 200/245/207 199/244/206 207/253/210 208/254/211
f 201/246/208 200/245/207 208/254/211 209/255/212
f 202/247/209 201/246/208 209/255/212 210/256/213
f 203/248/202 202/247/209 210/256/213 211/257/214
f 204/249/203 203/248/202 211/257/214 212/258/215
f 205/250/204 204/249/203 212/258/215 213/259/216
f 198/242/205 45/50/12 206/251/217
f 199/244/206 198/243/205 206/252/217 207/253/210
f 212/258/215 211/257/214 219/266/218 220/267/219
f 213/259/216 212/258/215 220/267/219 221/268/220
f 206/251/217 45/50/12 214/260/221
f 207/253/210 206/252/217 214/261/221 215/262/222
f 208/254/211 207/253/210 215/262/222 216/263/223
f 209/255/212 208/254/211 216/263/223 217/264/224
f 210/256/213 209/255/212 217/264/224 218/265/225
f 211/257/214 210/256/213 218/265/225 219/266/218
f 217/264/224 216/263/223 224/272/226 225/273/227
f 218/265/225 217/264/224 225/273/227 226/274/228
f 219/266/218 218/265/225 226/274/228 227/275/229
f 220/267/219 219/266/218 227/275/229 228/276/230
f 221/268/220 220/267/219 228/276/230 229/277/231
f 214/260/221 45/50/12 222/269/232
f 215/262/222 214/261/221 222/270/232 223/271/233
f 216/263/223 215/262/222 223/271/233 224/272/226
f 229/277/231 228/276/230 236/285/234 237/286/235
f 222/269/232 45/50/12 230/278/236
f 223/271/233 222/270/232 230/279/236 231/280/237
f 224/272/226 223/271/233 231/280/237 232/281/238
f 225/273/227 224/272/226 232/281/238 233/282/239
f 226/274/228 225/273/227 233/282/239 234/283/240
f 227/275/229 226/274/228 234/283/240 235/284/241
f 228/276/230 227/275/229 235/284/241 236/285/234
f 234/283/240 233/282/239 241/291/242 242/292/243
f 235/284/241 234/283/240 242/292/243 243/293/244
f 236/285/234 235/284/241 243/293/244 244/294/245
f 237/286/235 236/285/234 244/294/245 245/295/246
f 230/278/236 45/50/12 238/287/247
f 231/280/237 230/279/236 238/288/247 239/289/248
f 232/281/238 231/280/237 239/289/248 240/290/249
f 233/282/239 232/281/238 240/290/249 241/291/242
f 238/287/247 45/50/12 246/296/250
f 239/289/248 238/288/247 246/297/250 247/298/251
f 240/290/249 239/289/248 247/298/251 248/299/252
f 241/291/242 240/290/249 248/299/252 249/300/253
f 242/292/243 241/291/242 249/300/253 250/301/254
f 243/293/244 242/292/243 250/301/254 251/302/255
f 244/294/245 243/293/244 251/302/255 252/303/256
f 245/295/246 244/294/245 252/303/256 253/304/257
f 250/301/254 249/300/253 256/308/2 2/2/1
f 251/302/255 250/301/254 2/2/1 257/309/5
f 252/303/256 251/302/255 257/309/5 3/3/7
f 253/304/257 252/303/256 3/3/7 4/4/9
f 246/296/250 45/50/12 254/305/11
f 247/298/251 246/297/250 254/306/11 255/307/14
f 248/299/252 247/298/251 255/307/14 1/1/16
f 249/300/253 248/299/252 1/1/16 256/308/2
f 258/310/258 259/311/258 261/313/259 260/312/259
f 260/312/259 261/313/259 263/315/260 262/314/260
f 262/314/260 263/315/260 265/317/261 264/316/261
f 264/316/261 265/317/261 267/319/262 266/318/262
f 266/318/262 267/319/262 269/321/263 268/320/263
f 268/320/263 269/321/263 271/323/264 270/322/264
f 270/322/264 271/323/264 273/325/265 272/324/265
f 272/324/265 273/325/265 275/327/266 274/326/266
f 274/326/266 275/327/266 277/330/267 276/328/267
f 276/329/267 277/331/267 279/333/268 278/332/268
f 278/332/268 279/333/268 281/335/269 280/334/269
f 280/334/269 281/335/269 283/337/270 282/336/270
f 282/336/270 283/337/270 285/339/271 284/338/271
f 284/338/271 285/339/271 287/341/272 286/340/272
f 286/340/272 287/341/272 289/343/273 288/342/273
f 288/342/273 289/343/273 291/345/274 290/344/274
f 290/344/274 291/345/274 293/347/275 292/346/275
f 292/346/275 293/347/275 295/349/276 294/348/276
f 294/348/276 295/349/276 297/351/277 296/350/277
f 296/350/277 297/351/277 299/353/278 298/352/278
f 298/352/278 299/353/278 301/355/279 300/354/279
f 300/354/279 301/355/279 303/357/280 302/356/280
f 302/356/280 303/357/280 305/359/281 304/358/281
f 304/358/281 305/359/281 307/362/282 306/360/282
f 306/361/282 307/363/282 309/365/283 308/364/283
f 308/364/283 309/365/283 311/367/284 310/366/284
f 310/366/284 311/367/284 313/369/285 312/368/285
f 312/368/285 313/369/285 315/371/286 314/370/286
f 314/370/286 315/371/286 317/373/287 316/372/287
f 316/372/287 317/373/287 319/375/288 318/374/288
f 318/374/288 319/375/288 321/377/289 320/376/289
f 320/376/289 321/377/289 259/311/258 258/310/258
s 0
f 322/378/290 323/379/290 325/381/290 324/380/290
f 328/384/291 329/385/291 327/383/291 326/382/291
s 1
f 330/386/292 331/389/293 333/394/294 332/392/295
f 332/392/295 333/394/294 335/398/296 334/396/297
f 334/396/297 335/398/296 337/402/298 336/400/299
f 336/400/299 337/402/298 339/406/300 338/404/301
f 338/404/301 339/406/300 341/410/302 340/408/303
f 340/408/303 341/410/302 343/414/304 342/412/305
f 342/412/305 343/414/304 345/418/306 344/416/307
f 344/416/307 345/418/306 347/422/308 346/420/309
f 346/420/309 347/422/308 349/426/310 348/424/311
f 348/424/311 349/426/310 351/430/312 350/428/313
f 350/428/313 351/430/312 353/434/314 352/432/315
f 352/432/315 353/434/314 355/438/316 354/436/317
f 354/436/317 355/438/316 357/442/318 356/440/319
f 356/440/319 357/442/318 359/446/320 358/444/321
f 358/444/321 359/446/320 361/450/322 360/448/323
f 360/448/323 361/450/322 363/454/324 362/452/325
f 362/452/325 363/454/324 365/458/326 364/456/327
f 364/456/327 365/458/326 367/462/328 366/460/329
f 366/460/329 367/462/328 369/466/330 368/464/331
f 368/464/331 369/466/330 371/470/332 370/468/333
f 370/468/333 371/470/332 373/474/334 372/472/335
f 372/472/335 373/474/334 375/478/336 374/476/337
f 374/476/337 375/478/336 377/482/338 376/480/339
f 376/480/339 377/482/338 379/486/340 378/484/341
f 378/484/341 379/486/340 381/490/342 380/488/343
f 380/488/343 381/490/342 383/494/344 382/492/345
f 382/492/345 383/494/344 385/498/346 384/496/347
f 384/496/347 385/498/346 387/502/348 386/500/349
f 386/500/349 387/502/348 389/506/350 388/504/351
f 388/504/351 389/506/350 391/511/352 390/508/353
f 333/395/294 331/390/293 393/514/354 391/510/352 389/507/350 387/503/348 385/499/346 383/495/344 381/491/342 379/487/340 377/483/338 375/479/336 373/475/334 371/471/332 369/467/330 367/463/328 365/459/326 363/455/324 361/451/322 359/447/320 357/443/318 355/439/316 353/435/314 351/431/312 349/427/310 347/423/308 345/419/306 343/415/304 341/411/302 339/407/300 337/403/298 335/399/296
f 390/508/353 391/511/352 393/515/354 392/512/355
f 392/512/355 393/515/354 331/391/293 330/387/292
f 330/388/292 332/393/295 334/397/297 336/401/299 338/405/301 340/409/303 342/413/305 344/417/307 346/421/309 348/425/311 350/429/313 352/433/315 354/437/317 356/441/319 358/445/321 360/449/323 362/453/325 364/457/327 366/461/329 368/465/331 370/469/333 372/473/335 374/477/337 376/481/339 378/485/341 380/489/343 382/493/345 384/497/347 386/501/349 388/505/351 390/509/353 392/513/355
f 394/516/356 396/521/357 397/523/358 395/519/359
f 396/521/357 398/524/360 399/526/361 397/523/358
f 398/524/360 400/527/362 401/529/363 399/526/361
f 400/527/362 402/530/364 403/532/365 401/529/363
f 402/530/364 404/533/366 405/535/367 403/532/365
f 404/533/366 406/536/368 407/538/369 405/535/367
f 406/536/368 408/539/370 409/541/371 407/538/369
f 408/539/370 410/542/372 411/544/373 409/541/371
f 410/542/372 412/545/374 413/547/375 411/544/373
f 412/545/374 414/548/376 415/550/377 413/547/375
f 414/548/376 416/551/378 417/553/379 415/550/377
f 416/551/378 418/554/380 419/556/381 417/553/379
f 418/554/380 420/557/382 421/559/383 419/556/381
f 420/557/382 422/560/384 423/562/385 421/559/383
f 422/560/384 424/563/386 425/565/387 423/562/385
f 424/563/386 426/566/388 427/568/389 425/565/387
f 426/566/388 428/569/390 429/571/391 427/568/389
f 428/569/390 430/572/392 431/574/393 429/571/391
f 430/572/392 432/575/394 433/577/395 431/574/393
f 432/575/394 434/578/396 435/580/397 433/577/395
f 434/578/396 436/581/398 437/583/399 435/580/397
f 436/581/398 438/584/400 439/586/401 437/583/399
f 438/584/400 440/587/402 441/589/403 439/586/401
f 440/587/402 442/590/404 443/592/405 441/589/403
f 442/590/404 444/593/406 445/595/407 443/592/405
f 444/593/406 446/596/408 447/598/409 445/595/407
f 446/596/408 448/599/410 449/601/411 447/598/409
f 448/599/410 450/602/412 451/604/413 449/601/411
f 450/602/412 452/605/414 453/607/415 451/604/413
f 452/605/414 454/608/416 455/610/417 453/607/415
f 405/535/367 1133/1425/418 1132/1424/419 403/532/365
f 454/608/416 456/611/420 457/613/421 455/610/417
f 456/611/420 394/517/356 395/520/359 457/613/421
f 394/518/356 456/612/420 454/609/416 452/606/414 450/603/412 448/600/410 446/597/408 444/594/406 442/591/404 440/588/402 438/585/400 436/582/398 434/579/396 432/576/394 430/573/392 428/570/390 426/567/388 424/564/386 422/561/384 420/558/382 418/555/380 416/552/378 414/549/376 412/546/374 410/543/372 408/540/370 406/537/368 404/534/366 402/531/364 400/528/362 398/525/360 396/522/357
f 469/626/422 1203/1497/423 1204/1498/424 470/627/425
f 457/613/421 1159/1451/426 1158/1450/427 455/610/417
f 468/625/428 1202/1496/429 1203/1497/423 469/626/422
f 439/586/401 1150/1442/430 1149/1441/431 437/583/399
f 467/624/432 1201/1495/433 1202/1496/429 468/625/428
f 421/559/383 1141/1433/434 1140/1432/435 419/556/381
f 403/532/365 1132/1424/419 1131/1423/436 401/529/363
f 466/623/437 1200/1494/438 1201/1495/433 467/624/432
f 455/610/417 1158/1450/427 1157/1449/439 453/607/415
f 465/622/440 1199/1493/441 1200/1494/438 466/623/437
f 437/583/399 1149/1441/431 1148/1440/442 435/580/397
f 464/621/443 1198/1492/444 1199/1493/441 465/622/440
f 419/556/381 1140/1432/435 1139/1431/445 417/553/379
f 401/529/363 1131/1423/436 1130/1422/446 399/526/361
f 463/620/447 1197/1491/448 1198/1492/444 464/621/443
f 489/646/449 1223/1517/450 1192/1485/451 458/614/452
f 453/607/415 1157/1449/439 1156/1448/453 451/604/413
f 462/619/454 1196/1490/455 1197/1491/448 463/620/447
f 435/580/397 1148/1440/442 1147/1439/456 433/577/395
f 488/645/457 1222/1516/458 1223/1517/450 489/646/449
f 461/618/459 1195/1489/460 1196/1490/455 462/619/454
f 417/553/379 1139/1431/445 1138/1430/461 415/550/377
f 487/644/462 1221/1515/463 1222/1516/458 488/645/457
f 399/526/361 1130/1422/446 1129/1421/464 397/523/358
f 460/617/465 1194/1488/466 1195/1489/460 461/618/459
f 486/643/467 1220/1514/468 1221/1515/463 487/644/462
f 451/604/413 1156/1448/453 1155/1447/469 449/601/411
f 459/616/470 1193/1487/471 1194/1488/466 460/617/465
f 433/577/395 1147/1439/456 1146/1438/472 431/574/393
f 485/642/473 1219/1513/474 1220/1514/468 486/643/467
f 458/615/452 1192/1486/451 1193/1487/471 459/616/470
f 415/550/377 1138/1430/461 1137/1429/475 413/547/375
f 476/633/476 508/666/477 507/665/478 475/632/479
f 484/641/480 1218/1512/481 1219/1513/474 485/642/473
f 483/640/482 1217/1511/483 1218/1512/481 484/641/480
f 449/601/411 1155/1447/469 1154/1446/484 447/598/409
f 397/523/358 1129/1421/464 1128/1419/485 395/519/359
f 431/574/393 1146/1438/472 1145/1437/486 429/571/391
f 482/639/487 1216/1510/488 1217/1511/483 483/640/482
f 413/547/375 1137/1429/475 1136/1428/489 411/544/373
f 481/638/490 1215/1509/491 1216/1510/488 482/639/487
f 480/637/492 1214/1508/493 1215/1509/491 481/638/490
f 447/598/409 1154/1446/484 1153/1445/494 445/595/407
f 429/571/391 1145/1437/486 1144/1436/495 427/568/389
f 479/636/496 1213/1507/497 1214/1508/493 480/637/492
f 411/544/373 1136/1428/489 1135/1427/498 409/541/371
f 478/635/499 1212/1506/500 1213/1507/497 479/636/496
f 477/634/501 1211/1505/502 1212/1506/500 478/635/499
f 445/595/407 1153/1445/494 1152/1444/503 443/592/405
f 476/633/476 1210/1504/504 1211/1505/502 477/634/501
f 427/568/389 1144/1436/495 1143/1435/505 425/565/387
f 409/541/371 1135/1427/498 1134/1426/506 407/538/369
f 475/632/479 1209/1503/507 1210/1504/504 476/633/476
f 474/631/508 1208/1502/509 1209/1503/507 475/632/479
f 443/592/405 1152/1444/503 1151/1443/510 441/589/403
f 473/630/511 1207/1501/512 1208/1502/509 474/631/508
f 425/565/387 1143/1435/505 1142/1434/513 423/562/385
f 407/538/369 1134/1426/506 1133/1425/418 405/535/367
f 472/629/514 1206/1500/515 1207/1501/512 473/630/511
f 395/520/359 1128/1420/485 1159/1451/426 457/613/421
f 471/628/516 1205/1499/517 1206/1500/515 472/629/514
f 441/589/403 1151/1443/510 1150/1442/430 439/586/401
f 423/562/385 1142/1434/513 1141/1433/434 421/559/383
f 470/627/425 1204/1498/424 1205/1499/517 471/628/516
f 511/669/518 543/702/519 542/701/520 510/668/521
f 463/620/447 495/653/522 494/652/523 462/619/454
f 458/614/452 490/648/524 521/679/525 489/646/449
f 477/634/501 509/667/526 508/666/477 476/633/476
f 464/621/443 496/654/527 495/653/522 463/620/447
f 478/635/499 510/668/521 509/667/526 477/634/501
f 465/622/440 497/655/528 496/654/527 464/621/443
f 479/636/496 511/669/518 510/668/521 478/635/499
f 466/623/437 498/656/529 497/655/528 465/622/440
f 480/637/492 512/670/530 511/669/518 479/636/496
f 467/624/432 499/657/531 498/656/529 466/623/437
f 481/638/490 513/671/532 512/670/530 480/637/492
f 468/625/428 500/658/533 499/657/531 467/624/432
f 482/639/487 514/672/534 513/671/532 481/638/490
f 469/626/422 501/659/535 500/658/533 468/625/428
f 483/640/482 515/673/536 514/672/534 482/639/487
f 470/627/425 502/660/537 501/659/535 469/626/422
f 484/641/480 516/674/538 515/673/536 483/640/482
f 471/628/516 503/661/539 502/660/537 470/627/425
f 485/642/473 517/675/540 516/674/538 484/641/480
f 472/629/514 504/662/541 503/661/539 471/628/516
f 459/616/470 491/649/542 490/647/524 458/615/452
f 486/643/467 518/676/543 517/675/540 485/642/473
f 473/630/511 505/663/544 504/662/541 472/629/514
f 460/617/465 492/650/545 491/649/542 459/616/470
f 487/644/462 519/677/546 518/676/543 486/643/467
f 474/631/508 506/664/547 505/663/544 473/630/511
f 461/618/459 493/651/548 492/650/545 460/617/465
f 488/645/457 520/678/549 519/677/546 487/644/462
f 475/632/479 507/665/478 506/664/547 474/631/508
f 462/619/454 494/652/523 493/651/548 461/618/459
f 489/646/449 521/679/525 520/678/549 488/645/457
f 546/705/550 578/738/551 577/737/552 545/704/553
f 498/656/529 530/689/554 529/688/555 497/655/528
f 512/670/530 544/703/556 543/702/519 511/669/518
f 499/657/531 531/690/557 530/689/554 498/656/529
f 513/671/532 545/704/553 544/703/556 512/670/530
f 500/658/533 532/691/558 531/690/557 499/657/531
f 514/672/534 546/705/550 545/704/553 513/671/532
f 501/659/535 533/692/559 532/691/558 500/658/533
f 515/673/536 547/706/560 546/705/550 514/672/534
f 502/660/537 534/693/561 533/692/559 501/659/535
f 516/674/538 548/707/562 547/706/560 515/673/536
f 503/661/539 535/694/563 534/693/561 502/660/537
f 517/675/540 549/708/564 548/707/562 516/674/538
f 504/662/541 536/695/565 535/694/563 503/661/539
f 491/649/542 523/682/566 522/680/567 490/647/524
f 518/676/543 550/709/568 549/708/564 517/675/540
f 505/663/544 537/696/569 536/695/565 504/662/541
f 492/650/545 524/683/570 523/682/566 491/649/542
f 519/677/546 551/710/571 550/709/568 518/676/543
f 506/664/547 538/697/572 537/696/569 505/663/544
f 493/651/548 525/684/573 524/683/570 492/650/545
f 520/678/549 552/711/574 551/710/571 519/677/546
f 507/665/478 539/698/575 538/697/572 506/664/547
f 494/652/523 526/685/576 525/684/573 493/651/548
f 521/679/525 553/712/577 552/711/574 520/678/549
f 508/666/477 540/699/578 539/698/575 507/665/478
f 495/653/522 527/686/579 526/685/576 494/652/523
f 490/648/524 522/681/567 553/712/577 521/679/525
f 509/667/526 541/700/580 540/699/578 508/666/477
f 496/654/527 528/687/581 527/686/579 495/653/522
f 510/668/521 542/701/520 541/700/580 509/667/526
f 497/655/528 529/688/555 528/687/581 496/654/527
f 581/741/582 613/774/583 612/773/584 580/740/585
f 533/692/559 565/725/586 564/724/587 532/691/558
f 547/706/560 579/739/588 578/738/551 546/705/550
f 534/693/561 566/726/589 565/725/586 533/692/559
f 548/707/562 580/740/585 579/739/588 547/706/560
f 535/694/563 567/727/590 566/726/589 534/693/561
f 549/708/564 581/741/582 580/740/585 548/707/562
f 536/695/565 568/728/591 567/727/590 535/694/563
f 523/682/566 555/715/592 554/713/593 522/680/567
f 550/709/568 582/742/594 581/741/582 549/708/564
f 537/696/569 569/729/595 568/728/591 536/695/565
f 524/683/570 556/716/596 555/715/592 523/682/566
f 551/710/571 583/743/597 582/742/594 550/709/568
f 538/697/572 570/730/598 569/729/595 537/696/569
f 525/684/573 557/717/599 556/716/596 524/683/570
f 552/711/574 584/744/600 583/743/597 551/710/571
f 539/698/575 571/731/601 570/730/598 538/697/572
f 526/685/576 558/718/602 557/717/599 525/684/573
f 553/712/577 585/745/603 584/744/600 552/711/574
f 540/699/578 572/732/604 571/731/601 539/698/575
f 527/686/579 559/719/605 558/718/602 526/685/576
f 522/681/567 554/714/593 585/745/603 553/712/577
f 541/700/580 573/733/606 572/732/604 540/699/578
f 528/687/581 560/720/607 559/719/605 527/686/579
f 542/701/520 574/734/608 573/733/606 541/700/580
f 529/688/555 561/721/609 560/720/607 528/687/581
f 543/702/519 575/735/610 574/734/608 542/701/520
f 530/689/554 562/722/611 561/721/609 529/688/555
f 544/703/556 576/736/612 575/735/610 543/702/519
f 531/690/557 563/723/613 562/722/611 530/689/554
f 545/704/553 577/737/552 576/736/612 544/703/556
f 532/691/558 564/724/587 563/723/613 531/690/557
f 589/750/614 621/783/615 620/782/616 588/749/617
f 568/728/591 600/761/618 599/760/619 567/727/590
f 555/715/592 587/748/620 586/747/621 554/713/593
f 582/742/594 614/775/622 613/774/583 581/741/582
f 569/729/595 601/762/623 600/761/618 568/728/591
f 556/716/596 588/749/617 587/748/620 555/715/592
f 583/743/597 615/776/624 614/775/622 582/742/594
f 570/730/598 602/763/625 601/762/623 569/729/595
f 557/717/599 589/750/614 588/749/617 556/716/596
f 584/744/600 616/777/626 615/776/624 583/743/597
f 571/731/601 603/764/627 602/763/625 570/730/598
f 558/718/602 590/751/628 589/750/614 557/717/599
f 585/745/603 617/778/629 616/777/626 584/744/600
f 572/732/604 604/765/630 603/764/627 571/731/601
f 559/719/605 591/752/631 590/751/628 558/718/602
f 554/714/593 586/746/621 617/778/629 585/745/603
f 573/733/606 605/766/632 604/765/630 572/732/604
f 560/720/607 592/753/633 591/752/631 559/719/605
f 574/734/608 606/767/634 605/766/632 573/733/606
f 561/721/609 593/754/635 592/753/633 560/720/607
f 575/735/610 607/768/636 606/767/634 574/734/608
f 562/722/611 594/755/637 593/754/635 561/721/609
f 576/736/612 608/769/638 607/768/636 575/735/610
f 563/723/613 595/756/639 594/755/637 562/722/611
f 577/737/552 609/770/640 608/769/638 576/736/612
f 564/724/587 596/757/641 595/756/639 563/723/613
f 578/738/551 610/771/642 609/770/640 577/737/552
f 565/725/586 597/758/643 596/757/641 564/724/587
f 579/739/588 611/772/644 610/771/642 578/738/551
f 566/726/589 598/759/645 597/758/643 565/725/586
f 580/740/585 612/773/584 611/772/644 579/739/588
f 567/727/590 599/760/619 598/759/645 566/726/589
f 624/786/646 656/819/647 655/818/648 623/785/649
f 616/777/626 648/810/650 647/809/651 615/776/624
f 603/764/627 635/797/652 634/796/653 602/763/625
f 590/751/628 622/784/654 621/783/615 589/750/614
f 617/778/629 649/811/655 648/810/650 616/777/626
f 604/765/630 636/798/656 635/797/652 603/764/627
f 591/752/631 623/785/649 622/784/654 590/751/628
f 586/746/621 618/780/657 649/811/655 617/778/629
f 605/766/632 637/799/658 636/798/656 604/765/630
f 592/753/633 624/786/646 623/785/649 591/752/631
f 606/767/634 638/800/659 637/799/658 605/766/632
f 593/754/635 625/787/660 624/786/646 592/753/633
f 607/768/636 639/801/661 638/800/659 606/767/634
f 594/755/637 626/788/662 625/787/660 593/754/635
f 608/769/638 640/802/663 639/801/661 607/768/636
f 595/756/639 627/789/664 626/788/662 594/755/637
f 609/770/640 641/803/665 640/802/663 608/769/638
f 596/757/641 628/790/666 627/789/664 595/756/639
f 610/771/642 642/804/667 641/803/665 609/770/640
f 597/758/643 629/791/668 628/790/666 596/757/641
f 611/772/644 643/805/669 642/804/667 610/771/642
f 598/759/645 630/792/670 629/791/668 597/758/643
f 612/773/584 644/806/671 643/805/669 611/772/644
f 599/760/619 631/793/672 630/792/670 598/759/645
f 613/774/583 645/807/673 644/806/671 612/773/584
f 600/761/618 632/794/674 631/793/672 599/760/619
f 587/748/620 619/781/675 618/779/657 586/747/621
f 614/775/622 646/808/676 645/807/673 613/774/583
f 601/762/623 633/795/677 632/794/674 600/761/618
f 588/749/617 620/782/616 619/781/675 587/748/620
f 615/776/624 647/809/651 646/808/676 614/775/622
f 602/763/625 634/796/653 633/795/677 601/762/623
f 659/822/678 691/855/679 690/854/680 658/821/681
f 638/800/659 670/833/682 669/832/683 637/799/658
f 625/787/660 657/820/684 656/819/647 624/786/646
f 639/801/661 671/834/685 670/833/682 638/800/659
f 626/788/662 658/821/681 657/820/684 625/787/660
f 640/802/663 672/835/686 671/834/685 639/801/661
f 627/789/664 659/822/678 658/821/681 626/788/662
f 641/803/665 673/836/687 672/835/686 640/802/663
f 628/790/666 660/823/688 659/822/678 627/789/664
f 642/804/667 674/837/689 673/836/687 641/803/665
f 629/791/668 661/824/690 660/823/688 628/790/666
f 643/805/669 675/838/691 674/837/689 642/804/667
f 630/792/670 662/825/692 661/824/690 629/791/668
f 644/806/671 676/839/693 675/838/691 643/805/669
f 631/793/672 663/826/694 662/825/692 630/792/670
f 645/807/673 677/840/695 676/839/693 644/806/671
f 632/794/674 664/827/696 663/826/694 631/793/672
f 619/781/675 651/814/697 650/812/698 618/779/657
f 646/808/676 678/841/699 677/840/695 645/807/673
f 633/795/677 665/828/700 664/827/696 632/794/674
f 620/782/616 652/815/701 651/814/697 619/781/675
f 647/809/651 679/842/702 678/841/699 646/808/676
f 634/796/653 666/829/703 665/828/700 633/795/677
f 621/783/615 653/816/704 652/815/701 620/782/616
f 648/810/650 680/843/705 679/842/702 647/809/651
f 635/797/652 667/830/706 666/829/703 634/796/653
f 622/784/654 654/817/707 653/816/704 621/783/615
f 649/811/655 681/844/708 680/843/705 648/810/650
f 636/798/656 668/831/709 667/830/706 635/797/652
f 623/785/649 655/818/648 654/817/707 622/784/654
f 618/780/657 650/813/698 681/844/708 649/811/655
f 637/799/658 669/832/683 668/831/709 636/798/656
f 694/858/710 726/891/711 725/890/712 693/857/713
f 673/836/687 705/869/714 704/868/715 672/835/686
f 660/823/688 692/856/716 691/855/679 659/822/678
f 674/837/689 706/870/717 705/869/714 673/836/687
f 661/824/690 693/857/713 692/856/716 660/823/688
f 675/838/691 707/871/718 706/870/717 674/837/689
f 662/825/692 694/858/710 693/857/713 661/824/690
f 676/839/693 708/872/719 707/871/718 675/838/691
f 663/826/694 695/859/720 694/858/710 662/825/692
f 677/840/695 709/873/721 708/872/719 676/839/693
f 664/827/696 696/860/722 695/859/720 663/826/694
f 651/814/697 683/847/723 682/845/724 650/812/698
f 678/841/699 710/874/725 709/873/721 677/840/695
f 665/828/700 697/861/726 696/860/722 664/827/696
f 652/815/701 684/848/727 683/847/723 651/814/697
f 679/842/702 711/875/728 710/874/725 678/841/699
f 666/829/703 698/862/729 697/861/726 665/828/700
f 653/816/704 685/849/730 684/848/727 652/815/701
f 680/843/705 712/876/731 711/875/728 679/842/702
f 667/830/706 699/863/732 698/862/729 666/829/703
f 654/817/707 686/850/733 685/849/730 653/816/704
f 681/844/708 713/877/734 712/876/731 680/843/705
f 668/831/709 700/864/735 699/863/732 667/830/706
f 655/818/648 687/851/736 686/850/733 654/817/707
f 650/813/698 682/846/724 713/877/734 681/844/708
f 669/832/683 701/865/737 700/864/735 668/831/709
f 656/819/647 688/852/738 687/851/736 655/818/648
f 670/833/682 702/866/739 701/865/737 669/832/683
f 657/820/684 689/853/740 688/852/738 656/819/647
f 671/834/685 703/867/741 702/866/739 670/833/682
f 658/821/681 690/854/680 689/853/740 657/820/684
f 672/835/686 704/868/715 703/867/741 671/834/685
f 729/894/742 761/927/743 760/926/744 728/893/745
f 708/872/719 740/905/746 739/904/747 707/871/718
f 695/859/720 727/892/748 726/891/711 694/858/710
f 709/873/721 741/906/749 740/905/746 708/872/719
f 696/860/722 728/893/745 727/892/748 695/859/720
f 683/847/723 715/880/750 714/879/751 682/845/724
f 710/874/725 742/907/752 741/906/749 709/873/721
f 697/861/726 729/894/742 728/893/745 696/860/722
f 684/848/727 716/881/753 715/880/750 683/847/723
f 711/875/728 743/908/754 742/907/752 710/874/725
f 698/862/729 730/895/755 729/894/742 697/861/726
f 685/849/730 717/882/756 716/881/753 684/848/727
f 712/876/731 744/909/757 743/908/754 711/875/728
f 699/863/732 731/896/758 730/895/755 698/862/729
f 686/850/733 718/883/759 717/882/756 685/849/730
f 713/877/734 745/910/760 744/909/757 712/876/731
f 700/864/735 732/897/761 731/896/758 699/863/732
f 687/851/736 719/884/762 718/883/759 686/850/733
f 682/846/724 714/878/751 745/910/760 713/877/734
f 701/865/737 733/898/763 732/897/761 700/864/735
f 688/852/738 720/885/764 719/884/762 687/851/736
f 702/866/739 734/899/765 733/898/763 701/865/737
f 689/853/740 721/886/766 720/885/764 688/852/738
f 703/867/741 735/900/767 734/899/765 702/866/739
f 690/854/680 722/887/768 721/886/766 689/853/740
f 704/868/715 736/901/769 735/900/767 703/867/741
f 691/855/679 723/888/770 722/887/768 690/854/680
f 705/869/714 737/902/771 736/901/769 704/868/715
f 692/856/716 724/889/772 723/888/770 691/855/679
f 706/870/717 738/903/773 737/902/771 705/869/714
f 693/857/713 725/890/712 724/889/772 692/856/716
f 707/871/718 739/904/747 738/903/773 706/870/717
f 764/930/774 796/963/775 795/962/776 763/929/777
f 716/881/753 748/914/778 747/913/779 715/880/750
f 743/908/754 775/941/780 774/940/781 742/907/752
f 730/895/755 762/928/782 761/927/743 729/894/742
f 717/882/756 749/915/783 748/914/778 716/881/753
f 744/909/757 776/942/784 775/941/780 743/908/754
f 731/896/758 763/929/777 762/928/782 730/895/755
f 718/883/759 750/916/785 749/915/783 717/882/756
f 745/910/760 777/943/786 776/942/784 744/909/757
f 732/897/761 764/930/774 763/929/777 731/896/758
f 719/884/762 751/917/787 750/916/785 718/883/759
f 714/878/751 746/911/788 777/943/786 745/910/760
f 733/898/763 765/931/789 764/930/774 732/897/761
f 720/885/764 752/918/790 751/917/787 719/884/762
f 734/899/765 766/932/791 765/931/789 733/898/763
f 721/886/766 753/919/792 752/918/790 720/885/764
f 735/900/767 767/933/793 766/932/791 734/899/765
f 722/887/768 754/920/794 753/919/792 721/886/766
f 736/901/769 768/934/795 767/933/793 735/900/767
f 723/888/770 755/921/796 754/920/794 722/887/768
f 737/902/771 769/935/797 768/934/795 736/901/769
f 724/889/772 756/922/798 755/921/796 723/888/770
f 738/903/773 770/936/799 769/935/797 737/902/771
f 725/890/712 757/923/800 756/922/798 724/889/772
f 739/904/747 771/937/801 770/936/799 738/903/773
f 726/891/711 758/924/802 757/923/800 725/890/712
f 740/905/746 772/938/803 771/937/801 739/904/747
f 727/892/748 759/925/804 758/924/802 726/891/711
f 741/906/749 773/939/805 772/938/803 740/905/746
f 728/893/745 760/926/744 759/925/804 727/892/748
f 715/880/750 747/913/779 746/912/788 714/879/751
f 742/907/752 774/940/781 773/939/805 741/906/749
f 799/966/806 831/999/807 830/998/808 798/965/809
f 751/917/787 783/950/810 782/949/811 750/916/785
f 746/911/788 778/945/812 809/976/813 777/943/786
f 765/931/789 797/964/814 796/963/775 764/930/774
f 752/918/790 784/951/815 783/950/810 751/917/787
f 766/932/791 798/965/809 797/964/814 765/931/789
f 753/919/792 785/952/816 784/951/815 752/918/790
f 767/933/793 799/966/806 798/965/809 766/932/791
f 754/920/794 786/953/817 785/952/816 753/919/792
f 768/934/795 800/967/818 799/966/806 767/933/793
f 755/921/796 787/954/819 786/953/817 754/920/794
f 769/935/797 801/968/820 800/967/818 768/934/795
f 756/922/798 788/955/821 787/954/819 755/921/796
f 770/936/799 802/969/822 801/968/820 769/935/797
f 757/923/800 789/956/823 788/955/821 756/922/798
f 771/937/801 803/970/824 802/969/822 770/936/799
f 758/924/802 790/957/825 789/956/823 757/923/800
f 772/938/803 804/971/826 803/970/824 771/937/801
f 759/925/804 791/958/827 790/957/825 758/924/802
f 773/939/805 805/972/828 804/971/826 772/938/803
f 760/926/744 792/959/829 791/958/827 759/925/804
f 747/913/779 779/946/830 778/944/812 746/912/788
f 774/940/781 806/973/831 805/972/828 773/939/805
f 761/927/743 793/960/832 792/959/829 760/926/744
f 748/914/778 780/947/833 779/946/830 747/913/779
f 775/941/780 807/974/834 806/973/831 774/940/781
f 762/928/782 794/961/835 793/960/832 761/927/743
f 749/915/783 781/948/836 780/947/833 748/914/778
f 776/942/784 808/975/837 807/974/834 775/941/780
f 763/929/777 795/962/776 794/961/835 762/928/782
f 750/916/785 782/949/811 781/948/836 749/915/783
f 777/943/786 809/976/813 808/975/837 776/942/784
f 834/1002/838 866/1035/839 865/1034/840 833/1001/841
f 786/953/817 818/986/842 817/985/843 785/952/816
f 800/967/818 832/1000/844 831/999/807 799/966/806
f 787/954/819 819/987/845 818/986/842 786/953/817
f 801/968/820 833/1001/841 832/1000/844 800/967/818
f 788/955/821 820/988/846 819/987/845 787/954/819
f 802/969/822 834/1002/838 833/1001/841 801/968/820
f 789/956/823 821/989/847 820/988/846 788/955/821
f 803/970/824 835/1003/848 834/1002/838 802/969/822
f 790/957/825 822/990/849 821/989/847 789/956/823
f 804/971/826 836/1004/850 835/1003/848 803/970/824
f 791/958/827 823/991/851 822/990/849 790/957/825
f 805/972/828 837/1005/852 836/1004/850 804/971/826
f 792/959/829 824/992/853 823/991/851 791/958/827
f 779/946/830 811/979/854 810/977/855 778/944/812
f 806/973/831 838/1006/856 837/1005/852 805/972/828
f 793/960/832 825/993/857 824/992/853 792/959/829
f 780/947/833 812/980/858 811/979/854 779/946/830
f 807/974/834 839/1007/859 838/1006/856 806/973/831
f 794/961/835 826/994/860 825/993/857 793/960/832
f 781/948/836 813/981/861 812/980/858 780/947/833
f 808/975/837 840/1008/862 839/1007/859 807/974/834
f 795/962/776 827/995/863 826/994/860 794/961/835
f 782/949/811 814/982/864 813/981/861 781/948/836
f 809/976/813 841/1009/865 840/1008/862 808/975/837
f 796/963/775 828/996/866 827/995/863 795/962/776
f 783/950/810 815/983/867 814/982/864 782/949/811
f 778/945/812 810/978/855 841/1009/865 809/976/813
f 797/964/814 829/997/868 828/996/866 796/963/775
f 784/951/815 816/984/869 815/983/867 783/950/810
f 798/965/809 830/998/808 829/997/868 797/964/814
f 785/952/816 817/985/843 816/984/869 784/951/815
f 869/1038/870 901/1071/871 900/1070/872 868/1037/873
f 821/989/847 853/1022/874 852/1021/875 820/988/846
f 835/1003/848 867/1036/876 866/1035/839 834/1002/838
f 822/990/849 854/1023/877 853/1022/874 821/989/847
f 836/1004/850 868/1037/873 867/1036/876 835/1003/848
f 823/991/851 855/1024/878 854/1023/877 822/990/849
f 837/1005/852 869/1038/870 868/1037/873 836/1004/850
f 824/992/853 856/1025/879 855/1024/878 823/991/851
f 811/979/854 843/1012/880 842/1010/881 810/977/855
f 838/1006/856 870/1039/882 869/1038/870 837/1005/852
f 825/993/857 857/1026/883 856/1025/879 824/992/853
f 812/980/858 844/1013/884 843/1012/880 811/979/854
f 839/1007/859 871/1040/885 870/1039/882 838/1006/856
f 826/994/860 858/1027/886 857/1026/883 825/993/857
f 813/981/861 845/1014/887 844/1013/884 812/980/858
f 840/1008/862 872/1041/888 871/1040/885 839/1007/859
f 827/995/863 859/1028/889 858/1027/886 826/994/860
f 814/982/864 846/1015/890 845/1014/887 813/981/861
f 841/1009/865 873/1042/891 872/1041/888 840/1008/862
f 828/996/866 860/1029/892 859/1028/889 827/995/863
f 815/983/867 847/1016/893 846/1015/890 814/982/864
f 810/978/855 842/1011/881 873/1042/891 841/1009/865
f 829/997/868 861/1030/894 860/1029/892 828/996/866
f 816/984/869 848/1017/895 847/1016/893 815/983/867
f 830/998/808 862/1031/896 861/1030/894 829/997/868
f 817/985/843 849/1018/897 848/1017/895 816/984/869
f 831/999/807 863/1032/898 862/1031/896 830/998/808
f 818/986/842 850/1019/899 849/1018/897 817/985/843
f 832/1000/844 864/1033/900 863/1032/898 831/999/807
f 819/987/845 851/1020/901 850/1019/899 818/986/842
f 833/1001/841 865/1034/840 864/1033/900 832/1000/844
f 820/988/846 852/1021/875 851/1020/901 819/987/845
f 904/1074/902 936/1138/903 935/1136/904 903/1073/905
f 856/1025/879 888/1058/906 887/1057/907 855/1024/878
f 843/1012/880 875/1045/908 874/1044/909 842/1010/881
f 870/1039/882 902/1072/910 901/1071/871 869/1038/870
f 857/1026/883 889/1059/911 888/1058/906 856/1025/879
f 844/1013/884 876/1046/912 875/1045/908 843/1012/880
f 871/1040/885 903/1073/905 902/1072/910 870/1039/882
f 858/1027/886 890/1060/913 889/1059/911 857/1026/883
f 845/1014/887 877/1047/914 876/1046/912 844/1013/884
f 872/1041/888 904/1074/902 903/1073/905 871/1040/885
f 859/1028/889 891/1061/915 890/1060/913 858/1027/886
f 846/1015/890 878/1048/916 877/1047/914 845/1014/887
f 873/1042/891 905/1075/917 904/1074/902 872/1041/888
f 860/1029/892 892/1062/918 891/1061/915 859/1028/889
f 847/1016/893 879/1049/919 878/1048/916 846/1015/890
f 842/1011/881 874/1043/909 905/1075/917 873/1042/891
f 861/1030/894 893/1063/920 892/1062/918 860/1029/892
f 848/1017/895 880/1050/921 879/1049/919 847/1016/893
f 862/1031/896 894/1064/922 893/1063/920 861/1030/894
f 849/1018/897 881/1051/923 880/1050/921 848/1017/895
f 863/1032/898 895/1065/924 894/1064/922 862/1031/896
f 850/1019/899 882/1052/925 881/1051/923 849/1018/897
f 864/1033/900 896/1066/926 895/1065/924 863/1032/898
f 851/1020/901 883/1053/927 882/1052/925 850/1019/899
f 865/1034/840 897/1067/928 896/1066/926 864/1033/900
f 852/1021/875 884/1054/929 883/1053/927 851/1020/901
f 866/1035/839 898/1068/930 897/1067/928 865/1034/840
f 853/1022/874 885/1055/931 884/1054/929 852/1021/875
f 867/1036/876 899/1069/932 898/1068/930 866/1035/839
f 854/1023/877 886/1056/933 885/1055/931 853/1022/874
f 868/1037/873 900/1070/872 899/1069/932 867/1036/876
f 855/1024/878 887/1057/907 886/1056/933 854/1023/877
f 907/1079/934 908/1081/935 909/1083/936 910/1085/937 911/1087/938 912/1089/939 913/1091/940 914/1093/941 915/1095/942 916/1097/943 917/1099/944 918/1101/945 919/1103/946 920/1105/947 921/1107/948 922/1109/949 923/1111/950 924/1113/951 925/1115/952 926/1117/953 927/1119/954 928/1121/955 929/1123/956 930/1125/957 931/1127/958 932/1129/959 933/1131/960 934/1133/961 935/1135/904 936/1137/903 937/1139/962 906/1076/963
f 891/1061/915 923/1112/950 922/1110/949 890/1060/913
f 878/1048/916 910/1086/937 909/1084/936 877/1047/914
f 905/1075/917 937/1140/962 936/1138/903 904/1074/902
f 892/1062/918 924/1114/951 923/1112/950 891/1061/915
f 879/1049/919 911/1088/938 910/1086/937 878/1048/916
f 874/1043/909 906/1077/963 937/1140/962 905/1075/917
f 893/1063/920 925/1116/952 924/1114/951 892/1062/918
f 880/1050/921 912/1090/939 911/1088/938 879/1049/919
f 894/1064/922 926/1118/953 925/1116/952 893/1063/920
f 881/1051/923 913/1092/940 912/1090/939 880/1050/921
f 895/1065/924 927/1120/954 926/1118/953 894/1064/922
f 882/1052/925 914/1094/941 913/1092/940 881/1051/923
f 896/1066/926 928/1122/955 927/1120/954 895/1065/924
f 883/1053/927 915/1096/942 914/1094/941 882/1052/925
f 897/1067/928 929/1124/956 928/1122/955 896/1066/926
f 884/1054/929 916/1098/943 915/1096/942 883/1053/927
f 898/1068/930 930/1126/957 929/1124/956 897/1067/928
f 885/1055/931 917/1100/944 916/1098/943 884/1054/929
f 899/1069/932 931/1128/958 930/1126/957 898/1068/930
f 886/1056/933 918/1102/945 917/1100/944 885/1055/931
f 900/1070/872 932/1130/959 931/1128/958 899/1069/932
f 887/1057/907 919/1104/946 918/1102/945 886/1056/933
f 901/1071/871 933/1132/960 932/1130/959 900/1070/872
f 888/1058/906 920/1106/947 919/1104/946 887/1057/907
f 875/1045/908 907/1080/934 906/1078/963 874/1044/909
f 902/1072/910 934/1134/961 933/1132/960 901/1071/871
f 889/1059/911 921/1108/948 920/1106/947 888/1058/906
f 876/1046/912 908/1082/935 907/1080/934 875/1045/908
f 903/1073/905 935/1136/904 934/1134/961 902/1072/910
f 890/1060/913 922/1110/949 921/1108/948 889/1059/911
f 877/1047/914 909/1084/936 908/1082/935 876/1046/912
f 1086/1352/964 969/1181/965 939/1143/966 1021/1260/967
f 952/1158/968 950/1156/969 1006/1235/970 1008/1238/971 1007/1236/972 1005/1233/973 942/1147/974
f 1017/1255/975 1050/1299/976 957/1164/977 938/1142/978
f 941/1146/979 1010/1241/980 1012/1245/981 1011/1243/982 1009/1240/983 954/1160/969 955/1161/984
f 1038/1282/985 1053/1303/986 1051/1300/987 1018/1256/988
f 943/1149/989 1020/1259/990 1032/1274/991 947/1153/992
f 1023/1263/993 943/1149/989 947/1153/992 1036/1279/994
f 971/1183/995 970/1182/969 940/1144/969 944/1150/996
f 1021/1260/967 939/1143/966 945/1151/997 1033/1275/998
f 969/1181/965 971/1183/995 944/1150/996 939/1143/966
f 970/1182/969 1089/1357/999 1024/1264/1000 940/1144/969
f 947/1153/992 1032/1274/991 1038/1281/985 951/1157/1001
f 941/1145/979 1027/1267/1002 1105/1379/1003 1010/1242/980
f 954/1160/969 1045/1291/999 1089/1357/999 970/1182/969
f 949/1155/1004 952/1158/968 942/1147/974 938/1141/978
f 939/1143/966 944/1150/996 948/1154/1005 945/1151/997
f 1104/1378/1006 1026/1266/1007 956/1162/1008 1044/1290/993 1107/1382/1009 1113/1391/1010 1110/1385/1011
f 940/1144/969 1024/1264/1000 1035/1278/1000 946/1152/969
f 1090/1358/993 972/1184/1012 943/1149/989 1023/1263/993
f 944/1150/996 940/1144/969 946/1152/969 948/1154/1005
f 972/1184/1012 1087/1354/1013 1020/1259/990 943/1149/989
f 945/1151/997 948/1154/1005 952/1158/968 949/1155/1004
f 949/1155/1004 958/1165/1014 1054/1304/1015 1039/1284/1016
f 1033/1275/998 945/1151/997 949/1155/1004 1039/1284/1016
f 1036/1279/994 947/1153/992 951/1157/1001 1042/1288/1017
f 948/1154/1005 946/1152/969 950/1156/969 952/1158/968
f 946/1152/969 1035/1278/1000 1041/1287/1018 950/1156/969
f 1005/1234/973 1096/1364/1019 1030/1271/1020 942/1148/974
f 1026/1266/1007 1119/1402/1021 1125/1413/1022 1122/1406/1023 1116/1396/1024 1048/1296/1025 956/1162/1008
f 1013/1248/1026 1120/1403/1027 1027/1267/1002 941/1145/979
f 1013/1247/1026 941/1146/979 955/1161/984 953/1159/1028 1014/1249/1029 1016/1252/1030 1015/1250/1031
f 957/1163/977 959/1166/1032 960/1168/1033 958/1165/1014
f 938/1141/978 957/1163/977 958/1165/1014 949/1155/1004
f 942/1148/974 1030/1271/1020 1017/1255/975 938/1142/978
f 950/1156/969 1041/1287/1018 1093/1361/1034 1006/1235/970
f 959/1166/1032 961/1169/1035 962/1171/1036 960/1168/1033
f 1050/1299/976 1056/1307/1037 959/1167/1032 957/1164/977
f 1059/1311/1038 1065/1319/1039 1063/1316/1040 1057/1308/1041
f 958/1165/1014 960/1168/1033 1060/1312/1042 1054/1304/1015
f 1071/1327/1043 1077/1335/1044 1075/1332/1045 1069/1324/1046
f 1056/1307/1037 1062/1315/1047 961/1170/1035 959/1167/1032
f 1065/1319/1039 1071/1327/1043 1069/1324/1046 1063/1316/1040
f 960/1168/1033 962/1171/1036 1066/1320/1048 1060/1312/1042
f 963/1172/1049 965/1176/1050 966/1177/1051 964/1174/1052
f 962/1171/1036 964/1174/1052 1072/1328/1053 1066/1320/1048
f 961/1169/1035 963/1172/1049 964/1174/1052 962/1171/1036
f 1062/1315/1047 1068/1323/1054 963/1173/1049 961/1170/1035
f 1074/1331/1055 1081/1342/1056 967/1178/1057 965/1175/1050
f 1068/1323/1054 1074/1331/1055 965/1175/1050 963/1173/1049
f 1077/1335/1044 1084/1348/1058 1080/1340/1059 1075/1332/1045
f 964/1174/1052 966/1177/1051 1078/1336/1060 1072/1328/1053
f 1086/1352/964 975/1188/1061 976/1190/1062 969/1181/965
f 1083/1346/1063 968/1180/1064 967/1179/1057 1081/1341/1056 1082/1343/1065 1080/1339/1059 1084/1347/1058 1085/1349/1066
f 966/1177/1051 968/1180/1064 1083/1346/1063 1078/1336/1060
f 965/1176/1050 967/1179/1057 968/1180/1064 966/1177/1051
f 1117/1397/1067 1014/1249/1029 953/1159/1028 1047/1295/1068
f 953/1159/1028 955/1161/984 971/1183/995 969/1181/965
f 953/1159/1028 973/1185/1069 974/1186/1070 1047/1293/1068
f 955/1161/984 954/1160/969 970/1182/969 971/1183/995
f 1009/1240/983 1108/1383/1071 1045/1291/999 954/1160/969
f 1047/1294/1068 974/1187/1070 975/1189/1061 1086/1353/964
f 975/1188/1061 979/1195/1072 980/1196/1073 976/1190/1062
f 1053/1303/986 1059/1311/1038 1057/1308/1041 1051/1300/987
f 1008/1239/971 1006/1235/970 1093/1361/1034 1099/1368/1074
f 969/1181/965 976/1190/1062 973/1185/1069 953/1159/1028
f 978/1192/1075 982/1199/1076 983/1201/1077 979/1194/1072
f 973/1185/1069 977/1191/1078 978/1193/1075 974/1186/1070
f 974/1187/1070 978/1192/1075 979/1194/1072 975/1189/1061
f 976/1190/1062 980/1196/1073 977/1191/1078 973/1185/1069
f 983/1200/1077 987/1207/1079 988/1208/1080 984/1202/1081
f 980/1196/1073 984/1202/1081 981/1197/1082 977/1191/1078
f 979/1195/1072 983/1200/1077 984/1202/1081 980/1196/1073
f 977/1191/1078 981/1197/1082 982/1198/1076 978/1193/1075
f 985/1203/1083 989/1209/1084 990/1211/1085 986/1204/1086
f 981/1197/1082 985/1203/1083 986/1204/1086 982/1198/1076
f 982/1199/1076 986/1205/1086 987/1206/1079 983/1201/1077
f 984/1202/1081 988/1208/1080 985/1203/1083 981/1197/1082
f 990/1210/1085 994/1217/1087 995/1219/1088 991/1212/1089
f 986/1205/1086 990/1210/1085 991/1212/1089 987/1206/1079
f 988/1208/1080 992/1214/1090 989/1209/1084 985/1203/1083
f 987/1207/1079 991/1213/1089 992/1214/1090 988/1208/1080
f 995/1218/1088 999/1225/1091 1000/1226/1092 996/1220/1093
f 992/1214/1090 996/1220/1093 993/1215/1094 989/1209/1084
f 991/1213/1089 995/1218/1088 996/1220/1093 992/1214/1090
f 989/1209/1084 993/1215/1094 994/1216/1087 990/1211/1085
f 998/1222/1095 1002/1228/1096 1003/1230/1097 999/1224/1091
f 993/1215/1094 997/1221/1098 998/1223/1095 994/1216/1087
f 994/1217/1087 998/1222/1095 999/1224/1091 995/1219/1088
f 996/1220/1093 1000/1226/1092 997/1221/1098 993/1215/1094
f 1002/1229/1096 1001/1227/1099 1004/1232/1100 1003/1231/1097
f 1000/1226/1092 1004/1232/1100 1001/1227/1099 997/1221/1098
f 999/1225/1091 1003/1231/1097 1004/1232/1100 1000/1226/1092
f 997/1221/1098 1001/1227/1099 1002/1229/1096 998/1223/1095
f 1007/1237/972 1008/1239/971 1099/1368/1074 1102/1373/1101
f 1105/1379/1003 1111/1386/1102 1012/1246/981 1010/1242/980
f 1005/1234/973 1007/1237/972 1102/1373/1101 1096/1364/1019
f 1042/1288/1017 951/1157/1001 1029/1270/1103 1095/1363/1104 1101/1372/1105 1098/1367/1106 1092/1360/1107
f 1114/1392/1108 1108/1383/1071 1009/1240/983 1011/1244/982
f 1016/1253/1030 1014/1249/1029 1117/1397/1067 1123/1408/1109
f 1111/1386/1102 1114/1392/1108 1011/1244/982 1012/1246/981
f 1044/1290/993 956/1162/1008 972/1184/1012 1090/1358/993
f 1015/1251/1031 1016/1254/1030 1123/1407/1109 1126/1414/1110
f 1013/1248/1026 1015/1251/1031 1126/1414/1110 1120/1403/1027
f 956/1162/1008 1048/1296/1025 1087/1354/1013 972/1184/1012
f 1030/1271/1020 1031/1273/1111 1019/1257/1112 1017/1255/975
f 1031/1272/1111 1029/1270/1103 1018/1256/988 1019/1258/1112
f 1087/1354/1013 1088/1356/1113 1022/1261/1114 1020/1259/990
f 1088/1355/1113 1086/1352/964 1021/1260/967 1022/1262/1114
f 1036/1279/994 1037/1280/1115 1025/1265/1116 1023/1263/993
f 1037/1280/1115 1035/1278/1000 1024/1264/1000 1025/1265/1116
f 1020/1259/990 1022/1261/1114 1034/1276/1117 1032/1274/991
f 1022/1262/1114 1021/1260/967 1033/1275/998 1034/1277/1117
f 1042/1288/1017 1043/1289/1118 1037/1280/1115 1036/1279/994
f 1043/1289/1118 1041/1287/1018 1035/1278/1000 1037/1280/1115
f 1032/1274/991 1034/1276/1117 1040/1286/1119 1038/1281/985
f 1034/1277/1117 1033/1275/998 1039/1284/1016 1040/1285/1119
f 1090/1358/993 1091/1359/1120 1046/1292/1121 1044/1290/993
f 1091/1359/1120 1089/1357/999 1045/1291/999 1046/1292/1121
f 1017/1255/975 1019/1257/1112 1052/1301/1122 1050/1299/976
f 1019/1258/1112 1018/1256/988 1051/1300/987 1052/1302/1122
f 1054/1304/1015 1055/1305/1123 1040/1285/1119 1039/1284/1016
f 1055/1306/1123 1053/1303/986 1038/1282/985 1040/1286/1119
f 1050/1299/976 1052/1301/1122 1058/1309/1124 1056/1307/1037
f 1052/1302/1122 1051/1300/987 1057/1308/1041 1058/1310/1124
f 1060/1312/1042 1061/1313/1125 1055/1305/1123 1054/1304/1015
f 1061/1314/1125 1059/1311/1038 1053/1303/986 1055/1306/1123
f 1056/1307/1037 1058/1309/1124 1064/1318/1126 1062/1315/1047
f 1058/1310/1124 1057/1308/1041 1063/1316/1040 1064/1317/1126
f 1066/1320/1048 1067/1322/1127 1061/1313/1125 1060/1312/1042
f 1067/1321/1127 1065/1319/1039 1059/1311/1038 1061/1314/1125
f 1065/1319/1039 1067/1321/1127 1073/1330/1128 1071/1327/1043
f 1067/1322/1127 1066/1320/1048 1072/1328/1053 1073/1329/1128
f 1069/1324/1046 1070/1326/1129 1064/1317/1126 1063/1316/1040
f 1070/1325/1129 1068/1323/1054 1062/1315/1047 1064/1318/1126
f 1068/1323/1054 1070/1325/1129 1076/1333/1130 1074/1331/1055
f 1070/1326/1129 1069/1324/1046 1075/1332/1045 1076/1334/1130
f 1078/1336/1060 1079/1337/1131 1073/1329/1128 1072/1328/1053
f 1079/1338/1131 1077/1335/1044 1071/1327/1043 1073/1330/1128
f 1074/1331/1055 1076/1333/1130 1082/1344/1065 1081/1342/1056
f 1076/1334/1130 1075/1332/1045 1080/1340/1059 1082/1345/1065
f 1083/1346/1063 1085/1350/1066 1079/1337/1131 1078/1336/1060
f 1085/1351/1066 1084/1348/1058 1077/1335/1044 1079/1338/1131
f 1048/1296/1025 1049/1297/1132 1088/1356/1113 1087/1354/1013
f 1049/1297/1132 1047/1294/1068 1086/1353/964 1088/1356/1113
f 1023/1263/993 1025/1265/1116 1091/1359/1120 1090/1358/993
f 1025/1265/1116 1024/1264/1000 1089/1357/999 1091/1359/1120
f 1095/1363/1104 1097/1365/1133 1103/1374/1134 1101/1372/1105
f 1097/1366/1133 1096/1364/1019 1102/1373/1101 1103/1375/1134
f 1101/1372/1105 1103/1376/1134 1100/1369/1135 1098/1367/1106
f 1103/1377/1134 1102/1373/1101 1099/1368/1074 1100/1370/1135
f 1098/1367/1106 1100/1371/1135 1094/1362/1136 1092/1360/1107
f 1100/1371/1135 1099/1368/1074 1093/1361/1034 1094/1362/1136
f 1029/1270/1103 1031/1272/1111 1097/1365/1133 1095/1363/1104
f 1031/1273/1111 1030/1271/1020 1096/1364/1019 1097/1366/1133
f 1041/1287/1018 1043/1289/1118 1094/1362/1136 1093/1361/1034
f 1043/1289/1118 1042/1288/1017 1092/1360/1107 1094/1362/1136
f 1110/1385/1011 1112/1387/1137 1106/1381/1138 1104/1378/1006
f 1112/1388/1137 1111/1386/1102 1105/1379/1003 1106/1380/1138
f 1113/1391/1010 1115/1393/1139 1112/1389/1137 1110/1385/1011
f 1115/1394/1139 1114/1392/1108 1111/1386/1102 1112/1390/1137
f 1107/1382/1009 1109/1384/1140 1115/1395/1139 1113/1391/1010
f 1109/1384/1140 1108/1383/1071 1114/1392/1108 1115/1395/1139
f 1044/1290/993 1046/1292/1121 1109/1384/1140 1107/1382/1009
f 1046/1292/1121 1045/1291/999 1108/1383/1071 1109/1384/1140
f 1027/1267/1002 1028/1269/1141 1106/1380/1138 1105/1379/1003
f 1028/1268/1141 1026/1266/1007 1104/1378/1006 1106/1381/1138
f 1119/1402/1021 1121/1404/1142 1127/1415/1143 1125/1413/1022
f 1121/1405/1142 1120/1403/1027 1126/1414/1110 1127/1416/1143
f 1125/1413/1022 1127/1417/1143 1124/1409/1144 1122/1406/1023
f 1127/1418/1143 1126/1414/1110 1123/1407/1109 1124/1410/1144
f 1122/1406/1023 1124/1411/1144 1118/1398/1145 1116/1396/1024
f 1124/1412/1144 1123/1408/1109 1117/1397/1067 1118/1399/1145
f 1116/1396/1024 1118/1400/1145 1049/1297/1132 1048/1296/1025
f 1118/1401/1145 1117/1397/1067 1047/1295/1068 1049/1298/1132
f 1026/1266/1007 1028/1268/1141 1121/1404/1142 1119/1402/1021
f 1028/1269/1141 1027/1267/1002 1120/1403/1027 1121/1405/1142
f 951/1157/1001 1038/1283/985 1018/1256/988 1029/1270/1103
f 1156/1448/453 1188/1481/1146 1187/1480/1147 1155/1447/469
f 1175/1468/1148 1207/1501/512 1206/1500/515 1174/1467/1149
f 1134/1426/506 1166/1459/1150 1165/1458/1151 1133/1425/418
f 1143/1435/505 1175/1468/1148 1174/1467/1149 1142/1434/513
f 1152/1444/503 1184/1477/1152 1183/1476/1153 1151/1443/510
f 1130/1422/446 1162/1455/1154 1161/1454/1155 1129/1421/464
f 1139/1431/445 1171/1464/1156 1170/1463/1157 1138/1430/461
f 1148/1440/442 1180/1473/1158 1179/1472/1159 1147/1439/456
f 1157/1449/439 1189/1482/1160 1188/1481/1146 1156/1448/453
f 1135/1427/498 1167/1460/1161 1166/1459/1150 1134/1426/506
f 1144/1436/495 1176/1469/1162 1175/1468/1148 1143/1435/505
f 1153/1445/494 1185/1478/1163 1184/1477/1152 1152/1444/503
f 1131/1423/436 1163/1456/1164 1162/1455/1154 1130/1422/446
f 1140/1432/435 1172/1465/1165 1171/1464/1156 1139/1431/445
f 1149/1441/431 1181/1474/1166 1180/1473/1158 1148/1440/442
f 1158/1450/427 1190/1483/1167 1189/1482/1160 1157/1449/439
f 1136/1428/489 1168/1461/1168 1167/1460/1161 1135/1427/498
f 1145/1437/486 1177/1470/1169 1176/1469/1162 1144/1436/495
f 1154/1446/484 1186/1479/1170 1185/1478/1163 1153/1445/494
f 1132/1424/419 1164/1457/1171 1163/1456/1164 1131/1423/436
f 1141/1433/434 1173/1466/1172 1172/1465/1165 1140/1432/435
f 1150/1442/430 1182/1475/1173 1181/1474/1166 1149/1441/431
f 1159/1451/426 1191/1484/1174 1190/1483/1167 1158/1450/427
f 1137/1429/475 1169/1462/1175 1168/1461/1168 1136/1428/489
f 1146/1438/472 1178/1471/1176 1177/1470/1169 1145/1437/486
f 1155/1447/469 1187/1480/1147 1186/1479/1170 1154/1446/484
f 1133/1425/418 1165/1458/1151 1164/1457/1171 1132/1424/419
f 1142/1434/513 1174/1467/1149 1173/1466/1172 1141/1433/434
f 1151/1443/510 1183/1476/1153 1182/1475/1173 1150/1442/430
f 1129/1421/464 1161/1454/1155 1160/1453/1177 1128/1419/485
f 1128/1420/485 1160/1452/1177 1191/1484/1174 1159/1451/426
f 1138/1430/461 1170/1463/1157 1169/1462/1175 1137/1429/475
f 1147/1439/456 1179/1472/1159 1178/1471/1176 1146/1438/472
f 1162/1455/1154 1194/1488/466 1193/1487/471 1161/1454/1155
f 1189/1482/1160 1221/1515/463 1220/1514/468 1188/1481/1146
f 1176/1469/1162 1208/1502/509 1207/1501/512 1175/1468/1148
f 1163/1456/1164 1195/1489/460 1194/1488/466 1162/1455/1154
f 1190/1483/1167 1222/1516/458 1221/1515/463 1189/1482/1160
f 1177/1470/1169 1209/1503/507 1208/1502/509 1176/1469/1162
f 1164/1457/1171 1196/1490/455 1195/1489/460 1163/1456/1164
f 1191/1484/1174 1223/1517/450 1222/1516/458 1190/1483/1167
f 1178/1471/1176 1210/1504/504 1209/1503/507 1177/1470/1169
f 1165/1458/1151 1197/1491/448 1196/1490/455 1164/1457/1171
f 1160/1452/1177 1192/1485/451 1223/1517/450 1191/1484/1174
f 1179/1472/1159 1211/1505/502 1210/1504/504 1178/1471/1176
f 1166/1459/1150 1198/1492/444 1197/1491/448 1165/1458/1151
f 1180/1473/1158 1212/1506/500 1211/1505/502 1179/1472/1159
f 1167/1460/1161 1199/1493/441 1198/1492/444 1166/1459/1150
f 1181/1474/1166 1213/1507/497 1212/1506/500 1180/1473/1158
f 1168/1461/1168 1200/1494/438 1199/1493/441 1167/1460/1161
f 1182/1475/1173 1214/1508/493 1213/1507/497 1181/1474/1166
f 1169/1462/1175 1201/1495/433 1200/1494/438 1168/1461/1168
f 1183/1476/1153 1215/1509/491 1214/1508/493 1182/1475/1173
f 1170/1463/1157 1202/1496/429 1201/1495/433 1169/1462/1175
f 1184/1477/1152 1216/1510/488 1215/1509/491 1183/1476/1153
f 1171/1464/1156 1203/1497/423 1202/1496/429 1170/1463/1157
f 1185/1478/1163 1217/1511/483 1216/1510/488 1184/1477/1152
f 1172/1465/1165 1204/1498/424 1203/1497/423 1171/1464/1156
f 1186/1479/1170 1218/1512/481 1217/1511/483 1185/1478/1163
f 1173/1466/1172 1205/1499/517 1204/1498/424 1172/1465/1165
f 1187/1480/1147 1219/1513/474 1218/1512/481 1186/1479/1170
f 1174/1467/1149 1206/1500/515 1205/1499/517 1173/1466/1172
f 1161/1454/1155 1193/1487/471 1192/1486/451 1160/1453/1177
f 1188/1481/1146 1220/1514/468 1219/1513/474 1187/1480/1147
s 0
f 1224/1518/12 1228/1522/12 1230/1525/12 1226/1520/12
f 1227/1521/274 1226/1520/274 1230/1526/274 1231/1528/274
f 1231/1529/282 1230/1527/282 1228/1523/282 1229/1524/282
f 1229/1524/1178 1225/1519/1178 1232/1530/1178 1234/1532/1178
f 1225/1519/266 1224/1518/266 1226/1520/266 1227/1521/266
f 1229/1524/258 1228/1523/258 1224/1518/258 1225/1519/258
f 1233/1531/1179 1235/1533/1179 1239/1538/1179 1237/1536/1179
f 1227/1521/1180 1231/1528/1180 1235/1533/1180 1233/1531/1180
f 1231/1529/282 1229/1524/282 1234/1532/282 1235/1534/282
f 1225/1519/266 1227/1521/266 1233/1531/266 1232/1530/266
f 1236/1535/266 1237/1536/266 1241/1541/266 1240/1540/266
f 1235/1534/282 1234/1532/282 1238/1537/282 1239/1539/282
f 1232/1530/266 1233/1531/266 1237/1536/266 1236/1535/266
f 1234/1532/1181 1232/1530/1181 1236/1535/1181 1238/1537/1181
f 1241/1541/1182 1243/1543/1182 1247/1549/1182 1245/1546/1182
f 1238/1537/1183 1236/1535/1183 1240/1540/1183 1242/1542/1183
f 1237/1536/1184 1239/1538/1184 1243/1543/1184 1241/1541/1184
f 1239/1539/282 1238/1537/282 1242/1542/282 1243/1544/282
f 1247/1548/282 1246/1547/282 1250/1552/282 1251/1554/282
f 1243/1544/282 1242/1542/282 1246/1547/282 1247/1548/282
f 1240/1540/266 1241/1541/266 1245/1546/266 1244/1545/266
f 1242/1542/1185 1240/1540/1185 1244/1545/1185 1246/1547/1185
f 1248/1550/266 1249/1551/266 1253/1556/266 1252/1555/266
f 1244/1545/266 1245/1546/266 1249/1551/266 1248/1550/266
f 1246/1547/1186 1244/1545/1186 1248/1550/1186 1250/1552/1186
f 1245/1546/1187 1247/1549/1187 1251/1553/1187 1249/1551/1187
f 1253/1556/1188 1255/1558/1188 1259/1563/1188 1257/1561/1188
f 1250/1552/1189 1248/1550/1189 1252/1555/1189 1254/1557/1189
f 1249/1551/1190 1251/1553/1190 1255/1558/1190 1253/1556/1190
f 1251/1554/282 1250/1552/282 1254/1557/282 1255/1559/282
f 1256/1560/266 1257/1561/266 1261/1566/266 1260/1565/266
f 1255/1559/282 1254/1557/282 1258/1562/282 1259/1564/282
f 1252/1555/266 1253/1556/266 1257/1561/266 1256/1560/266
f 1254/1557/1191 1252/1555/1191 1256/1560/1191 1258/1562/1191
f 1262/1567/1192 1260/1565/1192 1264/1570/1192 1266/1572/1192
f 1258/1562/1193 1256/1560/1193 1260/1565/1193 1262/1567/1193
f 1257/1561/1194 1259/1563/1194 1263/1568/1194 1261/1566/1194
f 1259/1564/282 1258/1562/282 1262/1567/282 1263/1569/282
f 1265/1571/1195 1267/1573/1195 1271/1578/1195 1269/1576/1195
f 1261/1566/1196 1263/1568/1196 1267/1573/1196 1265/1571/1196
f 1263/1569/282 1262/1567/282 1266/1572/282 1267/1574/282
f 1260/1565/266 1261/1566/266 1265/1571/266 1264/1570/266
f 1268/1575/266 1269/1576/266 1273/1581/266 1272/1580/266
f 1267/1574/282 1266/1572/282 1270/1577/282 1271/1579/282
f 1264/1570/266 1265/1571/266 1269/1576/266 1268/1575/266
f 1266/1572/1197 1264/1570/1197 1268/1575/1197 1270/1577/1197
f 1273/1581/1198 1275/1583/1198 1279/1588/1198 1277/1586/1198
f 1270/1577/1199 1268/1575/1199 1272/1580/1199 1274/1582/1199
f 1269/1576/1200 1271/1578/1200 1275/1583/1200 1273/1581/1200
f 1271/1579/282 1270/1577/282 1274/1582/282 1275/1584/282
f 1277/1586/1201 1279/1588/1201 1283/1593/1201 1281/1591/1201
f 1275/1584/282 1274/1582/282 1278/1587/282 1279/1589/282
f 1272/1580/266 1273/1581/266 1277/1586/266 1276/1585/266
f 1274/1582/1202 1272/1580/1202 1276/1585/1202 1278/1587/1202
f 1280/1590/266 1281/1591/266 1285/1596/266 1284/1595/266
f 1279/1589/282 1278/1587/282 1282/1592/282 1283/1594/282
f 1276/1585/266 1277/1586/266 1281/1591/266 1280/1590/266
f 1278/1587/1203 1276/1585/1203 1280/1590/1203 1282/1592/1203
f 1285/1596/1204 1287/1598/1204 1291/1604/1204 1289/1601/1204
f 1282/1592/1205 1280/1590/1205 1284/1595/1205 1286/1597/1205
f 1281/1591/1206 1283/1593/1206 1287/1598/1206 1285/1596/1206
f 1283/1594/282 1282/1592/282 1286/1597/282 1287/1599/282
f 1291/1603/282 1290/1602/282 1294/1607/282 1295/1609/282
f 1287/1599/282 1286/1597/282 1290/1602/282 1291/1603/282
f 1284/1595/266 1285/1596/266 1289/1601/266 1288/1600/266
f 1286/1597/1207 1284/1595/1207 1288/1600/1207 1290/1602/1207
f 1292/1605/266 1293/1606/266 1297/1611/266 1296/1610/266
f 1288/1600/266 1289/1601/266 1293/1606/266 1292/1605/266
f 1290/1602/1208 1288/1600/1208 1292/1605/1208 1294/1607/1208
f 1289/1601/1209 1291/1604/1209 1295/1608/1209 1293/1606/1209
f 1298/1612/1210 1296/1610/1210 1297/1611/1210 1299/1614/1210
f 1294/1607/1211 1292/1605/1211 1296/1610/1211 1298/1613/1211
f 1293/1606/1212 1295/1608/1212 1299/1615/1212 1297/1611/1212
f 1295/1609/282 1294/1607/282 1298/1613/282 1299/1616/282
f 1316/1647/258 1314/1643/258 1307/1630/258 1306/1629/258
f 1320/1655/1213 1321/1656/1213 1305/1628/1213 1304/1627/1213
f 1313/1642/274 1311/1638/274 1301/1620/274 1300/1617/274
f 1327/1662/1214 1320/1655/1214 1304/1627/1214 1315/1646/1214
f 1325/1660/12 1319/1653/12 1301/1621/12 1311/1637/12
f 1326/1661/12 1322/1657/12 1309/1633/12 1317/1650/12
f 1324/1659/1214 1323/1658/1214 1308/1632/1214 1313/1641/1214
f 1315/1645/274 1317/1649/274 1309/1634/274 1308/1631/274
f 1302/1623/258 1303/1625/258 1312/1639/258 1310/1635/258
f 1318/1651/1214 1324/1659/1214 1313/1641/1214 1300/1618/1214
f 1322/1657/12 1325/1660/12 1311/1637/12 1309/1633/12
f 1308/1631/274 1309/1634/274 1311/1638/274 1313/1642/274
f 1304/1627/274 1305/1628/274 1317/1649/274 1315/1645/274
f 1321/1656/12 1326/1661/12 1317/1650/12 1305/1628/12
f 1323/1658/1214 1327/1662/1214 1315/1646/1214 1308/1632/1214
f 1307/1630/12 1314/1644/12 1326/1661/12 1321/1656/12
f 1302/1624/1214 1310/1636/1214 1324/1659/1214 1318/1651/1214
f 1312/1640/12 1303/1626/12 1319/1653/12 1325/1660/12
f 1316/1648/1214 1306/1629/1214 1320/1655/1214 1327/1662/1214
f 1300/1619/1215 1301/1622/1215 1319/1654/1215 1318/1652/1215
f 1312/1640/1216 1325/1660/1216 1324/1659/1216 1310/1636/1216
f 1316/1648/1217 1327/1662/1217 1326/1661/1217 1314/1644/1217
