# Blender v2.81 (sub 16) OBJ File: 'ConoVial.blend'
# www.blender.org
# UVs by headus UVLayout v2.08.01 2013/07/04 09:42:04
mtllib ConoVial.mtl
o Circle
v -0.000000 4.206501 -0.417178
v -0.294989 4.206501 -0.294989
v -0.417178 4.206501 0.000000
v -0.294989 4.206501 0.294989
v -0.000000 4.206501 0.417178
v 0.294989 4.206501 0.294989
v 0.417178 4.206501 0.000000
v 0.294989 4.206501 -0.294989
v -0.000000 4.587733 -0.000000
v -0.000000 2.609835 -0.516168
v -2.176782 -1.812756 0.000000
v -1.539217 -1.812755 -1.539217
v 0.000000 -1.812756 2.176782
v -1.539217 -1.812755 1.539217
v 2.176782 -1.812756 -0.000000
v 1.539217 -1.812755 1.539217
v -0.000000 -1.812756 -2.176782
v 1.539217 -1.812755 -1.539217
v 2.116651 -2.284369 -2.116650
v 0.000000 -1.772133 2.830073
v 2.116651 -2.284369 2.116650
v -2.830073 -1.772133 0.000000
v -2.001164 -1.772133 -2.001164
v -2.116651 -2.284369 2.116650
v -2.001164 -1.772133 2.001164
v -2.116651 -2.284369 -2.116650
v 2.001164 -1.772133 2.001163
v -0.000000 -2.284369 -2.993396
v 2.001164 -1.772133 -2.001163
v 2.993396 -2.284369 -0.000000
v -2.993396 -2.284369 0.000000
v 0.000000 -2.284369 2.993396
v 2.830073 -1.772133 -0.000000
v -0.000000 -1.772133 -2.830073
v 0.000000 -2.395050 2.799896
v -2.799896 -2.395050 0.000000
v -1.979826 -2.395050 -1.979826
v -1.979826 -2.395050 1.979826
v 1.979826 -2.395050 1.979825
v 1.979826 -2.395050 -1.979825
v 2.799896 -2.395050 -0.000000
v -0.000000 -2.395050 -2.799896
v 0.000000 -1.903691 2.993396
v -2.993396 -1.903691 0.000000
v 2.993396 -1.903691 -0.000000
v -0.000000 -1.903691 -2.993396
v 2.116651 -1.903691 -2.116650
v 2.116651 -1.903691 2.116650
v -2.116651 -1.903691 2.116650
v -2.116651 -1.903691 -2.116650
v -1.292447 -1.032707 1.292447
v -1.292447 -1.032707 -1.292447
v -1.827796 -1.032707 0.000000
v 0.000000 -1.032707 1.827796
v 1.827796 -1.032707 -0.000000
v -0.000000 -1.032707 -1.827796
v 1.292447 -1.032707 1.292447
v 1.292447 -1.032707 -1.292447
v -0.000000 -2.353424 -1.766979
v 1.249443 -2.353424 -1.249443
v 1.766979 -2.353424 -0.000000
v 1.249443 -2.353424 1.249442
v 0.000000 -2.353424 1.766979
v -1.249443 -2.353424 1.249443
v -1.766979 -2.353424 0.000000
v -1.249443 -2.353424 -1.249443
v 0.364986 2.609835 -0.364986
v 0.516168 2.609835 -0.000000
v 0.364986 2.609835 0.364986
v -0.000000 2.609835 0.516168
v -0.364986 2.609835 0.364986
v -0.516168 2.609835 0.000000
v -0.364986 2.609835 -0.364986
v -1.424872 -2.399848 -1.424872
v -0.000000 -2.399848 -2.015073
v -1.424872 -2.399848 1.424872
v -2.015073 -2.399848 0.000000
v 1.424872 -2.399848 1.424872
v 0.000000 -2.399848 2.015073
v 1.424872 -2.399848 -1.424872
v 2.015073 -2.399848 -0.000000
v -1.028562 -1.116693 -1.028562
v -1.454606 -1.116693 0.000000
v -1.028562 -1.116693 1.028562
v 0.000000 -1.116693 1.454606
v 1.028562 -1.116693 1.028562
v 1.454606 -1.116693 0.000000
v 1.028562 -1.116693 -1.028562
v -0.000000 -1.116693 -1.454606
v -0.588332 3.718514 0.000000
v -0.000000 3.718515 0.588331
v 0.588331 3.718515 0.000000
v -0.000000 3.718514 -0.588331
v -0.416013 3.718515 0.416013
v -0.416013 3.718515 -0.416013
v 0.416013 3.718514 0.416013
v 0.416013 3.718515 -0.416013
v -0.532153 3.094881 0.532153
v -0.532153 3.094881 -0.532153
v 0.532153 3.094881 0.532153
v 0.532153 3.094881 -0.532153
v -0.752578 3.094881 0.000000
v -0.000000 3.094881 0.752578
v 0.752578 3.094881 -0.000000
v -0.000000 3.094881 -0.752578
v -0.750805 1.914367 0.750805
v -0.750805 1.914367 -0.750805
v 0.750805 1.914367 0.750805
v 0.750805 1.914367 -0.750805
v -1.061799 1.914367 0.000000
v 0.000000 1.914367 1.061799
v 1.061799 1.914367 -0.000000
v -0.000000 1.914367 -1.061799
v -0.232157 4.203717 -0.349321
v -0.161391 4.200933 -0.389632
v -0.082847 4.203717 -0.411167
v -0.411167 4.203717 -0.082847
v -0.389632 4.200933 -0.161391
v -0.349321 4.203717 -0.232157
v -0.349321 4.203717 0.232157
v -0.389632 4.200933 0.161391
v -0.411167 4.203717 0.082847
v -0.082847 4.203717 0.411167
v -0.161391 4.200933 0.389632
v -0.232157 4.203717 0.349321
v 0.232157 4.203717 0.349321
v 0.161391 4.200933 0.389632
v 0.082847 4.203717 0.411167
v 0.411167 4.203717 0.082847
v 0.389632 4.200933 0.161391
v 0.349321 4.203717 0.232157
v 0.349321 4.203717 -0.232157
v 0.389632 4.200933 -0.161391
v 0.411167 4.203717 -0.082847
v 0.082847 4.203717 -0.411167
v 0.161391 4.200933 -0.389632
v 0.232157 4.203717 -0.349321
v -1.370150 -1.462773 1.370150
v -1.421756 -1.695906 1.421756
v -1.470400 -1.792451 1.470400
v -1.896504 -1.780754 1.896504
v -1.770191 -1.795232 1.770191
v -1.643877 -1.808316 1.643877
v -1.370150 -1.462773 -1.370150
v -1.421756 -1.695906 -1.421756
v -1.470400 -1.792451 -1.470400
v -2.324793 -1.808316 0.000000
v -2.503428 -1.795232 0.000000
v -2.682062 -1.780754 0.000000
v -0.551640 3.853131 0.000000
v -0.514005 3.976476 0.000000
v -0.470746 4.092837 0.000000
v -0.000000 3.853131 0.551640
v -0.000000 3.976476 0.514005
v -0.000000 4.092837 0.470746
v -1.896504 -1.780754 -1.896504
v -1.770191 -1.795232 -1.770191
v -1.643877 -1.808316 -1.643877
v -0.000000 4.319584 -0.349352
v -0.000000 4.425508 -0.266249
v -0.000000 4.517001 -0.164636
v 0.551639 3.853131 0.000000
v 0.514005 3.976476 0.000000
v 0.470746 4.092837 0.000000
v -0.000000 3.853131 -0.551640
v -0.000000 3.976476 -0.514005
v -0.000000 4.092837 -0.470746
v 0.116415 4.517001 -0.116415
v 0.188267 4.425507 -0.188267
v 0.247029 4.319583 -0.247029
v 0.349352 4.319583 -0.000000
v 0.266249 4.425508 -0.000000
v 0.164636 4.517001 -0.000000
v 0.116415 4.517001 0.116415
v 0.188267 4.425507 0.188267
v 0.247029 4.319583 0.247029
v -0.000000 4.319584 0.349352
v -0.000000 4.425508 0.266249
v -0.000000 4.517001 0.164636
v -0.116415 4.517001 0.116415
v -0.188267 4.425507 0.188267
v -0.247029 4.319583 0.247029
v -0.349352 4.319584 0.000000
v -0.266249 4.425508 0.000000
v -0.164636 4.517001 0.000000
v -0.116415 4.517001 -0.116415
v -0.188267 4.425507 -0.188267
v -0.247029 4.319583 -0.247029
v -0.000000 -1.780754 -2.682062
v -0.000000 -1.795232 -2.503428
v -0.000000 -1.808316 -2.324793
v 1.370150 -1.462773 1.370150
v 1.421756 -1.695906 1.421756
v 1.470400 -1.792451 1.470400
v 1.643877 -1.808316 -1.643877
v 1.770191 -1.795232 -1.770190
v 1.896504 -1.780754 -1.896504
v 1.370150 -1.462773 -1.370150
v 1.421756 -1.695906 -1.421756
v 1.470400 -1.792451 -1.470400
v -0.423836 -1.812756 -2.133701
v -0.832059 -1.812756 -2.008769
v -1.209057 -1.812756 -1.808451
v -2.133701 -1.812756 0.423836
v -2.008769 -1.812756 0.832059
v -1.808452 -1.812756 1.209057
v 1.808452 -1.812756 1.209057
v 2.008768 -1.812756 0.832059
v 2.133701 -1.812756 0.423836
v -1.209057 -1.812756 1.808452
v -0.832059 -1.812756 2.008768
v -0.423836 -1.812756 2.133701
v -1.808452 -1.812756 -1.209057
v -2.008768 -1.812756 -0.832059
v -2.133701 -1.812756 -0.423836
v 2.133701 -1.812756 -0.423836
v 2.008768 -1.812756 -0.832059
v 1.808452 -1.812756 -1.209057
v 0.423836 -1.812756 2.133701
v 0.832059 -1.812756 2.008768
v 1.209057 -1.812756 1.808451
v 1.209057 -1.812756 -1.808451
v 0.832059 -1.812756 -2.008768
v 0.423836 -1.812756 -2.133701
v 0.000000 -1.838079 2.990844
v 0.000000 -1.796770 2.972980
v 0.000000 -1.776032 2.924494
v -2.990844 -1.838079 0.000000
v -2.972980 -1.796770 0.000000
v -2.924494 -1.776032 0.000000
v 2.990844 -1.838079 -0.000000
v 2.972980 -1.796770 -0.000000
v 2.924494 -1.776032 -0.000000
v -0.000000 -1.838079 -2.990844
v -0.000000 -1.796770 -2.972980
v -0.000000 -1.776032 -2.924494
v -0.551037 -1.772133 -2.774062
v -1.081775 -1.772133 -2.611635
v -1.571917 -1.772133 -2.351200
v -2.774062 -1.772133 0.551037
v -2.611635 -1.772133 1.081775
v -2.351200 -1.772133 1.571917
v 2.351200 -1.772133 1.571916
v 2.611635 -1.772133 1.081774
v 2.774062 -1.772133 0.551036
v -1.571917 -1.772133 2.351200
v -1.081775 -1.772133 2.611635
v -0.551036 -1.772133 2.774062
v -2.351200 -1.772133 -1.571917
v -2.611635 -1.772133 -1.081775
v -2.774062 -1.772133 -0.551036
v 2.774062 -1.772133 -0.551037
v 2.611635 -1.772133 -1.081775
v 2.351200 -1.772133 -1.571916
v 0.551037 -1.772133 2.774062
v 1.081775 -1.772133 2.611635
v 1.571917 -1.772133 2.351200
v 1.571917 -1.772133 -2.351200
v 1.081775 -1.772133 -2.611635
v 0.551037 -1.772133 -2.774062
v -0.582837 -2.284369 -2.934152
v -1.144204 -2.284369 -2.762352
v -1.662632 -2.284370 -2.486887
v 1.643877 -1.808316 1.643877
v 1.770191 -1.795232 1.770190
v 1.896504 -1.780754 1.896504
v 2.682062 -1.780754 -0.000000
v 2.503427 -1.795232 -0.000000
v 2.324793 -1.808316 -0.000000
v -2.934153 -2.284369 0.582837
v -2.762352 -2.284369 1.144204
v -2.486887 -2.284370 1.662631
v 0.000000 -1.780754 2.682062
v 0.000000 -1.795232 2.503428
v 0.000000 -1.808316 2.324793
v 2.486887 -2.284369 1.662631
v 2.762352 -2.284369 1.144203
v 2.934152 -2.284369 0.582837
v -1.662631 -2.284369 2.486887
v -1.144204 -2.284369 2.762352
v -0.582837 -2.284369 2.934152
v -2.486887 -2.284369 -1.662631
v -2.762352 -2.284369 -1.144204
v -2.934152 -2.284369 -0.582837
v 2.934152 -2.284369 -0.582837
v 2.762352 -2.284369 -1.144204
v 2.486887 -2.284370 -1.662631
v 0.582837 -2.284369 2.934152
v 1.144204 -2.284369 2.762352
v 1.662632 -2.284370 2.486887
v -2.114513 -2.341124 -2.114512
v -2.099548 -2.373514 -2.099548
v -2.058928 -2.389002 -2.058927
v -2.114513 -2.341124 2.114512
v -2.099548 -2.373514 2.099548
v -2.058928 -2.389002 2.058927
v 2.114513 -2.341124 2.114512
v 2.099548 -2.373514 2.099547
v 2.058928 -2.389002 2.058927
v 2.114513 -2.341124 -2.114512
v 2.099548 -2.373514 -2.099547
v 2.058928 -2.389002 -2.058927
v 1.662632 -2.284369 -2.486887
v 1.144204 -2.284369 -2.762352
v 0.582837 -2.284369 -2.934152
v 2.116651 -1.994222 -2.116650
v 2.116651 -2.097822 -2.116650
v 2.116650 -2.199526 -2.116650
v -0.545161 -2.395050 -2.744483
v -1.070240 -2.395050 -2.583788
v -1.555156 -2.395050 -2.326129
v -2.744483 -2.395050 0.545161
v -2.583788 -2.395050 1.070240
v -2.326130 -2.395050 1.555155
v 2.326129 -2.395050 1.555155
v 2.583788 -2.395050 1.070240
v 2.744483 -2.395050 0.545161
v -1.555155 -2.395050 2.326129
v -1.070240 -2.395050 2.583788
v -0.545161 -2.395050 2.744483
v -2.326129 -2.395050 -1.555155
v -2.583788 -2.395050 -1.070240
v -2.744483 -2.395050 -0.545161
v 2.744483 -2.395050 -0.545161
v 2.583788 -2.395050 -1.070240
v 2.326129 -2.395050 -1.555155
v 0.545161 -2.395050 2.744483
v 1.070240 -2.395050 2.583787
v 1.555156 -2.395050 2.326129
v 1.555156 -2.395050 -2.326129
v 1.070240 -2.395050 -2.583788
v 0.545161 -2.395050 -2.744483
v 2.116651 -1.994222 2.116650
v 2.116651 -2.097822 2.116650
v 2.116650 -2.199526 2.116650
v -2.116651 -1.994222 2.116650
v -2.116651 -2.097822 2.116651
v -2.116650 -2.199526 2.116650
v -2.116651 -1.994222 -2.116650
v -2.116651 -2.097822 -2.116651
v -2.116650 -2.199526 -2.116650
v -0.000000 -2.389002 -2.911763
v -0.000000 -2.373514 -2.969208
v -0.000000 -2.341124 -2.990372
v 2.911763 -2.389002 -0.000000
v 2.969208 -2.373514 -0.000000
v 2.990372 -2.341124 -0.000000
v -2.911763 -2.389002 0.000000
v -2.969208 -2.373514 0.000000
v -2.990372 -2.341124 0.000000
v 0.000000 -2.389002 2.911763
v 0.000000 -2.373514 2.969208
v 0.000000 -2.341124 2.990372
v -0.443645 2.839899 -0.064632
v -0.379934 2.955464 -0.157374
v -0.359406 2.839899 -0.268003
v -0.359406 2.839899 0.268003
v -0.379934 2.955464 0.157374
v -0.443645 2.839899 0.064632
v -0.064632 2.839899 0.443645
v -0.157374 2.955464 0.379934
v -0.268003 2.839899 0.359406
v 0.268003 2.839899 0.359406
v 0.157374 2.955464 0.379934
v 0.064632 2.839899 0.443645
v 0.443645 2.839899 0.064632
v 0.379934 2.955464 0.157374
v 0.359406 2.839899 0.268003
v 0.359406 2.839899 -0.268003
v 0.379934 2.955464 -0.157374
v 0.443645 2.839899 -0.064632
v 0.064632 2.839899 -0.443645
v 0.157374 2.955464 -0.379934
v 0.268003 2.839899 -0.359406
v -0.268003 2.839899 -0.359406
v -0.157374 2.955464 -0.379934
v -0.064632 2.839899 -0.443645
v 0.000000 -2.199526 2.993396
v 0.000000 -2.097822 2.993396
v 0.000000 -1.994221 2.993396
v -2.993396 -2.199526 0.000000
v -2.993396 -2.097822 0.000000
v -2.993396 -1.994221 0.000000
v 2.993395 -2.199526 -0.000000
v 2.993396 -2.097822 -0.000000
v 2.993396 -1.994221 -0.000000
v -0.000000 -2.199526 -2.993396
v -0.000000 -2.097822 -2.993396
v -0.000000 -1.994221 -2.993396
v 2.067930 -1.776032 -2.067930
v 2.102215 -1.796770 -2.102214
v 2.114846 -1.838079 -2.114846
v 2.067930 -1.776032 2.067929
v 2.102215 -1.796770 2.102214
v 2.114846 -1.838079 2.114846
v -2.067930 -1.776032 2.067930
v -2.102215 -1.796770 2.102215
v -2.114846 -1.838079 2.114846
v -2.067930 -1.776032 -2.067930
v -2.102215 -1.796770 -2.102215
v -2.114846 -1.838079 -2.114846
v 1.662632 -1.903691 -2.486887
v 1.144204 -1.903691 -2.762352
v 0.582837 -1.903691 -2.934152
v 0.582837 -1.903691 2.934152
v 1.144204 -1.903691 2.762352
v 1.662632 -1.903691 2.486887
v 2.934152 -1.903691 -0.582837
v 2.762352 -1.903691 -1.144204
v 2.486887 -1.903691 -1.662631
v -2.486887 -1.903691 -1.662631
v -2.762352 -1.903691 -1.144204
v -2.934152 -1.903691 -0.582837
v -1.662631 -1.903691 2.486887
v -1.144204 -1.903691 2.762352
v -0.582837 -1.903691 2.934152
v 2.486887 -1.903691 1.662631
v 2.762352 -1.903691 1.144203
v 2.934152 -1.903691 0.582837
v -2.934153 -1.903691 0.582837
v -2.762352 -1.903691 1.144204
v -2.486887 -1.903691 1.662631
v -0.582837 -1.903691 -2.934152
v -1.144204 -1.903691 -2.762352
v -1.662632 -1.903691 -2.486887
v -0.879325 1.220131 0.879325
v -1.027817 0.415929 1.027817
v -1.173214 -0.375821 1.173214
v -0.879325 1.220131 -0.879325
v -1.027817 0.415929 -1.027817
v -1.173214 -0.375821 -1.173214
v -2.079460 -1.792451 0.000000
v -2.010667 -1.695906 0.000000
v -1.937685 -1.462773 0.000000
v 0.000000 -1.792451 2.079460
v 0.000000 -1.695906 2.010667
v 0.000000 -1.462773 1.937685
v 2.079460 -1.792451 -0.000000
v 2.010667 -1.695906 -0.000000
v 1.937685 -1.462773 -0.000000
v -0.000000 -1.792451 -2.079460
v -0.000000 -1.695906 -2.010667
v -0.000000 -1.462773 -1.937685
v 0.879325 1.220131 0.879325
v 1.027817 0.415929 1.027817
v 1.173214 -0.375821 1.173213
v 0.879325 1.220131 -0.879325
v 1.027817 0.415929 -1.027817
v 1.173214 -0.375821 -1.173214
v 1.015219 -1.032707 -1.518517
v 0.698662 -1.032707 -1.686719
v 0.355886 -1.032707 -1.791622
v 0.355886 -1.032707 1.791622
v 0.698662 -1.032707 1.686719
v 1.015219 -1.032707 1.518517
v 1.791622 -1.032707 -0.355886
v 1.686719 -1.032707 -0.698662
v 1.518517 -1.032707 -1.015219
v -1.518517 -1.032707 -1.015219
v -1.686719 -1.032707 -0.698662
v -1.791622 -1.032707 -0.355886
v -1.015219 -1.032707 1.518517
v -0.698662 -1.032707 1.686719
v -0.355886 -1.032707 1.791622
v 1.518517 -1.032707 1.015219
v 1.686719 -1.032707 0.698662
v 1.791622 -1.032707 0.355886
v -1.791622 -1.032707 0.355886
v -1.686719 -1.032707 0.698662
v -1.518517 -1.032707 1.015219
v -0.355886 -1.032707 -1.791622
v -0.698662 -1.032707 -1.686719
v -1.015219 -1.032707 -1.518517
v -0.981439 -2.353424 -1.467991
v -0.675415 -2.353424 -1.630595
v -0.344044 -2.353424 -1.732008
v 0.344044 -2.353424 -1.732008
v 0.675415 -2.353424 -1.630595
v 0.981439 -2.353424 -1.467991
v 1.467991 -2.353424 -0.981439
v 1.630595 -2.353424 -0.675415
v 1.732008 -2.353424 -0.344044
v 1.732008 -2.353424 0.344044
v 1.630596 -2.353424 0.675415
v 1.467991 -2.353424 0.981439
v 0.981439 -2.353424 1.467990
v 0.675415 -2.353424 1.630595
v 0.344044 -2.353424 1.732008
v -0.344044 -2.353424 1.732008
v -0.675415 -2.353424 1.630595
v -0.981439 -2.353424 1.467991
v -1.467991 -2.353424 0.981439
v -1.630596 -2.353424 0.675415
v -1.732008 -2.353424 0.344044
v -1.732008 -2.353424 -0.344044
v -1.630596 -2.353424 -0.675415
v -1.467991 -2.353424 -0.981439
v -1.553295 -2.399856 -1.553295
v -1.705219 -2.399394 -1.705219
v -1.855709 -2.397960 -1.855708
v -0.000000 -2.399065 -1.893219
v -0.000000 -2.393966 -1.822698
v -0.000000 -2.380203 -1.786341
v -1.553295 -2.399856 1.553295
v -1.705219 -2.399394 1.705219
v -1.855708 -2.397960 1.855708
v -1.893219 -2.399065 0.000000
v -1.822698 -2.393966 0.000000
v -1.786341 -2.380203 0.000000
v 1.553295 -2.399856 1.553294
v 1.705219 -2.399394 1.705219
v 1.855709 -2.397960 1.855708
v 0.000000 -2.399065 1.893219
v 0.000000 -2.393966 1.822698
v 0.000000 -2.380203 1.786341
v 1.553295 -2.399856 -1.553295
v 1.705219 -2.399394 -1.705219
v 1.855709 -2.397960 -1.855708
v 1.893219 -2.399065 -0.000000
v 1.822698 -2.393966 -0.000000
v 1.786341 -2.380203 -0.000000
v -0.860736 -0.145526 -0.860736
v -0.667662 0.958657 -0.667662
v -0.488007 1.959130 -0.488007
v -1.613229 -1.766554 0.000000
v -1.702876 -2.129365 0.000000
v -1.746482 -2.295025 0.000000
v -0.860736 -0.145526 0.860736
v -0.667662 0.958657 0.667662
v -0.488007 1.959130 0.488007
v 0.000000 -1.766554 1.613229
v 0.000000 -2.129365 1.702876
v 0.000000 -2.295025 1.746482
v 0.860736 -0.145526 0.860736
v 0.667662 0.958657 0.667662
v 0.488007 1.959130 0.488007
v 1.613229 -1.766554 -0.000000
v 1.702876 -2.129365 -0.000000
v 1.746482 -2.295025 -0.000000
v 0.860736 -0.145526 -0.860736
v 0.667662 0.958657 -0.667662
v 0.488007 1.959130 -0.488007
v -0.000000 -1.766554 -1.613229
v -0.000000 -2.129365 -1.702876
v -0.000000 -2.295025 -1.746482
v -1.263134 -2.380203 -1.263134
v -1.288842 -2.393966 -1.288842
v -1.338708 -2.399065 -1.338708
v -0.000000 -2.397960 -2.624368
v -0.000000 -2.399394 -2.411544
v -0.000000 -2.399856 -2.196690
v -1.263134 -2.380203 1.263134
v -1.288842 -2.393966 1.288842
v -1.338708 -2.399065 1.338708
v -2.624368 -2.397960 0.000000
v -2.411544 -2.399394 0.000000
v -2.196690 -2.399856 0.000000
v 1.263134 -2.380203 1.263134
v 1.288842 -2.393966 1.288842
v 1.338708 -2.399065 1.338708
v 0.000000 -2.397960 2.624368
v 0.000000 -2.399394 2.411544
v 0.000000 -2.399856 2.196690
v 1.263134 -2.380203 -1.263134
v 1.288842 -2.393966 -1.288842
v 1.338708 -2.399065 -1.338708
v 2.624368 -2.397960 -0.000000
v 2.411544 -2.399394 -0.000000
v 2.196690 -2.399856 -0.000000
v -0.392350 -2.399848 -1.975192
v -0.770247 -2.399848 -1.859540
v -1.119238 -2.399848 -1.674105
v -1.975192 -2.399848 0.392350
v -1.859540 -2.399848 0.770247
v -1.674105 -2.399848 1.119238
v 0.392350 -2.399848 1.975192
v 0.770247 -2.399848 1.859540
v 1.119238 -2.399848 1.674105
v 1.119238 -2.399848 -1.674105
v 0.770247 -2.399848 -1.859540
v 0.392350 -2.399848 -1.975192
v -1.674105 -2.399848 -1.119238
v -1.859540 -2.399848 -0.770247
v -1.975192 -2.399848 -0.392350
v 1.674105 -2.399848 1.119238
v 1.859540 -2.399848 0.770247
v 1.975192 -2.399848 0.392350
v -1.119238 -2.399848 1.674105
v -0.770247 -2.399848 1.859540
v -0.392350 -2.399848 1.975192
v 1.975192 -2.399848 -0.392350
v 1.859540 -2.399848 -0.770247
v 1.674105 -2.399848 -1.119238
v -1.234949 -2.295025 -1.234949
v -1.204115 -2.129365 -1.204115
v -1.140725 -1.766554 -1.140725
v -0.690146 1.959130 0.000000
v -0.944216 0.958657 0.000000
v -1.217265 -0.145526 0.000000
v -1.234949 -2.295025 1.234949
v -1.204115 -2.129365 1.204115
v -1.140725 -1.766554 1.140725
v -0.000000 1.959130 0.690145
v -0.000000 0.958657 0.944216
v 0.000000 -0.145526 1.217265
v 1.234949 -2.295025 1.234949
v 1.204115 -2.129365 1.204115
v 1.140725 -1.766554 1.140725
v 0.690145 1.959130 -0.000000
v 0.944216 0.958657 -0.000000
v 1.217264 -0.145526 -0.000000
v 1.234949 -2.295025 -1.234949
v 1.204115 -2.129365 -1.204115
v 1.140725 -1.766554 -1.140725
v -0.000000 1.959130 -0.690145
v -0.000000 0.958657 -0.944216
v -0.000000 -0.145526 -1.217265
v -0.283223 -1.116693 -1.425818
v -0.556013 -1.116693 -1.342333
v -0.807937 -1.116693 -1.208474
v 1.425818 -1.116693 -0.283223
v 1.342333 -1.116693 -0.556013
v 1.208474 -1.116693 -0.807937
v 0.283223 -1.116693 1.425818
v 0.556013 -1.116693 1.342333
v 0.807937 -1.116693 1.208474
v -1.425818 -1.116693 0.283223
v -1.342333 -1.116693 0.556013
v -1.208474 -1.116693 0.807937
v 0.807937 -1.116693 -1.208474
v 0.556013 -1.116693 -1.342333
v 0.283223 -1.116693 -1.425818
v 1.208474 -1.116693 0.807937
v 1.342333 -1.116693 0.556013
v 1.425818 -1.116693 0.283223
v -0.807937 -1.116693 1.208474
v -0.556013 -1.116693 1.342333
v -0.283223 -1.116693 1.425818
v -1.208474 -1.116693 -0.807937
v -1.342333 -1.116693 -0.556013
v -1.425818 -1.116693 -0.283223
v -0.711419 3.251958 0.000000
v -0.669275 3.412480 0.000000
v -0.627721 3.570109 0.000000
v -0.000000 3.251958 0.711419
v -0.000000 3.412480 0.669275
v -0.000000 3.570109 0.627721
v 0.711419 3.251958 -0.000000
v 0.669275 3.412480 -0.000000
v 0.627721 3.570109 0.000000
v -0.000000 3.251958 -0.711419
v -0.000000 3.412480 -0.669275
v -0.000000 3.570109 -0.627721
v -0.332868 4.092837 0.332868
v -0.363457 3.976476 0.363457
v -0.390068 3.853131 0.390068
v -0.332868 4.092837 -0.332867
v -0.363457 3.976476 -0.363457
v -0.390068 3.853131 -0.390068
v 0.332868 4.092837 0.332867
v 0.363457 3.976476 0.363457
v 0.390068 3.853131 0.390068
v 0.332868 4.092837 -0.332868
v 0.363457 3.976476 -0.363457
v 0.390068 3.853131 -0.390068
v -0.114553 3.718515 -0.576688
v -0.224885 3.718514 -0.542921
v -0.326779 3.718515 -0.488781
v -0.576688 3.718515 0.114553
v -0.542921 3.718514 0.224885
v -0.488781 3.718515 0.326779
v 0.488781 3.718515 0.326779
v 0.542921 3.718514 0.224885
v 0.576688 3.718515 0.114553
v -0.326779 3.718515 0.488781
v -0.224885 3.718514 0.542921
v -0.114553 3.718515 0.576688
v -0.488781 3.718515 -0.326779
v -0.542922 3.718514 -0.224885
v -0.576688 3.718515 -0.114553
v 0.576688 3.718515 -0.114553
v 0.542921 3.718514 -0.224885
v 0.488781 3.718515 -0.326779
v 0.114553 3.718515 0.576688
v 0.224885 3.718514 0.542921
v 0.326779 3.718515 0.488781
v 0.326779 3.718515 -0.488781
v 0.224885 3.718514 -0.542921
v 0.114553 3.718515 -0.576688
v -0.443866 3.570109 0.443866
v -0.473249 3.412480 0.473249
v -0.503050 3.251958 0.503049
v -0.443866 3.570109 -0.443866
v -0.473249 3.412480 -0.473249
v -0.503050 3.251958 -0.503049
v 0.443866 3.570109 0.443866
v 0.473249 3.412480 0.473249
v 0.503049 3.251958 0.503049
v 0.443866 3.570109 -0.443866
v 0.473249 3.412480 -0.473249
v 0.503049 3.251958 -0.503049
v -0.932834 2.406717 0.000000
v -0.848881 2.727226 0.000000
v -0.794081 2.936435 0.000000
v 0.000000 2.406717 0.932834
v 0.000000 2.727226 0.848881
v -0.000000 2.936435 0.794081
v 0.932834 2.406717 -0.000000
v 0.848881 2.727226 -0.000000
v 0.794081 2.936435 -0.000000
v -0.000000 2.406717 -0.932834
v -0.000000 2.727226 -0.848881
v -0.000000 2.936435 -0.794081
v -0.146533 3.094881 -0.737683
v -0.287668 3.094881 -0.694491
v -0.418007 3.094881 -0.625235
v -0.737684 3.094881 0.146533
v -0.694491 3.094881 0.287667
v -0.625235 3.094881 0.418007
v 0.625235 3.094881 0.418007
v 0.694491 3.094881 0.287667
v 0.737683 3.094881 0.146533
v -0.418007 3.094881 0.625235
v -0.287668 3.094881 0.694491
v -0.146533 3.094881 0.737683
v -0.625235 3.094881 -0.418007
v -0.694491 3.094881 -0.287667
v -0.737684 3.094881 -0.146533
v 0.737683 3.094881 -0.146533
v 0.694491 3.094881 -0.287667
v 0.625235 3.094881 -0.418007
v 0.146533 3.094881 0.737683
v 0.287667 3.094881 0.694491
v 0.418007 3.094881 0.625235
v 0.418007 3.094881 -0.625235
v 0.287667 3.094881 -0.694491
v 0.146533 3.094881 -0.737684
v -0.561500 2.936435 0.561500
v -0.600249 2.727226 0.600249
v -0.659613 2.406717 0.659613
v -0.561500 2.936435 -0.561500
v -0.600249 2.727226 -0.600249
v -0.659613 2.406717 -0.659613
v 0.561500 2.936435 0.561500
v 0.600249 2.727226 0.600249
v 0.659613 2.406717 0.659613
v 0.561500 2.936435 -0.561500
v 0.600249 2.727226 -0.600249
v 0.659613 2.406717 -0.659613
v -1.659175 -0.375821 0.000000
v -1.453553 0.415929 0.000000
v -1.243553 1.220131 0.000000
v 0.000000 -0.375821 1.659175
v 0.000000 0.415929 1.453553
v 0.000000 1.220131 1.243553
v 1.659175 -0.375821 -0.000000
v 1.453552 0.415929 -0.000000
v 1.243553 1.220131 -0.000000
v -0.000000 -0.375821 -1.659175
v -0.000000 0.415929 -1.453553
v -0.000000 1.220131 -1.243553
v -0.206740 1.914367 -1.040785
v -0.405865 1.914367 -0.979845
v -0.589759 1.914367 -0.882133
v -1.040785 1.914367 0.206740
v -0.979845 1.914367 0.405865
v -0.882133 1.914367 0.589758
v 0.882133 1.914367 0.589758
v 0.979845 1.914367 0.405865
v 1.040785 1.914367 0.206740
v -0.589759 1.914367 0.882133
v -0.405865 1.914367 0.979845
v -0.206740 1.914367 1.040785
v -0.882133 1.914367 -0.589758
v -0.979845 1.914367 -0.405865
v -1.040785 1.914367 -0.206740
v 1.040785 1.914367 -0.206740
v 0.979845 1.914367 -0.405865
v 0.882133 1.914367 -0.589758
v 0.206740 1.914367 1.040785
v 0.405865 1.914367 0.979845
v 0.589759 1.914367 0.882133
v 0.589759 1.914367 -0.882133
v 0.405865 1.914367 -0.979845
v 0.206740 1.914367 -1.040785
v 2.278782 -1.808316 0.452655
v 2.145355 -1.808316 0.888635
v 1.931418 -1.808316 1.291267
v 2.453881 -1.795232 0.487436
v 2.310202 -1.795232 0.956917
v 2.079826 -1.795232 1.390487
v 2.628980 -1.780754 0.522218
v 2.475048 -1.780754 1.025198
v 2.228234 -1.780754 1.489706
v 0.117875 4.380533 -0.284575
v 0.194569 4.313298 -0.296894
v 0.138236 4.306010 -0.333730
v 0.072355 4.313298 -0.347517
v 0.067751 4.410067 -0.273607
v 0.079512 4.483558 -0.191959
v 0.145562 4.410067 -0.241377
v 0.284575 4.380533 0.117875
v 0.296894 4.313298 0.194569
v 0.333730 4.306010 0.138236
v 0.347517 4.313298 0.072355
v 0.273607 4.410067 0.067751
v 0.191959 4.483558 0.079512
v 0.241377 4.410066 0.145562
v -0.117875 4.380533 0.284575
v -0.194569 4.313298 0.296894
v -0.138236 4.306010 0.333730
v -0.072355 4.313298 0.347517
v -0.067751 4.410067 0.273607
v -0.079512 4.483558 0.191959
v -0.145562 4.410066 0.241377
v -0.284575 4.380533 -0.117875
v -0.296894 4.313298 -0.194569
v -0.333730 4.306010 -0.138236
v -0.347517 4.313298 -0.072355
v -0.273607 4.410067 -0.067751
v -0.191959 4.483558 -0.079512
v -0.241377 4.410067 -0.145562
v 0.284575 4.380533 -0.117875
v 0.347517 4.313297 -0.072355
v 0.333730 4.306009 -0.138236
v 0.296894 4.313297 -0.194569
v 0.241377 4.410067 -0.145562
v 0.191959 4.483558 -0.079512
v 0.273607 4.410066 -0.067751
v 0.117875 4.380533 0.284575
v 0.072355 4.313297 0.347517
v 0.138236 4.306009 0.333730
v 0.194569 4.313297 0.296894
v 0.145562 4.410067 0.241377
v 0.079512 4.483558 0.191959
v 0.067751 4.410066 0.273607
v -0.284575 4.380533 0.117875
v -0.347517 4.313297 0.072355
v -0.333730 4.306009 0.138236
v -0.296894 4.313297 0.194569
v -0.241377 4.410067 0.145562
v -0.191959 4.483558 0.079512
v -0.273607 4.410067 0.067751
v -0.117875 4.380533 -0.284575
v -0.072355 4.313297 -0.347517
v -0.138236 4.306009 -0.333730
v -0.194569 4.313297 -0.296894
v -0.145562 4.410066 -0.241377
v -0.079512 4.483558 -0.191959
v -0.067751 4.410067 -0.273607
v -1.931418 -1.808316 1.291268
v -2.145355 -1.808316 0.888635
v -2.278783 -1.808316 0.452655
v -2.079826 -1.795232 1.390487
v -2.310202 -1.795232 0.956917
v -2.453882 -1.795232 0.487436
v -2.228234 -1.780754 1.489706
v -2.475048 -1.780754 1.025199
v -2.628981 -1.780754 0.522218
v -1.291268 -1.808316 -1.931418
v -0.888635 -1.808316 -2.145355
v -0.452655 -1.808316 -2.278783
v -1.390487 -1.795232 -2.079826
v -0.956917 -1.795232 -2.310202
v -0.487436 -1.795232 -2.453882
v -1.489706 -1.780754 -2.228233
v -1.025199 -1.780754 -2.475048
v -0.522218 -1.780754 -2.628981
v 0.452655 -1.808316 -2.278783
v 0.888635 -1.808316 -2.145355
v 1.291268 -1.808316 -1.931418
v 0.487436 -1.795232 -2.453882
v 0.956917 -1.795232 -2.310202
v 1.390487 -1.795232 -2.079826
v 0.522218 -1.780754 -2.628980
v 1.025199 -1.780754 -2.475048
v 1.489706 -1.780754 -2.228234
v -1.076255 -1.462773 -1.609812
v -0.740666 -1.462774 -1.788126
v -0.377282 -1.462773 -1.899336
v -1.116791 -1.695906 -1.670445
v -0.768563 -1.695906 -1.855475
v -0.391492 -1.695906 -1.970873
v -1.155001 -1.792451 -1.727597
v -0.794859 -1.792451 -1.918958
v -0.404887 -1.792451 -2.038305
v -1.609812 -1.462773 1.076254
v -1.788126 -1.462774 0.740666
v -1.899336 -1.462773 0.377282
v -1.670445 -1.695906 1.116791
v -1.855475 -1.695906 0.768563
v -1.970873 -1.695906 0.391492
v -1.727597 -1.792451 1.155001
v -1.918958 -1.792451 0.794859
v -2.038305 -1.792451 0.404887
v 1.899335 -1.462773 0.377282
v 1.788126 -1.462774 0.740666
v 1.609812 -1.462773 1.076254
v 1.970873 -1.695906 0.391492
v 1.855475 -1.695906 0.768563
v 1.670445 -1.695906 1.116791
v 2.038305 -1.792451 0.404886
v 1.918958 -1.792451 0.794858
v 1.727597 -1.792451 1.155001
v -0.377282 -1.462773 1.899336
v -0.740666 -1.462774 1.788126
v -1.076255 -1.462773 1.609812
v -0.391492 -1.695906 1.970873
v -0.768563 -1.695906 1.855475
v -1.116791 -1.695906 1.670445
v -0.404886 -1.792451 2.038305
v -0.794859 -1.792451 1.918958
v -1.155001 -1.792451 1.727597
v -1.899336 -1.462773 -0.377282
v -1.788126 -1.462774 -0.740666
v -1.609812 -1.462773 -1.076254
v -1.970873 -1.695906 -0.391492
v -1.855475 -1.695906 -0.768563
v -1.670445 -1.695906 -1.116791
v -2.038305 -1.792451 -0.404886
v -1.918958 -1.792451 -0.794858
v -1.727597 -1.792451 -1.155001
v 1.609812 -1.462773 -1.076254
v 1.788126 -1.462774 -0.740666
v 1.899336 -1.462773 -0.377282
v 1.670445 -1.695906 -1.116791
v 1.855475 -1.695906 -0.768563
v 1.970873 -1.695906 -0.391492
v 1.727597 -1.792451 -1.155001
v 1.918958 -1.792451 -0.794858
v 2.038305 -1.792451 -0.404887
v 1.076255 -1.462773 1.609812
v 0.740666 -1.462774 1.788126
v 0.377282 -1.462773 1.899336
v 1.116791 -1.695906 1.670444
v 0.768563 -1.695906 1.855474
v 0.391492 -1.695906 1.970873
v 1.155001 -1.792451 1.727597
v 0.794859 -1.792451 1.918958
v 0.404887 -1.792451 2.038305
v 0.377282 -1.462773 -1.899336
v 0.740666 -1.462774 -1.788126
v 1.076255 -1.462773 -1.609812
v 0.391492 -1.695906 -1.970873
v 0.768563 -1.695906 -1.855475
v 1.116791 -1.695906 -1.670445
v 0.404887 -1.792451 -2.038305
v 0.794859 -1.792451 -1.918958
v 1.155001 -1.792451 -1.727597
v -0.000000 3.836575 -0.000000
v -0.000000 3.337502 -0.292404
v 0.084871 3.520154 -0.204896
v 0.206760 3.337502 -0.206761
v 0.204896 3.520154 -0.084871
v 0.292404 3.337502 -0.000000
v 0.204896 3.520154 0.084871
v 0.206761 3.337502 0.206761
v 0.084871 3.520154 0.204896
v -0.000000 3.337502 0.292404
v -0.084871 3.520154 0.204896
v -0.206761 3.337502 0.206761
v -0.204896 3.520154 0.084871
v -0.292404 3.337502 0.000000
v -0.204896 3.520154 -0.084871
v -0.206761 3.337502 -0.206761
v -0.084871 3.520154 -0.204896
v 1.572870 -2.399065 -1.051556
v 1.747092 -2.399065 -0.723669
v 1.855749 -2.399065 -0.368624
v 1.514281 -2.393967 -1.012387
v 1.682014 -2.393966 -0.696713
v 1.786624 -2.393966 -0.354893
v 1.484076 -2.380203 -0.992193
v 1.648463 -2.380203 -0.682816
v 1.750987 -2.380203 -0.347814
v -0.368624 -2.399065 1.855749
v -0.723669 -2.399065 1.747092
v -1.051557 -2.399065 1.572869
v -0.354893 -2.393967 1.786624
v -0.696713 -2.393966 1.682014
v -1.012387 -2.393966 1.514281
v -0.347814 -2.380203 1.750987
v -0.682816 -2.380203 1.648463
v -0.992193 -2.380203 1.484076
v 1.855749 -2.399065 0.368624
v 1.747092 -2.399065 0.723669
v 1.572870 -2.399065 1.051556
v 1.786624 -2.393967 0.354893
v 1.682014 -2.393966 0.696713
v 1.514281 -2.393966 1.012387
v 1.750987 -2.380203 0.347814
v 1.648463 -2.380203 0.682816
v 1.484076 -2.380203 0.992193
v -1.855749 -2.399065 -0.368624
v -1.747092 -2.399065 -0.723669
v -1.572870 -2.399065 -1.051556
v -1.786624 -2.393967 -0.354893
v -1.682014 -2.393966 -0.696713
v -1.514282 -2.393966 -1.012387
v -1.750987 -2.380203 -0.347814
v -1.648463 -2.380203 -0.682816
v -1.484076 -2.380203 -0.992193
v 0.368624 -2.399065 -1.855749
v 0.723669 -2.399065 -1.747092
v 1.051557 -2.399065 -1.572869
v 0.354893 -2.393967 -1.786624
v 0.696713 -2.393966 -1.682014
v 1.012387 -2.393966 -1.514281
v 0.347814 -2.380203 -1.750987
v 0.682816 -2.380203 -1.648463
v 0.992193 -2.380203 -1.484076
v 1.051557 -2.399065 1.572869
v 0.723669 -2.399065 1.747091
v 0.368624 -2.399065 1.855749
v 1.012387 -2.393967 1.514281
v 0.696713 -2.393966 1.682014
v 0.354893 -2.393966 1.786624
v 0.992193 -2.380203 1.484076
v 0.682816 -2.380203 1.648463
v 0.347814 -2.380203 1.750987
v -1.572870 -2.399065 1.051556
v -1.747092 -2.399065 0.723669
v -1.855749 -2.399065 0.368624
v -1.514281 -2.393967 1.012387
v -1.682014 -2.393966 0.696713
v -1.786624 -2.393966 0.354893
v -1.484076 -2.380203 0.992193
v -1.648463 -2.380203 0.682816
v -1.750987 -2.380203 0.347814
v -0.452655 -1.808316 2.278783
v -0.888635 -1.808316 2.145356
v -1.291268 -1.808316 1.931418
v -0.487436 -1.795232 2.453882
v -0.956917 -1.795232 2.310202
v -1.390487 -1.795232 2.079826
v -0.522218 -1.780754 2.628980
v -1.025199 -1.780754 2.475048
v -1.489706 -1.780754 2.228234
v -2.278783 -1.808316 -0.452655
v -2.145356 -1.808316 -0.888635
v -1.931418 -1.808316 -1.291268
v -2.453882 -1.795232 -0.487436
v -2.310202 -1.795232 -0.956917
v -2.079826 -1.795232 -1.390487
v -2.628980 -1.780754 -0.522218
v -2.475049 -1.780754 -1.025199
v -2.228234 -1.780754 -1.489706
v 1.931418 -1.808316 -1.291268
v 2.145355 -1.808316 -0.888635
v 2.278782 -1.808316 -0.452655
v 2.079826 -1.795232 -1.390487
v 2.310202 -1.795232 -0.956917
v 2.453882 -1.795232 -0.487436
v 2.228234 -1.780754 -1.489706
v 2.475048 -1.780754 -1.025199
v 2.628980 -1.780754 -0.522218
v 1.291268 -1.808316 1.931418
v 0.888635 -1.808316 2.145355
v 0.452655 -1.808316 2.278783
v 1.390487 -1.795232 2.079825
v 0.956917 -1.795232 2.310202
v 0.487436 -1.795232 2.453882
v 1.489706 -1.780754 2.228233
v 1.025199 -1.780754 2.475048
v 0.522218 -1.780754 2.628980
v -1.662632 -1.994222 -2.486887
v -1.144204 -1.994221 -2.762352
v -0.582837 -1.994222 -2.934152
v -1.662632 -2.097822 -2.486887
v -1.144204 -2.097822 -2.762352
v -0.582837 -2.097822 -2.934153
v -1.662632 -2.199526 -2.486887
v -1.144204 -2.199527 -2.762352
v -0.582837 -2.199526 -2.934153
v -1.660952 -2.341124 -2.484375
v -1.143048 -2.341124 -2.759562
v -0.582248 -2.341124 -2.931189
v -1.649197 -2.373514 -2.466792
v -1.134958 -2.373514 -2.740031
v -0.578127 -2.373514 -2.910444
v -1.617290 -2.389002 -2.419067
v -1.113000 -2.389003 -2.687020
v -0.566942 -2.389002 -2.854136
v -2.484375 -2.341124 1.660952
v -2.759562 -2.341124 1.143048
v -2.931189 -2.341124 0.582248
v -2.466792 -2.373514 1.649197
v -2.740032 -2.373514 1.134958
v -2.910444 -2.373514 0.578127
v -2.419067 -2.389002 1.617290
v -2.687020 -2.389003 1.113000
v -2.854136 -2.389002 0.566942
v 2.931189 -2.341124 0.582248
v 2.759562 -2.341124 1.143048
v 2.484375 -2.341124 1.660952
v 2.910444 -2.373514 0.578127
v 2.740031 -2.373514 1.134958
v 2.466792 -2.373514 1.649197
v 2.854135 -2.389002 0.566942
v 2.687020 -2.389003 1.113000
v 2.419068 -2.389002 1.617290
v -0.582248 -2.341124 2.931189
v -1.143048 -2.341124 2.759562
v -1.660952 -2.341124 2.484375
v -0.578127 -2.373514 2.910444
v -1.134958 -2.373514 2.740031
v -1.649197 -2.373514 2.466792
v -0.566942 -2.389002 2.854136
v -1.113000 -2.389003 2.687020
v -1.617290 -2.389002 2.419067
v -2.931189 -2.341124 -0.582248
v -2.759562 -2.341124 -1.143048
v -2.484375 -2.341124 -1.660952
v -2.910444 -2.373514 -0.578127
v -2.740031 -2.373514 -1.134958
v -2.466792 -2.373514 -1.649197
v -2.854136 -2.389002 -0.566942
v -2.687020 -2.389003 -1.113000
v -2.419068 -2.389002 -1.617290
v 2.484375 -2.341124 -1.660952
v 2.759562 -2.341124 -1.143048
v 2.931189 -2.341124 -0.582248
v 2.466792 -2.373514 -1.649197
v 2.740031 -2.373514 -1.134958
v 2.910444 -2.373514 -0.578127
v 2.419067 -2.389002 -1.617290
v 2.687020 -2.389003 -1.113000
v 2.854136 -2.389002 -0.566942
v 1.660952 -2.341124 2.484375
v 1.143048 -2.341124 2.759562
v 0.582248 -2.341124 2.931189
v 1.649197 -2.373514 2.466792
v 1.134958 -2.373514 2.740031
v 0.578127 -2.373514 2.910444
v 1.617290 -2.389002 2.419067
v 1.113001 -2.389003 2.687020
v 0.566942 -2.389002 2.854136
v 0.582248 -2.341124 -2.931189
v 1.143048 -2.341124 -2.759562
v 1.660952 -2.341124 -2.484375
v 0.578127 -2.373514 -2.910444
v 1.134958 -2.373514 -2.740031
v 1.649197 -2.373514 -2.466792
v 0.566942 -2.389002 -2.854136
v 1.113000 -2.389003 -2.687020
v 1.617290 -2.389002 -2.419067
v -2.486887 -1.994222 1.662632
v -2.762352 -1.994221 1.144204
v -2.934152 -1.994222 0.582837
v -2.486887 -2.097822 1.662632
v -2.762352 -2.097822 1.144204
v -2.934153 -2.097822 0.582837
v -2.486887 -2.199526 1.662631
v -2.762352 -2.199527 1.144204
v -2.934153 -2.199526 0.582837
v 2.934152 -1.994222 0.582837
v 2.762352 -1.994221 1.144203
v 2.486887 -1.994222 1.662631
v 2.934153 -2.097822 0.582837
v 2.762352 -2.097822 1.144204
v 2.486887 -2.097822 1.662631
v 2.934152 -2.199526 0.582837
v 2.762352 -2.199527 1.144204
v 2.486887 -2.199526 1.662631
v -0.582837 -1.994222 2.934152
v -1.144204 -1.994221 2.762352
v -1.662632 -1.994222 2.486887
v -0.582837 -2.097822 2.934153
v -1.144204 -2.097822 2.762352
v -1.662632 -2.097822 2.486887
v -0.582837 -2.199526 2.934153
v -1.144204 -2.199527 2.762352
v -1.662631 -2.199526 2.486887
v -2.934152 -1.994222 -0.582837
v -2.762352 -1.994221 -1.144204
v -2.486887 -1.994222 -1.662631
v -2.934153 -2.097822 -0.582837
v -2.762352 -2.097822 -1.144204
v -2.486887 -2.097822 -1.662632
v -2.934153 -2.199526 -0.582837
v -2.762352 -2.199527 -1.144204
v -2.486887 -2.199526 -1.662631
v 2.486887 -1.994222 -1.662631
v 2.762352 -1.994221 -1.144204
v 2.934152 -1.994222 -0.582837
v 2.486887 -2.097822 -1.662631
v 2.762352 -2.097822 -1.144204
v 2.934153 -2.097822 -0.582837
v 2.486887 -2.199526 -1.662631
v 2.762352 -2.199527 -1.144204
v 2.934153 -2.199526 -0.582837
v 1.662632 -1.994222 2.486886
v 1.144204 -1.994221 2.762352
v 0.582837 -1.994222 2.934152
v 1.662632 -2.097822 2.486887
v 1.144204 -2.097822 2.762352
v 0.582837 -2.097822 2.934153
v 1.662632 -2.199526 2.486887
v 1.144204 -2.199527 2.762352
v 0.582837 -2.199526 2.934153
v 0.582837 -1.994222 -2.934152
v 1.144204 -1.994221 -2.762352
v 1.662632 -1.994222 -2.486887
v 0.582837 -2.097822 -2.934153
v 1.144204 -2.097822 -2.762352
v 1.662632 -2.097822 -2.486887
v 0.582837 -2.199526 -2.934153
v 1.144204 -2.199527 -2.762352
v 1.662632 -2.199526 -2.486887
v 0.569421 -1.776032 -2.866614
v 1.117867 -1.776032 -2.698768
v 1.624361 -1.776032 -2.429644
v 0.578862 -1.796770 -2.914141
v 1.136400 -1.796770 -2.743513
v 1.651292 -1.796770 -2.469926
v 0.582340 -1.838079 -2.931651
v 1.143228 -1.838079 -2.759997
v 1.661214 -1.838079 -2.484767
v 1.624361 -1.776032 2.429643
v 1.117867 -1.776032 2.698768
v 0.569421 -1.776032 2.866614
v 1.651292 -1.796770 2.469926
v 1.136400 -1.796770 2.743512
v 0.578862 -1.796770 2.914141
v 1.661214 -1.838079 2.484766
v 1.143229 -1.838079 2.759997
v 0.582340 -1.838079 2.931651
v 2.429644 -1.776032 -1.624361
v 2.698769 -1.776032 -1.117866
v 2.866614 -1.776032 -0.569421
v 2.469926 -1.796770 -1.651292
v 2.743512 -1.796770 -1.136400
v 2.914141 -1.796770 -0.578862
v 2.484767 -1.838079 -1.661214
v 2.759997 -1.838079 -1.143228
v 2.931651 -1.838079 -0.582340
v -2.866614 -1.776032 -0.569421
v -2.698769 -1.776032 -1.117866
v -2.429644 -1.776032 -1.624361
v -2.914142 -1.796770 -0.578862
v -2.743513 -1.796770 -1.136400
v -2.469926 -1.796770 -1.651292
v -2.931651 -1.838079 -0.582340
v -2.759997 -1.838079 -1.143228
v -2.484767 -1.838079 -1.661214
v -0.569421 -1.776032 2.866614
v -1.117867 -1.776032 2.698769
v -1.624361 -1.776032 2.429644
v -0.578862 -1.796770 2.914141
v -1.136400 -1.796770 2.743513
v -1.651292 -1.796770 2.469926
v -0.582340 -1.838079 2.931651
v -1.143228 -1.838079 2.759997
v -1.661214 -1.838079 2.484767
v 2.866614 -1.776032 0.569421
v 2.698768 -1.776032 1.117866
v 2.429644 -1.776032 1.624361
v 2.914141 -1.796770 0.578861
v 2.743512 -1.796770 1.136400
v 2.469926 -1.796770 1.651292
v 2.931651 -1.838079 0.582340
v 2.759997 -1.838079 1.143228
v 2.484767 -1.838079 1.661214
v -2.429644 -1.776032 1.624361
v -2.698769 -1.776032 1.117867
v -2.866614 -1.776032 0.569421
v -2.469926 -1.796770 1.651292
v -2.743512 -1.796770 1.136400
v -2.914142 -1.796770 0.578862
v -2.484767 -1.838079 1.661214
v -2.759997 -1.838079 1.143228
v -2.931651 -1.838079 0.582340
v -1.624361 -1.776032 -2.429644
v -1.117867 -1.776032 -2.698769
v -0.569421 -1.776032 -2.866614
v -1.651292 -1.796770 -2.469926
v -1.136400 -1.796770 -2.743512
v -0.578862 -1.796770 -2.914141
v -1.661214 -1.838079 -2.484767
v -1.143229 -1.838079 -2.759997
v -0.582340 -1.838079 -2.931651
v 0.242129 1.220131 -1.218941
v 0.475339 1.220131 -1.147570
v 0.690711 1.220131 -1.033133
v 0.283018 0.415929 -1.424785
v 0.555610 0.415929 -1.341361
v 0.807351 0.415930 -1.207599
v 0.323054 -0.375821 -1.626337
v 0.634208 -0.375821 -1.531112
v 0.921561 -0.375821 -1.378428
v 0.690711 1.220131 1.033133
v 0.475339 1.220131 1.147570
v 0.242129 1.220131 1.218941
v 0.807351 0.415929 1.207599
v 0.555610 0.415929 1.341361
v 0.283018 0.415930 1.424785
v 0.921561 -0.375821 1.378428
v 0.634208 -0.375821 1.531112
v 0.323054 -0.375821 1.626337
v 1.033133 1.220131 -0.690711
v 1.147570 1.220131 -0.475339
v 1.218941 1.220131 -0.242129
v 1.207599 0.415929 -0.807351
v 1.341361 0.415929 -0.555610
v 1.424785 0.415930 -0.283018
v 1.378428 -0.375821 -0.921561
v 1.531112 -0.375821 -0.634207
v 1.626338 -0.375821 -0.323054
v -1.218941 1.220131 -0.242129
v -1.147570 1.220131 -0.475339
v -1.033133 1.220131 -0.690711
v -1.424785 0.415929 -0.283018
v -1.341361 0.415929 -0.555610
v -1.207599 0.415930 -0.807351
v -1.626338 -0.375821 -0.323054
v -1.531112 -0.375821 -0.634207
v -1.378428 -0.375821 -0.921561
v -0.242129 1.220131 1.218941
v -0.475339 1.220131 1.147570
v -0.690711 1.220131 1.033133
v -0.283018 0.415929 1.424785
v -0.555610 0.415929 1.341361
v -0.807351 0.415930 1.207599
v -0.323054 -0.375821 1.626337
v -0.634208 -0.375821 1.531112
v -0.921561 -0.375821 1.378428
v 1.218941 1.220131 0.242129
v 1.147570 1.220131 0.475339
v 1.033133 1.220131 0.690710
v 1.424785 0.415929 0.283018
v 1.341361 0.415929 0.555610
v 1.207599 0.415930 0.807351
v 1.626338 -0.375821 0.323054
v 1.531112 -0.375821 0.634207
v 1.378428 -0.375821 0.921561
v -1.033133 1.220131 0.690711
v -1.147570 1.220131 0.475339
v -1.218941 1.220131 0.242129
v -1.207599 0.415929 0.807351
v -1.341361 0.415929 0.555610
v -1.424785 0.415930 0.283018
v -1.378428 -0.375821 0.921561
v -1.531112 -0.375821 0.634208
v -1.626338 -0.375821 0.323054
v -0.690711 1.220131 -1.033133
v -0.475339 1.220131 -1.147570
v -0.242129 1.220131 -1.218941
v -0.807352 0.415929 -1.207599
v -0.555610 0.415929 -1.341361
v -0.283018 0.415930 -1.424785
v -0.921561 -0.375821 -1.378428
v -0.634208 -0.375821 -1.531112
v -0.323054 -0.375821 -1.626338
v -1.192606 -0.143396 -0.236601
v -1.122134 -0.141266 -0.464803
v -1.010602 -0.143396 -0.675997
v -0.920987 0.975695 -0.180570
v -0.861924 0.992733 -0.357020
v -0.778918 0.975695 -0.523553
v -0.659590 2.022794 -0.122629
v -0.603913 2.078497 -0.250149
v -0.553113 2.022794 -0.379688
v -1.051556 -2.399065 -1.572870
v -0.723669 -2.399065 -1.747091
v -0.368624 -2.399065 -1.855749
v -1.012387 -2.393967 -1.514281
v -0.696713 -2.393966 -1.682014
v -0.354893 -2.393966 -1.786624
v -0.992193 -2.380203 -1.484076
v -0.682816 -2.380203 -1.648463
v -0.347814 -2.380203 -1.750987
v -0.236601 -0.143396 1.192605
v -0.464803 -0.141266 1.122134
v -0.675997 -0.143396 1.010602
v -0.180570 0.975695 0.920986
v -0.357020 0.992733 0.861924
v -0.523553 0.975695 0.778918
v -0.122630 2.022794 0.659590
v -0.250149 2.078497 0.603913
v -0.379688 2.022794 0.553113
v 1.192605 -0.143396 0.236601
v 1.122134 -0.141266 0.464803
v 1.010602 -0.143396 0.675997
v 0.920986 0.975695 0.180570
v 0.861924 0.992733 0.357020
v 0.778918 0.975695 0.523553
v 0.659590 2.022794 0.122629
v 0.603913 2.078497 0.250149
v 0.553113 2.022794 0.379688
v 0.236601 -0.143396 -1.192605
v 0.464803 -0.141266 -1.122134
v 0.675997 -0.143396 -1.010602
v 0.180570 0.975695 -0.920987
v 0.357020 0.992733 -0.861924
v 0.523553 0.975695 -0.778918
v 0.122629 2.022794 -0.659590
v 0.250149 2.078498 -0.603913
v 0.379688 2.022794 -0.553113
v -1.010602 -0.143396 0.675997
v -1.122134 -0.141266 0.464803
v -1.192605 -0.143396 0.236601
v -0.778918 0.975695 0.523553
v -0.861924 0.992733 0.357020
v -0.920987 0.975695 0.180570
v -0.553113 2.022794 0.379688
v -0.603913 2.078497 0.250149
v -0.659590 2.022794 0.122630
v 0.675997 -0.143396 1.010602
v 0.464803 -0.141266 1.122134
v 0.236601 -0.143396 1.192605
v 0.523553 0.975695 0.778918
v 0.357020 0.992733 0.861924
v 0.180570 0.975695 0.920987
v 0.379688 2.022794 0.553113
v 0.250149 2.078497 0.603913
v 0.122629 2.022794 0.659590
v 1.010602 -0.143396 -0.675997
v 1.122134 -0.141266 -0.464803
v 1.192605 -0.143396 -0.236601
v 0.778918 0.975695 -0.523553
v 0.861924 0.992733 -0.357020
v 0.920986 0.975695 -0.180570
v 0.553113 2.022794 -0.379688
v 0.603913 2.078497 -0.250149
v 0.659590 2.022794 -0.122629
v -0.675997 -0.143396 -1.010602
v -0.464803 -0.141266 -1.122134
v -0.236601 -0.143396 -1.192605
v -0.523553 0.975695 -0.778918
v -0.357021 0.992733 -0.861924
v -0.180570 0.975695 -0.920987
v -0.379688 2.022794 -0.553113
v -0.250149 2.078497 -0.603913
v -0.122630 2.022794 -0.659590
v -1.457662 -2.397959 -2.180302
v -1.003146 -2.397960 -2.421808
v -0.510984 -2.397959 -2.572429
v -1.339452 -2.399394 -2.003490
v -0.921795 -2.399394 -2.225410
v -0.469546 -2.399394 -2.363816
v -1.220115 -2.399856 -1.824991
v -0.839669 -2.399856 -2.027140
v -0.427712 -2.399856 -2.153215
v -2.180302 -2.397959 1.457661
v -2.421808 -2.397960 1.003146
v -2.572429 -2.397959 0.510984
v -2.003490 -2.399394 1.339452
v -2.225410 -2.399394 0.921795
v -2.363816 -2.399394 0.469546
v -1.824991 -2.399856 1.220115
v -2.027140 -2.399856 0.839669
v -2.153215 -2.399856 0.427712
v 1.457662 -2.397959 2.180302
v 1.003146 -2.397960 2.421808
v 0.510984 -2.397959 2.572429
v 1.339452 -2.399394 2.003489
v 0.921795 -2.399394 2.225410
v 0.469546 -2.399394 2.363816
v 1.220115 -2.399856 1.824991
v 0.839669 -2.399856 2.027140
v 0.427712 -2.399856 2.153215
v 0.510984 -2.397959 -2.572428
v 1.003146 -2.397960 -2.421808
v 1.457662 -2.397959 -2.180302
v 0.469546 -2.399394 -2.363817
v 0.921795 -2.399394 -2.225410
v 1.339452 -2.399394 -2.003490
v 0.427712 -2.399856 -2.153215
v 0.839669 -2.399856 -2.027140
v 1.220115 -2.399856 -1.824991
v -2.572429 -2.397959 -0.510984
v -2.421808 -2.397960 -1.003146
v -2.180302 -2.397959 -1.457661
v -2.363817 -2.399394 -0.469546
v -2.225410 -2.399394 -0.921795
v -2.003490 -2.399394 -1.339452
v -2.153215 -2.399856 -0.427712
v -2.027140 -2.399856 -0.839669
v -1.824991 -2.399856 -1.220115
v 2.572429 -2.397959 0.510984
v 2.421808 -2.397960 1.003145
v 2.180302 -2.397959 1.457661
v 2.363816 -2.399394 0.469546
v 2.225410 -2.399394 0.921795
v 2.003490 -2.399394 1.339452
v 2.153215 -2.399856 0.427712
v 2.027140 -2.399856 0.839669
v 1.824991 -2.399856 1.220115
v -0.510984 -2.397959 2.572428
v -1.003146 -2.397960 2.421808
v -1.457661 -2.397959 2.180302
v -0.469546 -2.399394 2.363816
v -0.921795 -2.399394 2.225410
v -1.339452 -2.399394 2.003490
v -0.427712 -2.399856 2.153215
v -0.839669 -2.399856 2.027140
v -1.220115 -2.399856 1.824991
v 2.180302 -2.397959 -1.457661
v 2.421808 -2.397960 -1.003145
v 2.572429 -2.397959 -0.510984
v 2.003490 -2.399394 -1.339452
v 2.225410 -2.399394 -0.921795
v 2.363816 -2.399394 -0.469546
v 1.824991 -2.399856 -1.220115
v 2.027140 -2.399856 -0.839669
v 2.153215 -2.399856 -0.427712
v -0.970054 -2.295024 -1.450961
v -0.667580 -2.295024 -1.611680
v -0.340053 -2.295024 -1.711916
v -0.945834 -2.129366 -1.414734
v -0.650912 -2.129366 -1.571440
v -0.331563 -2.129366 -1.669174
v -0.896041 -1.766554 -1.340256
v -0.616645 -1.766554 -1.488713
v -0.314108 -1.766554 -1.581301
v 1.450961 -2.295024 -0.970054
v 1.611680 -2.295024 -0.667580
v 1.711916 -2.295024 -0.340053
v 1.414735 -2.129366 -0.945834
v 1.571440 -2.129366 -0.650912
v 1.669174 -2.129366 -0.331563
v 1.340256 -1.766554 -0.896041
v 1.488712 -1.766554 -0.616645
v 1.581301 -1.766554 -0.314108
v 0.970054 -2.295024 1.450961
v 0.667580 -2.295024 1.611680
v 0.340053 -2.295024 1.711916
v 0.945834 -2.129366 1.414734
v 0.650912 -2.129366 1.571440
v 0.331563 -2.129366 1.669174
v 0.896041 -1.766554 1.340256
v 0.616645 -1.766554 1.488713
v 0.314108 -1.766554 1.581301
v -1.450962 -2.295024 0.970054
v -1.611680 -2.295024 0.667580
v -1.711916 -2.295024 0.340053
v -1.414735 -2.129366 0.945834
v -1.571441 -2.129366 0.650912
v -1.669174 -2.129366 0.331563
v -1.340256 -1.766554 0.896041
v -1.488713 -1.766554 0.616645
v -1.581301 -1.766554 0.314108
v 0.340053 -2.295024 -1.711916
v 0.667580 -2.295024 -1.611680
v 0.970054 -2.295024 -1.450961
v 0.331563 -2.129366 -1.669174
v 0.650912 -2.129366 -1.571440
v 0.945834 -2.129366 -1.414735
v 0.314108 -1.766554 -1.581301
v 0.616645 -1.766554 -1.488713
v 0.896041 -1.766554 -1.340256
v 1.711916 -2.295024 0.340053
v 1.611680 -2.295024 0.667580
v 1.450961 -2.295024 0.970054
v 1.669174 -2.129366 0.331563
v 1.571441 -2.129366 0.650912
v 1.414734 -2.129366 0.945834
v 1.581301 -1.766554 0.314108
v 1.488712 -1.766554 0.616645
v 1.340256 -1.766554 0.896041
v -0.340053 -2.295024 1.711916
v -0.667580 -2.295024 1.611680
v -0.970054 -2.295024 1.450961
v -0.331563 -2.129366 1.669174
v -0.650912 -2.129366 1.571440
v -0.945834 -2.129366 1.414735
v -0.314108 -1.766554 1.581301
v -0.616645 -1.766554 1.488713
v -0.896041 -1.766554 1.340256
v -1.711916 -2.295024 -0.340053
v -1.611680 -2.295024 -0.667580
v -1.450962 -2.295024 -0.970054
v -1.669174 -2.129366 -0.331563
v -1.571441 -2.129366 -0.650912
v -1.414735 -2.129366 -0.945834
v -1.581301 -1.766554 -0.314108
v -1.488713 -1.766554 -0.616645
v -1.340256 -1.766554 -0.896041
v -0.261655 4.091663 -0.392244
v -0.180752 4.090488 -0.436375
v -0.092341 4.091662 -0.462376
v -0.285551 3.976128 -0.427373
v -0.196716 3.975780 -0.474914
v -0.100283 3.976129 -0.504113
v -0.306406 3.853087 -0.458340
v -0.210890 3.853044 -0.509134
v -0.107434 3.853088 -0.540757
v -0.392245 4.091663 0.261655
v -0.436375 4.090488 0.180752
v -0.462377 4.091662 0.092341
v -0.427373 3.976128 0.285551
v -0.474914 3.975780 0.196716
v -0.504113 3.976129 0.100283
v -0.458340 3.853087 0.306406
v -0.509134 3.853044 0.210890
v -0.540757 3.853088 0.107434
v 0.462376 4.091663 0.092341
v 0.436375 4.090488 0.180752
v 0.392244 4.091662 0.261655
v 0.504113 3.976128 0.100283
v 0.474914 3.975780 0.196716
v 0.427373 3.976129 0.285551
v 0.540757 3.853087 0.107434
v 0.509134 3.853044 0.210890
v 0.458340 3.853088 0.306406
v -0.092341 4.091663 0.462376
v -0.180752 4.090488 0.436375
v -0.261655 4.091662 0.392244
v -0.100283 3.976128 0.504113
v -0.196716 3.975780 0.474914
v -0.285551 3.976129 0.427373
v -0.107434 3.853087 0.540757
v -0.210890 3.853044 0.509134
v -0.306406 3.853088 0.458340
v -0.462376 4.091663 -0.092341
v -0.436375 4.090488 -0.180752
v -0.392244 4.091662 -0.261655
v -0.504113 3.976128 -0.100283
v -0.474914 3.975780 -0.196716
v -0.427373 3.976129 -0.285551
v -0.540757 3.853087 -0.107434
v -0.509134 3.853044 -0.210890
v -0.458340 3.853088 -0.306406
v 0.392244 4.091663 -0.261655
v 0.436375 4.090488 -0.180752
v 0.462376 4.091662 -0.092341
v 0.427373 3.976128 -0.285551
v 0.474914 3.975780 -0.196716
v 0.504113 3.976129 -0.100283
v 0.458340 3.853087 -0.306406
v 0.509134 3.853044 -0.210890
v 0.540757 3.853088 -0.107434
v 0.261655 4.091663 0.392244
v 0.180752 4.090488 0.436375
v 0.092341 4.091662 0.462376
v 0.285551 3.976128 0.427373
v 0.196716 3.975780 0.474914
v 0.100283 3.976129 0.504113
v 0.306406 3.853087 0.458340
v 0.210890 3.853044 0.509134
v 0.107434 3.853088 0.540757
v 0.092341 4.091663 -0.462376
v 0.180752 4.090488 -0.436375
v 0.261655 4.091662 -0.392244
v 0.100283 3.976128 -0.504113
v 0.196716 3.975780 -0.474914
v 0.285551 3.976129 -0.427373
v 0.107434 3.853087 -0.540757
v 0.210890 3.853044 -0.509134
v 0.306406 3.853088 -0.458340
v -0.348657 3.570109 -0.521505
v -0.239942 3.570110 -0.579271
v -0.122222 3.570110 -0.615297
v -0.371738 3.412479 -0.556028
v -0.255826 3.412479 -0.617618
v -0.130313 3.412480 -0.656029
v -0.395146 3.251958 -0.591041
v -0.271935 3.251958 -0.656509
v -0.138519 3.251958 -0.697340
v -0.521505 3.570109 0.348657
v -0.579271 3.570110 0.239942
v -0.615298 3.570110 0.122222
v -0.556028 3.412479 0.371738
v -0.617618 3.412479 0.255826
v -0.656030 3.412480 0.130313
v -0.591041 3.251958 0.395146
v -0.656509 3.251958 0.271935
v -0.697340 3.251958 0.138519
v 0.615297 3.570109 0.122222
v 0.579270 3.570110 0.239942
v 0.521505 3.570110 0.348657
v 0.656029 3.412479 0.130313
v 0.617618 3.412479 0.255826
v 0.556028 3.412480 0.371738
v 0.697339 3.251958 0.138519
v 0.656509 3.251958 0.271935
v 0.591041 3.251958 0.395146
v -0.122222 3.570109 0.615297
v -0.239942 3.570110 0.579271
v -0.348657 3.570110 0.521505
v -0.130313 3.412479 0.656029
v -0.255826 3.412479 0.617618
v -0.371738 3.412480 0.556028
v -0.138519 3.251958 0.697339
v -0.271935 3.251958 0.656509
v -0.395146 3.251958 0.591041
v -0.615297 3.570109 -0.122222
v -0.579271 3.570110 -0.239942
v -0.521505 3.570110 -0.348657
v -0.656029 3.412479 -0.130313
v -0.617618 3.412479 -0.255826
v -0.556028 3.412480 -0.371738
v -0.697340 3.251958 -0.138519
v -0.656509 3.251958 -0.271935
v -0.591041 3.251958 -0.395146
v 0.521505 3.570109 -0.348657
v 0.579270 3.570110 -0.239942
v 0.615297 3.570110 -0.122222
v 0.556028 3.412479 -0.371738
v 0.617618 3.412479 -0.255826
v 0.656029 3.412480 -0.130313
v 0.591041 3.251958 -0.395146
v 0.656509 3.251958 -0.271935
v 0.697339 3.251958 -0.138519
v 0.348657 3.570109 0.521505
v 0.239942 3.570110 0.579271
v 0.122222 3.570110 0.615297
v 0.371738 3.412479 0.556028
v 0.255826 3.412479 0.617618
v 0.130313 3.412480 0.656029
v 0.395146 3.251958 0.591041
v 0.271935 3.251958 0.656509
v 0.138519 3.251958 0.697340
v 0.122222 3.570109 -0.615297
v 0.239942 3.570110 -0.579271
v 0.348657 3.570110 -0.521505
v 0.130313 3.412479 -0.656029
v 0.255826 3.412479 -0.617618
v 0.371738 3.412480 -0.556028
v 0.138519 3.251958 -0.697339
v 0.271935 3.251958 -0.656509
v 0.395146 3.251958 -0.591041
v -0.441059 2.936434 -0.659716
v -0.303532 2.936434 -0.732790
v -0.154614 2.936435 -0.778365
v -0.471497 2.727226 -0.705243
v -0.324478 2.727226 -0.783360
v -0.165284 2.727226 -0.832080
v -0.518127 2.406717 -0.774990
v -0.356569 2.406717 -0.860834
v -0.181630 2.406717 -0.914372
v -0.659716 2.936434 0.441059
v -0.732790 2.936434 0.303532
v -0.778365 2.936435 0.154614
v -0.705243 2.727226 0.471496
v -0.783360 2.727226 0.324478
v -0.832080 2.727226 0.165283
v -0.774990 2.406717 0.518127
v -0.860834 2.406717 0.356569
v -0.914372 2.406717 0.181630
v 0.778365 2.936434 0.154614
v 0.732790 2.936434 0.303532
v 0.659716 2.936435 0.441059
v 0.832080 2.727226 0.165283
v 0.783360 2.727226 0.324478
v 0.705243 2.727226 0.471496
v 0.914372 2.406717 0.181630
v 0.860834 2.406717 0.356569
v 0.774990 2.406717 0.518127
v -0.154614 2.936434 0.778365
v -0.303532 2.936434 0.732790
v -0.441059 2.936435 0.659716
v -0.165283 2.727226 0.832080
v -0.324478 2.727226 0.783360
v -0.471497 2.727226 0.705243
v -0.181630 2.406717 0.914372
v -0.356569 2.406717 0.860834
v -0.518127 2.406717 0.774990
v -0.778365 2.936434 -0.154613
v -0.732790 2.936434 -0.303532
v -0.659716 2.936435 -0.441059
v -0.832080 2.727226 -0.165283
v -0.783360 2.727226 -0.324478
v -0.705243 2.727226 -0.471496
v -0.914372 2.406717 -0.181630
v -0.860834 2.406717 -0.356569
v -0.774991 2.406717 -0.518127
v 0.659716 2.936434 -0.441059
v 0.732790 2.936434 -0.303532
v 0.778365 2.936435 -0.154614
v 0.705243 2.727226 -0.471497
v 0.783360 2.727226 -0.324478
v 0.832080 2.727226 -0.165283
v 0.774990 2.406717 -0.518127
v 0.860834 2.406717 -0.356569
v 0.914372 2.406717 -0.181630
v 0.441059 2.936434 0.659716
v 0.303532 2.936434 0.732790
v 0.154614 2.936435 0.778365
v 0.471496 2.727226 0.705243
v 0.324478 2.727226 0.783360
v 0.165283 2.727226 0.832080
v 0.518127 2.406717 0.774990
v 0.356569 2.406717 0.860834
v 0.181630 2.406717 0.914372
v 0.154613 2.936434 -0.778365
v 0.303532 2.936434 -0.732790
v 0.441059 2.936435 -0.659716
v 0.165283 2.727226 -0.832080
v 0.324478 2.727226 -0.783360
v 0.471496 2.727226 -0.705243
v 0.181630 2.406717 -0.914372
v 0.356569 2.406717 -0.860834
v 0.518127 2.406717 -0.774990
# 2215 texture coords
vt 0.972698 0.957564
vt 0.973013 0.966026
vt 0.973296 0.974173
vt 0.059387 0.010196
vt 0.059700 0.018657
vt 0.059984 0.026804
vt 0.957970 0.185197
vt 0.961606 0.177897
vt 0.965464 0.170353
vt 0.949800 0.978198
vt 0.947341 0.970422
vt 0.944794 0.962344
vt 0.036487 0.030828
vt 0.034029 0.023052
vt 0.031481 0.014974
vt 0.986383 0.917478
vt 0.982746 0.924777
vt 0.978887 0.932321
vt 0.375000 0.473488
vt 0.388058 0.456047
vt 0.396587 0.444668
vt 0.595847 0.729423
vt 0.608908 0.711984
vt 0.617437 0.700603
vt 0.431451 0.465667
vt 0.425389 0.478529
vt 0.416098 0.498234
vt 0.920973 0.029021
vt 0.934872 0.026010
vt 0.956167 0.021396
vt 0.118083 0.954715
vt 0.131982 0.951704
vt 0.153277 0.947091
vt 0.652299 0.721604
vt 0.646237 0.734467
vt 0.636944 0.754171
vt 0.944109 0.980138
vt 0.938580 0.982449
vt 0.933278 0.985294
vt 0.941176 0.972605
vt 0.935155 0.975203
vt 0.929314 0.978239
vt 0.938116 0.964736
vt 0.931601 0.967574
vt 0.925272 0.970812
vt 0.985333 0.974424
vt 0.979326 0.974097
vt 0.986138 0.966438
vt 0.979570 0.966019
vt 0.986886 0.958041
vt 0.979792 0.957580
vt 0.053979 0.027112
vt 0.048058 0.027824
vt 0.042240 0.029120
vt 0.053173 0.019065
vt 0.046698 0.019919
vt 0.040310 0.021264
vt 0.052310 0.010663
vt 0.045269 0.011616
vt 0.038310 0.013056
vt 0.973342 0.194780
vt 0.968509 0.191156
vt 0.963356 0.188013
vt 0.978335 0.188418
vt 0.973001 0.184531
vt 0.967413 0.181034
vt 0.983468 0.181707
vt 0.977698 0.177555
vt 0.971687 0.173764
vt 0.967291 0.974481
vt 0.961370 0.975193
vt 0.955552 0.976489
vt 0.966485 0.966434
vt 0.960010 0.967287
vt 0.953623 0.968633
vt 0.965621 0.958031
vt 0.958579 0.958985
vt 0.951621 0.960426
vt 0.072021 0.027052
vt 0.066013 0.026725
vt 0.072826 0.019066
vt 0.066257 0.018648
vt 0.073574 0.010669
vt 0.066479 0.010209
vt 0.030796 0.032767
vt 0.025267 0.035077
vt 0.019964 0.037921
vt 0.027863 0.025234
vt 0.021843 0.027831
vt 0.016001 0.030864
vt 0.024805 0.017364
vt 0.018289 0.020201
vt 0.011960 0.023438
vt 0.971011 0.907893
vt 0.975844 0.911517
vt 0.980997 0.914661
vt 0.966019 0.914255
vt 0.971352 0.918142
vt 0.976940 0.921640
vt 0.960884 0.920966
vt 0.966655 0.925117
vt 0.972665 0.928909
vt 0.601762 0.687525
vt 0.609449 0.694270
vt 0.592135 0.697996
vt 0.600359 0.705208
vt 0.577396 0.714043
vt 0.586440 0.721970
vt 0.440779 0.469756
vt 0.450329 0.473380
vt 0.460055 0.476539
vt 0.435374 0.482909
vt 0.445593 0.486790
vt 0.455995 0.490171
vt 0.427087 0.503057
vt 0.438329 0.507330
vt 0.449766 0.511051
vt 0.122320 0.985099
vt 0.121402 0.974899
vt 0.119990 0.964756
vt 0.136512 0.984184
vt 0.135530 0.973280
vt 0.134021 0.962437
vt 0.158254 0.982784
vt 0.157175 0.970801
vt 0.155517 0.958885
vt 0.404888 0.450570
vt 0.413491 0.456051
vt 0.422356 0.461093
vt 0.396946 0.462365
vt 0.406158 0.468232
vt 0.415653 0.473631
vt 0.384783 0.480438
vt 0.394927 0.486896
vt 0.405379 0.492841
vt 0.925210 0.059404
vt 0.924291 0.049204
vt 0.922880 0.039061
vt 0.939402 0.058490
vt 0.938419 0.047587
vt 0.936912 0.036744
vt 0.961145 0.057089
vt 0.960065 0.045106
vt 0.958407 0.033190
vt 0.661626 0.725695
vt 0.671177 0.729320
vt 0.680903 0.732480
vt 0.656221 0.738847
vt 0.666441 0.742729
vt 0.676841 0.746111
vt 0.647932 0.758994
vt 0.659173 0.763269
vt 0.670611 0.766991
vt 0.380913 0.431591
vt 0.388599 0.438335
vt 0.371285 0.442061
vt 0.379509 0.449273
vt 0.356546 0.458110
vt 0.365592 0.466037
vt 0.625736 0.706507
vt 0.634339 0.711989
vt 0.643204 0.717031
vt 0.617794 0.718301
vt 0.627006 0.724169
vt 0.636499 0.729569
vt 0.605630 0.736373
vt 0.615772 0.742833
vt 0.626224 0.748778
vt 0.461350 0.514199
vt 0.453399 0.546711
vt 0.440208 0.543128
vt 0.466535 0.493033
vt 0.427177 0.538886
vt 0.469913 0.479212
vt 0.414363 0.534012
vt 0.463122 0.466213
vt 0.472465 0.468744
vt 0.401830 0.528510
vt 0.453909 0.463222
vt 0.389598 0.522354
vt 0.444865 0.459791
vt 0.377668 0.515571
vt 0.436036 0.455922
vt 0.366093 0.508202
vt 0.427433 0.451596
vt 0.354934 0.500275
vt 0.419047 0.446827
vt 0.344207 0.491783
vt 0.410908 0.441641
vt 0.333901 0.482753
vt 0.403053 0.436054
vt 0.324045 0.473241
vt 0.347890 0.449755
vt 0.395490 0.430056
vt 0.363412 0.434460
vt 0.388209 0.423666
vt 0.373552 0.424478
vt 0.381234 0.416925
vt 0.674240 0.802650
vt 0.682195 0.770140
vt 0.661050 0.799066
vt 0.687381 0.748975
vt 0.648019 0.794823
vt 0.690761 0.735154
vt 0.635205 0.789949
vt 0.683971 0.722154
vt 0.693314 0.724687
vt 0.622672 0.784445
vt 0.674757 0.719162
vt 0.610441 0.778289
vt 0.665713 0.715730
vt 0.598512 0.771505
vt 0.656885 0.711860
vt 0.586936 0.764135
vt 0.648280 0.707534
vt 0.575777 0.756207
vt 0.639895 0.702764
vt 0.565051 0.747713
vt 0.631756 0.697577
vt 0.554745 0.738682
vt 0.623902 0.691989
vt 0.544892 0.729167
vt 0.568742 0.705687
vt 0.616340 0.685991
vt 0.584262 0.690393
vt 0.609059 0.679601
vt 0.594402 0.680412
vt 0.602085 0.672859
vt 0.107556 0.956997
vt 0.105263 0.947586
vt 0.115664 0.944786
vt 0.129396 0.941088
vt 0.109363 0.966512
vt 0.150436 0.935426
vt 0.110702 0.976124
vt 0.182755 0.926729
vt 0.185989 0.940006
vt 0.111571 0.985790
vt 0.188538 0.953430
vt 0.111961 0.995467
vt 0.122731 0.995310
vt 0.190425 0.966993
vt 0.136952 0.995100
vt 0.191654 0.980633
vt 0.158738 0.994780
vt 0.192204 0.994288
vt 0.953325 0.009731
vt 0.985643 0.001032
vt 0.988878 0.014309
vt 0.932286 0.015395
vt 0.991428 0.027735
vt 0.918553 0.019091
vt 0.993315 0.041297
vt 0.910446 0.031302
vt 0.908153 0.021892
vt 0.994544 0.054935
vt 0.912254 0.040817
vt 0.995097 0.068589
vt 0.961630 0.069085
vt 0.913590 0.050431
vt 0.939843 0.069407
vt 0.914462 0.060097
vt 0.925622 0.069616
vt 0.914852 0.069774
vt 0.919140 0.974390
vt 0.914345 0.966547
vt 0.920914 0.962743
vt 0.923644 0.981641
vt 0.927726 0.959272
vt 0.928136 0.988544
vt 0.934773 0.956201
vt 0.937346 0.992327
vt 0.932810 0.995399
vt 0.942021 0.953602
vt 0.942026 0.989650
vt 0.949451 0.951517
vt 0.947058 0.987705
vt 0.957029 0.949952
vt 0.952302 0.986069
vt 0.964691 0.948911
vt 0.957514 0.984373
vt 0.972374 0.948400
vt 0.962720 0.983065
vt 0.980047 0.948417
vt 0.968070 0.982566
vt 0.987678 0.948907
vt 0.973561 0.982427
vt 0.995233 0.949791
vt 0.993948 0.958890
vt 0.979060 0.982212
vt 0.992693 0.967308
vt 0.984452 0.982363
vt 0.991307 0.975357
vt 0.989730 0.983363
vt 0.001032 0.019171
vt 0.005827 0.027015
vt 0.007601 0.015368
vt 0.010332 0.034267
vt 0.014414 0.011897
vt 0.014823 0.041170
vt 0.021463 0.008829
vt 0.024032 0.044955
vt 0.019496 0.048026
vt 0.028711 0.006231
vt 0.028712 0.042278
vt 0.036142 0.004147
vt 0.033745 0.040335
vt 0.043719 0.002584
vt 0.038990 0.038700
vt 0.051379 0.001543
vt 0.044201 0.037004
vt 0.059063 0.001032
vt 0.049408 0.035696
vt 0.066734 0.001046
vt 0.054758 0.035198
vt 0.074365 0.001534
vt 0.060249 0.035057
vt 0.081920 0.002418
vt 0.080636 0.011518
vt 0.065748 0.034842
vt 0.079380 0.019936
vt 0.071140 0.034991
vt 0.077994 0.027985
vt 0.076416 0.035991
vt 0.954349 0.192621
vt 0.949432 0.190186
vt 0.952456 0.182612
vt 0.955614 0.175088
vt 0.959308 0.195048
vt 0.959052 0.167304
vt 0.964018 0.197752
vt 0.962831 0.158927
vt 0.969674 0.162203
vt 0.968261 0.201117
vt 0.976344 0.165873
vt 0.972289 0.204840
vt 0.977940 0.198773
vt 0.982805 0.169952
vt 0.983428 0.192644
vt 0.989005 0.174398
vt 0.988989 0.186172
vt 0.994921 0.179147
vt 0.990004 0.910055
vt 0.994921 0.912490
vt 0.991897 0.920063
vt 0.988737 0.927586
vt 0.985045 0.907627
vt 0.985299 0.935370
vt 0.980336 0.904922
vt 0.981519 0.943747
vt 0.974676 0.940470
vt 0.976093 0.901557
vt 0.968006 0.936800
vt 0.972066 0.897833
vt 0.966414 0.903900
vt 0.961547 0.932721
vt 0.960927 0.910029
vt 0.955348 0.928276
vt 0.955364 0.916501
vt 0.949432 0.923526
vt 0.055735 0.809504
vt 0.052428 0.806554
vt 0.058942 0.813022
vt 0.050332 0.815348
vt 0.049316 0.811669
vt 0.048219 0.805103
vt 0.039014 0.541958
vt 0.046622 0.539188
vt 0.062455 0.816233
vt 0.052740 0.819214
vt 0.044591 0.819758
vt 0.045517 0.812639
vt 0.031549 0.545094
vt 0.035100 0.531979
vt 0.043209 0.529026
vt 0.054343 0.536803
vt 0.065400 0.819543
vt 0.056602 0.821625
vt 0.046557 0.825386
vt 0.029094 0.805102
vt 0.024266 0.548590
vt 0.027143 0.535322
vt 0.031116 0.521819
vt 0.039735 0.518680
vt 0.051438 0.526484
vt 0.062177 0.534816
vt 0.066845 0.823754
vt 0.060281 0.822648
vt 0.052185 0.827359
vt 0.038655 0.833281
vt 0.032722 0.819757
vt 0.031797 0.812637
vt 0.024885 0.806552
vt 0.019379 0.539049
vt 0.022658 0.525372
vt 0.048482 0.515978
vt 0.059787 0.524366
vt 0.070117 0.533214
vt 0.059306 0.826444
vt 0.030755 0.825384
vt 0.026981 0.815346
vt 0.027998 0.811667
vt 0.021579 0.809501
vt 0.237719 0.607083
vt 0.014404 0.529334
vt 0.057353 0.513727
vt 0.068248 0.522659
vt 0.078126 0.531997
vt 0.066837 0.842843
vt 0.052180 0.839218
vt 0.046551 0.841183
vt 0.025128 0.827354
vt 0.024574 0.819210
vt 0.018372 0.813018
vt 0.233237 0.600341
vt 0.246788 0.601369
vt 0.066344 0.511913
vt 0.076781 0.521362
vt 0.086169 0.531178
vt 0.065387 0.847051
vt 0.059301 0.840142
vt 0.056592 0.844956
vt 0.052727 0.847362
vt 0.044581 0.846809
vt 0.030753 0.841178
vt 0.025126 0.839209
vt 0.018006 0.826438
vt 0.020711 0.821621
vt 0.014858 0.816228
vt 0.228435 0.593843
vt 0.242010 0.594181
vt 0.256021 0.595550
vt 0.075412 0.510534
vt 0.085350 0.520489
vt 0.094244 0.530769
vt 0.062437 0.850356
vt 0.060271 0.843939
vt 0.058921 0.853562
vt 0.050316 0.851223
vt 0.045498 0.853928
vt 0.032718 0.846805
vt 0.024572 0.847352
vt 0.020710 0.844943
vt 0.018005 0.840127
vt 0.010466 0.823749
vt 0.017032 0.822643
vt 0.011912 0.819538
vt 0.223305 0.587602
vt 0.236892 0.587254
vt 0.250942 0.587909
vt 0.084516 0.509606
vt 0.093953 0.520053
vt 0.102348 0.530756
vt 0.055710 0.857074
vt 0.049294 0.854901
vt 0.048191 0.861465
vt 0.031794 0.853924
vt 0.026978 0.851216
vt 0.018372 0.853546
vt 0.014858 0.850337
vt 0.017031 0.843923
vt 0.010466 0.842820
vt 0.217860 0.581609
vt 0.231423 0.580601
vt 0.245500 0.580546
vt 0.184889 0.272398
vt 0.197861 0.263009
vt 0.093655 0.509142
vt 0.102584 0.520039
vt 0.110443 0.531131
vt 0.052401 0.860019
vt 0.029094 0.861458
vt 0.027997 0.854894
vt 0.021579 0.857061
vt 0.011912 0.847029
vt 0.212131 0.575887
vt 0.225620 0.574214
vt 0.239688 0.573473
vt 0.172381 0.282409
vt 0.151854 0.228856
vt 0.167026 0.217878
vt 0.211252 0.254299
vt 0.102824 0.509128
vt 0.111207 0.520438
vt 0.118494 0.531900
vt 0.024885 0.860010
vt 0.206138 0.570465
vt 0.219514 0.568114
vt 0.233519 0.566683
vt 0.160398 0.293004
vt 0.137232 0.240562
vt 0.119313 0.186018
vt 0.136650 0.173472
vt 0.182694 0.207690
vt 0.225072 0.246294
vt 0.111982 0.509552
vt 0.119781 0.521257
vt 0.126496 0.533075
vt 0.199875 0.565356
vt 0.213127 0.562336
vt 0.227030 0.560201
vt 0.123230 0.252951
vt 0.102619 0.199392
vt 0.092267 0.150539
vt 0.111418 0.136681
vt 0.154563 0.161829
vt 0.198868 0.198326
vt 0.239302 0.238976
vt 0.121090 0.510421
vt 0.128303 0.522508
vt 0.134449 0.534642
vt 0.193353 0.560552
vt 0.206454 0.556892
vt 0.220244 0.554061
vt 0.596141 0.292987
vt 0.086649 0.213550
vt 0.073840 0.165313
vt 0.074521 0.127341
vt 0.094881 0.112609
vt 0.131208 0.123821
vt 0.173059 0.151125
vt 0.215525 0.189763
vt 0.253870 0.232363
vt 0.130140 0.511749
vt 0.136771 0.524176
vt 0.142317 0.536587
vt 0.186608 0.556065
vt 0.199506 0.551774
vt 0.213152 0.548276
vt 0.584151 0.282352
vt 0.633306 0.252934
vt 0.056250 0.180956
vt 0.054920 0.143054
vt 0.064746 0.114576
vt 0.085778 0.099358
vt 0.115911 0.098944
vt 0.151641 0.111999
vt 0.192111 0.141334
vt 0.232582 0.182023
vt 0.268717 0.226498
vt 0.139135 0.513521
vt 0.145150 0.526246
vt 0.150065 0.538907
vt 0.179664 0.551923
vt 0.192321 0.546994
vt 0.205770 0.542837
vt 0.571685 0.272345
vt 0.619293 0.240499
vt 0.669882 0.213534
vt 0.036231 0.159713
vt 0.044472 0.130822
vt 0.107491 0.085245
vt 0.137621 0.086388
vt 0.172686 0.101187
vt 0.211620 0.132483
vt 0.249966 0.175158
vt 0.283847 0.221411
vt 0.148034 0.515720
vt 0.153401 0.528718
vt 0.157686 0.541617
vt 0.172519 0.548139
vt 0.184924 0.542582
vt 0.198136 0.537758
vt 0.558728 0.262995
vt 0.604719 0.228798
vt 0.653898 0.199323
vt 0.700273 0.180939
vt 0.025101 0.148089
vt 0.212971 0.867403
vt 0.241633 0.865050
vt 0.129903 0.072287
vt 0.159972 0.074908
vt 0.194234 0.091413
vt 0.231505 0.124633
vt 0.267683 0.169201
vt 0.299243 0.217075
vt 0.156797 0.518345
vt 0.161516 0.531604
vt 0.165181 0.544701
vt 0.177314 0.538550
vt 0.190279 0.533071
vt 0.545299 0.254287
vt 0.589564 0.217865
vt 0.637257 0.185953
vt 0.682668 0.165238
vt 0.720287 0.159697
vt 0.185042 0.874162
vt 0.211363 0.857656
vt 0.241633 0.855161
vt 0.270248 0.867247
vt 0.152975 0.060441
vt 0.182853 0.064528
vt 0.216194 0.082744
vt 0.251769 0.117820
vt 0.285712 0.164125
vt 0.314832 0.213496
vt 0.165416 0.521410
vt 0.169498 0.534888
vt 0.182194 0.528788
vt 0.531465 0.246247
vt 0.573851 0.207680
vt 0.619939 0.173459
vt 0.664302 0.150470
vt 0.701584 0.142977
vt 0.731410 0.148077
vt 0.158654 0.885269
vt 0.181858 0.864810
vt 0.209405 0.845855
vt 0.241633 0.843187
vt 0.271854 0.857482
vt 0.298091 0.874110
vt 0.176588 0.049726
vt 0.206174 0.055320
vt 0.238573 0.075220
vt 0.272391 0.112013
vt 0.303967 0.159933
vt 0.330546 0.210703
vt 0.173893 0.524899
vt 0.517280 0.238926
vt 0.557659 0.198274
vt 0.601975 0.161818
vt 0.645172 0.136669
vt 0.682049 0.127265
vt 0.712031 0.130744
vt 0.134570 0.900627
vt 0.153970 0.876575
vt 0.177984 0.853491
vt 0.207442 0.834056
vt 0.241633 0.831214
vt 0.273809 0.845660
vt 0.301263 0.864754
vt 0.324485 0.885352
vt 0.200657 0.040219
vt 0.229938 0.047333
vt 0.261346 0.068808
vt 0.293271 0.107218
vt 0.322369 0.156662
vt 0.346383 0.208724
vt 0.502738 0.232350
vt 0.541052 0.189707
vt 0.583456 0.151066
vt 0.625322 0.123812
vt 0.661707 0.112597
vt 0.691827 0.114496
vt 0.113393 0.919751
vt 0.128506 0.892867
vt 0.148275 0.866062
vt 0.174102 0.842175
vt 0.205821 0.824317
vt 0.241633 0.821333
vt 0.275768 0.833839
vt 0.305124 0.853431
vt 0.329157 0.876669
vt 0.348702 0.900612
vt 0.225185 0.031980
vt 0.254118 0.040527
vt 0.284403 0.063514
vt 0.314320 0.103477
vt 0.340916 0.154345
vt 0.362332 0.207534
vt 0.487856 0.226498
vt 0.524023 0.182010
vt 0.564460 0.141271
vt 0.604864 0.111936
vt 0.640613 0.098938
vt 0.670811 0.099344
vt 0.095767 0.942044
vt 0.106101 0.913183
vt 0.121141 0.883499
vt 0.142572 0.855558
vt 0.170897 0.832834
vt 0.204794 0.818152
vt 0.241633 0.815082
vt 0.277387 0.824085
vt 0.308994 0.842112
vt 0.334837 0.866169
vt 0.354765 0.892853
vt 0.369939 0.919583
vt 0.250140 0.024958
vt 0.278600 0.034905
vt 0.307647 0.059383
vt 0.335534 0.100827
vt 0.359594 0.152951
vt 0.378320 0.207122
vt 0.472707 0.221380
vt 0.506596 0.175158
vt 0.544982 0.132469
vt 0.583881 0.101118
vt 0.618881 0.086324
vt 0.649029 0.085245
vt 0.082492 0.966951
vt 0.087433 0.936908
vt 0.097252 0.905268
vt 0.113770 0.874138
vt 0.137868 0.846889
vt 0.168869 0.826921
vt 0.204238 0.814806
vt 0.241633 0.811692
vt 0.278412 0.817914
vt 0.312190 0.832770
vt 0.340526 0.855676
vt 0.362129 0.883484
vt 0.377238 0.913001
vt 0.387434 0.941906
vt 0.275405 0.019155
vt 0.303280 0.030518
vt 0.331072 0.056457
vt 0.356897 0.099233
vt 0.378317 0.152469
vt 0.457356 0.217034
vt 0.488856 0.169166
vt 0.525048 0.124633
vt 0.562367 0.091399
vt 0.596595 0.074833
vt 0.626597 0.072222
vt 0.073346 0.963457
vt 0.077336 0.930730
vt 0.088409 0.897359
vt 0.107695 0.866406
vt 0.134902 0.841401
vt 0.167776 0.823714
vt 0.203791 0.812076
vt 0.241633 0.808934
vt 0.278965 0.814575
vt 0.314211 0.826856
vt 0.345220 0.847013
vt 0.369500 0.874122
vt 0.386093 0.905069
vt 0.395760 0.936760
vt 0.400629 0.966922
vt 0.300876 0.014624
vt 0.328153 0.027414
vt 0.354663 0.054697
vt 0.378313 0.098682
vt 0.410187 0.208713
vt 0.441799 0.213488
vt 0.470878 0.164077
vt 0.504754 0.117779
vt 0.540349 0.082746
vt 0.573746 0.064513
vt 0.603594 0.060359
vt 0.913956 0.439049
vt 0.062255 0.959256
vt 0.067257 0.924546
vt 0.081131 0.890813
vt 0.103873 0.861499
vt 0.133316 0.838421
vt 0.166905 0.821099
vt 0.203144 0.808093
vt 0.241630 0.804910
vt 0.279407 0.811865
vt 0.315299 0.823648
vt 0.348183 0.841526
vt 0.375574 0.866390
vt 0.394943 0.897145
vt 0.405850 0.930570
vt 0.409762 0.963425
vt 0.326547 0.011423
vt 0.353200 0.025547
vt 0.378310 0.054088
vt 0.415637 0.154332
vt 0.426052 0.210715
vt 0.452659 0.159924
vt 0.484187 0.111959
vt 0.517938 0.075177
vt 0.550365 0.055326
vt 0.580009 0.049711
vt 0.900869 0.413976
vt 0.923102 0.435588
vt 0.051175 0.955018
vt 0.058976 0.919401
vt 0.076563 0.886634
vt 0.101842 0.858807
vt 0.132055 0.835985
vt 0.165638 0.817284
vt 0.202232 0.802493
vt 0.241626 0.799245
vt 0.280048 0.807907
vt 0.316171 0.821033
vt 0.349772 0.838537
vt 0.379396 0.861482
vt 0.402223 0.890589
vt 0.415921 0.924374
vt 0.420838 0.959220
vt 0.596424 0.438652
vt 0.352395 0.009499
vt 0.378308 0.024898
vt 0.421001 0.100813
vt 0.434217 0.156677
vt 0.463348 0.107208
vt 0.495225 0.068749
vt 0.526567 0.047289
vt 0.555877 0.040232
vt 0.883474 0.391576
vt 0.909216 0.408862
vt 0.934194 0.431428
vt 0.042067 0.951434
vt 0.053792 0.916075
vt 0.074151 0.884295
vt 0.100233 0.856578
vt 0.130212 0.832426
vt 0.163847 0.811913
vt 0.280953 0.802328
vt 0.317439 0.817215
vt 0.351040 0.836083
vt 0.381428 0.858791
vt 0.406789 0.886407
vt 0.424196 0.919220
vt 0.431906 0.954978
vt 0.587273 0.435167
vt 0.609675 0.413731
vt 0.378307 0.008827
vt 0.425447 0.056441
vt 0.442253 0.103494
vt 0.472211 0.063503
vt 0.502448 0.040461
vt 0.531317 0.031935
vt 0.862320 0.372516
vt 0.890798 0.385022
vt 0.919330 0.402711
vt 0.945276 0.427231
vt 0.036358 0.949043
vt 0.051067 0.914137
vt 0.072246 0.882301
vt 0.097866 0.853330
vt 0.127591 0.827421
vt 0.194229 0.455234
vt 0.233566 0.458570
vt 0.319233 0.811843
vt 0.352893 0.832503
vt 0.383036 0.856562
vt 0.409194 0.884073
vt 0.429376 0.915889
vt 0.441006 0.951392
vt 0.576180 0.430975
vt 0.601336 0.408602
vt 0.627271 0.391412
vt 0.428358 0.027395
vt 0.448915 0.059402
vt 0.478010 0.034894
vt 0.506426 0.024885
vt 0.838173 0.357159
vt 0.868410 0.364781
vt 0.899682 0.377124
vt 0.929425 0.396555
vt 0.954386 0.423680
vt 0.033329 0.947525
vt 0.048926 0.912384
vt 0.069435 0.879401
vt 0.094483 0.848790
vt 0.156012 0.445358
vt 0.195115 0.450012
vt 0.233555 0.453283
vt 0.272817 0.455176
vt 0.355521 0.827479
vt 0.385399 0.853310
vt 0.411084 0.882090
vt 0.432100 0.913948
vt 0.446715 0.948998
vt 0.565096 0.426748
vt 0.591235 0.402433
vt 0.619974 0.384851
vt 0.648419 0.372257
vt 0.429960 0.011405
vt 0.453276 0.030541
vt 0.481203 0.019142
vt 0.811826 0.345827
vt 0.842871 0.348494
vt 0.875806 0.355440
vt 0.908560 0.369234
vt 0.937717 0.391433
vt 0.960101 0.421309
vt 0.030922 0.945969
vt 0.045759 0.909825
vt 0.065400 0.875400
vt 0.120136 0.429121
vt 0.157764 0.440371
vt 0.195691 0.446602
vt 0.233547 0.449835
vt 0.271908 0.449980
vt 0.310871 0.444992
vt 0.388775 0.848765
vt 0.413879 0.879204
vt 0.434241 0.912193
vt 0.449752 0.947476
vt 0.555986 0.423172
vt 0.581151 0.396259
vt 0.611121 0.376945
vt 0.642352 0.364504
vt 0.455676 0.014653
vt 0.784014 0.338885
vt 0.815023 0.336482
vt 0.848581 0.338015
vt 0.883205 0.346108
vt 0.915863 0.362703
vt 0.942907 0.388121
vt 0.963140 0.419799
vt 0.027402 0.943633
vt 0.041205 0.906362
vt 0.087727 0.406806
vt 0.122700 0.424510
vt 0.158899 0.437117
vt 0.196086 0.444277
vt 0.233540 0.447486
vt 0.271318 0.446597
vt 0.309088 0.440016
vt 0.346677 0.428411
vt 0.417899 0.875213
vt 0.437409 0.909636
vt 0.452170 0.945914
vt 0.550276 0.420786
vt 0.572868 0.391121
vt 0.602273 0.369044
vt 0.634982 0.355141
vt 0.698851 0.345737
vt 0.755416 0.336635
vt 0.785639 0.329127
vt 0.818911 0.325174
vt 0.854299 0.327542
vt 0.889300 0.338398
vt 0.920443 0.358537
vt 0.945634 0.386190
vt 0.965562 0.418246
vt 0.022409 0.940536
vt 0.059705 0.379158
vt 0.091028 0.402672
vt 0.124351 0.421497
vt 0.159675 0.434901
vt 0.196736 0.440497
vt 0.233528 0.443651
vt 0.270914 0.444292
vt 0.307932 0.436769
vt 0.344079 0.423796
vt 0.379116 0.405997
vt 0.441966 0.906174
vt 0.455702 0.943572
vt 0.547246 0.419270
vt 0.567684 0.387799
vt 0.594992 0.362504
vt 0.627608 0.345788
vt 0.695667 0.336387
vt 0.726766 0.338968
vt 0.755430 0.326750
vt 0.787617 0.317313
vt 0.822807 0.313871
vt 0.859016 0.318897
vt 0.893134 0.333506
vt 0.922854 0.356211
vt 0.947781 0.384441
vt 0.969102 0.415917
vt 0.036979 0.347160
vt 0.063631 0.375580
vt 0.093147 0.399947
vt 0.125473 0.419444
vt 0.160964 0.431294
vt 0.197996 0.433214
vt 0.233507 0.436255
vt 0.270243 0.440523
vt 0.307145 0.434556
vt 0.342401 0.420773
vt 0.375797 0.401878
vt 0.407026 0.378347
vt 0.460707 0.940471
vt 0.544840 0.417716
vt 0.564959 0.385863
vt 0.590425 0.358328
vt 0.621533 0.338062
vt 0.691797 0.325073
vt 0.725164 0.329223
vt 0.755445 0.314779
vt 0.789597 0.305502
vt 0.826023 0.304543
vt 0.861993 0.313421
vt 0.895171 0.330825
vt 0.924749 0.354234
vt 0.950956 0.381896
vt 0.974117 0.412834
vt 0.020084 0.312043
vt 0.041395 0.344140
vt 0.066143 0.373178
vt 0.094580 0.398083
vt 0.127351 0.416114
vt 0.163466 0.424341
vt 0.199979 0.421737
vt 0.233474 0.424597
vt 0.268946 0.433241
vt 0.305839 0.430955
vt 0.341260 0.418712
vt 0.373667 0.399162
vt 0.403094 0.374803
vt 0.429416 0.346210
vt 0.541319 0.415382
vt 0.562816 0.384111
vt 0.588014 0.355991
vt 0.617712 0.333159
vt 0.651687 0.318501
vt 0.687919 0.313763
vt 0.723215 0.317424
vt 0.755461 0.302810
vt 0.791234 0.295756
vt 0.828055 0.298640
vt 0.863585 0.310439
vt 0.896783 0.328601
vt 0.927551 0.351358
vt 0.955525 0.378451
vt 0.024913 0.309422
vt 0.044216 0.342056
vt 0.067836 0.371528
vt 0.096987 0.395114
vt 0.131016 0.409706
vt 0.167413 0.413382
vt 0.202388 0.407795
vt 0.233434 0.410436
vt 0.266899 0.421760
vt 0.303305 0.424014
vt 0.339361 0.415387
vt 0.372224 0.397308
vt 0.400586 0.372429
vt 0.424980 0.343220
vt 0.446030 0.310869
vt 0.536323 0.412289
vt 0.559649 0.381553
vt 0.586111 0.353998
vt 0.615684 0.330470
vt 0.648722 0.313015
vt 0.684719 0.304429
vt 0.721262 0.305627
vt 0.755474 0.292933
vt 0.792269 0.289594
vt 0.829148 0.295439
vt 0.864856 0.307994
vt 0.899154 0.325358
vt 0.931584 0.347383
vt 0.976411 0.841436
vt 0.028044 0.307559
vt 0.046119 0.340628
vt 0.070698 0.368997
vt 0.101700 0.389451
vt 0.136809 0.399610
vt 0.172208 0.400072
vt 0.204818 0.393711
vt 0.233393 0.396132
vt 0.264414 0.407812
vt 0.299305 0.413076
vt 0.335665 0.409003
vt 0.369798 0.394353
vt 0.398896 0.370798
vt 0.422145 0.341153
vt 0.441175 0.308274
vt 0.555092 0.378093
vt 0.583300 0.351101
vt 0.614076 0.328241
vt 0.647140 0.310037
vt 0.682697 0.298523
vt 0.719649 0.295891
vt 0.755482 0.286682
vt 0.792826 0.286259
vt 0.830022 0.292829
vt 0.866715 0.304424
vt 0.902545 0.320825
vt 0.959737 0.876748
vt 0.971561 0.838833
vt 0.030175 0.306332
vt 0.049345 0.338601
vt 0.076315 0.364259
vt 0.109160 0.380553
vt 0.143850 0.387348
vt 0.177043 0.386623
vt 0.206859 0.381814
vt 0.233358 0.384051
vt 0.261909 0.393720
vt 0.294448 0.399788
vt 0.329827 0.398949
vt 0.365052 0.388716
vt 0.396028 0.368287
vt 0.420236 0.339736
vt 0.438020 0.306424
vt 0.550474 0.841870
vt 0.579262 0.347103
vt 0.611709 0.324994
vt 0.645883 0.307604
vt 0.681609 0.295320
vt 0.718628 0.289729
vt 0.755488 0.283296
vt 0.793272 0.283553
vt 0.831298 0.289019
vt 0.869356 0.299411
vt 0.937291 0.908847
vt 0.955305 0.873750
vt 0.968407 0.836977
vt 0.033721 0.304846
vt 0.055691 0.334942
vt 0.085218 0.356858
vt 0.118233 0.369757
vt 0.150955 0.374956
vt 0.181110 0.375258
vt 0.259803 0.381816
vt 0.289551 0.386362
vt 0.322731 0.386742
vt 0.357541 0.379861
vt 0.390384 0.363578
vt 0.417002 0.337725
vt 0.435870 0.305206
vt 0.555308 0.839258
vt 0.567307 0.877017
vt 0.608325 0.320456
vt 0.644042 0.304050
vt 0.680740 0.292709
vt 0.718076 0.286385
vt 0.755491 0.280543
vt 0.793920 0.279601
vt 0.833105 0.283654
vt 0.909335 0.936449
vt 0.933366 0.905296
vt 0.952474 0.871679
vt 0.966260 0.835755
vt 0.040648 0.302368
vt 0.065764 0.329293
vt 0.096054 0.347899
vt 0.127394 0.358844
vt 0.156932 0.364472
vt 0.692065 0.451729
vt 0.285433 0.375015
vt 0.315572 0.374403
vt 0.348405 0.369118
vt 0.381434 0.356218
vt 0.410642 0.334099
vt 0.432309 0.303737
vt 0.558442 0.837401
vt 0.571730 0.874005
vt 0.589978 0.909055
vt 0.641422 0.299049
vt 0.679476 0.288894
vt 0.717634 0.283659
vt 0.755494 0.276523
vt 0.794835 0.274027
vt 0.876855 0.958805
vt 0.906023 0.932325
vt 0.930862 0.902917
vt 0.950567 0.870258
vt 0.962701 0.834280
vt 0.051632 0.298658
vt 0.078039 0.322494
vt 0.107003 0.338851
vt 0.135108 0.349601
vt 0.305546 0.632328
vt 0.694586 0.452396
vt 0.689010 0.474893
vt 0.309549 0.363966
vt 0.339181 0.358259
vt 0.370538 0.347308
vt 0.400544 0.328500
vt 0.425369 0.301298
vt 0.560574 0.836178
vt 0.574554 0.871926
vt 0.593910 0.905483
vt 0.617948 0.936755
vt 0.677686 0.283525
vt 0.716991 0.279682
vt 0.755497 0.270863
vt 0.841022 0.975329
vt 0.874266 0.954186
vt 0.903897 0.929605
vt 0.929175 0.901284
vt 0.947337 0.868241
vt 0.955766 0.831829
vt 0.065014 0.294268
vt 0.090453 0.315641
vt 0.116233 0.331174
vt 0.308591 0.655493
vt 0.303025 0.632994
vt 0.696741 0.452959
vt 0.691581 0.475287
vt 0.687330 0.498139
vt 0.331414 0.349061
vt 0.359528 0.338306
vt 0.388237 0.321761
vt 0.414372 0.297651
vt 0.564123 0.834698
vt 0.576459 0.870502
vt 0.596425 0.903086
vt 0.621256 0.932627
vt 0.650316 0.959129
vt 0.716083 0.274085
vt 0.802950 0.985446
vt 0.839248 0.970349
vt 0.872593 0.951160
vt 0.902457 0.927748
vt 0.926310 0.898768
vt 0.940983 0.864604
vt 0.944776 0.828163
vt 0.078532 0.289880
vt 0.100931 0.309819
vt 0.310263 0.678741
vt 0.306020 0.655886
vt 0.300871 0.633556
vt 0.700775 0.453748
vt 0.693780 0.475644
vt 0.689908 0.498323
vt 0.686793 0.521457
vt 0.350245 0.330669
vt 0.375792 0.314968
vt 0.400982 0.293337
vt 0.571054 0.832232
vt 0.579688 0.868480
vt 0.598121 0.901439
vt 0.623379 0.929905
vt 0.652887 0.954522
vt 0.686164 0.975427
vt 0.763694 0.988777
vt 0.802050 0.980248
vt 0.838099 0.967099
vt 0.871455 0.949097
vt 0.900036 0.924789
vt 0.920675 0.894049
vt 0.930895 0.858989
vt 0.931394 0.823827
vt 0.089933 0.286153
vt 0.310793 0.702059
vt 0.307685 0.678923
vt 0.303820 0.656242
vt 0.296836 0.634344
vt 0.711908 0.455571
vt 0.697870 0.476165
vt 0.692112 0.498494
vt 0.689371 0.521457
vt 0.687334 0.544775
vt 0.365287 0.309198
vt 0.387457 0.289027
vt 0.582045 0.828541
vt 0.586040 0.864832
vt 0.600986 0.898914
vt 0.624815 0.928044
vt 0.654544 0.951512
vt 0.687924 0.970443
vt 0.724364 0.985368
vt 0.763692 0.983491
vt 0.801466 0.976862
vt 0.837314 0.964886
vt 0.869562 0.945770
vt 0.895300 0.919144
vt 0.911737 0.886674
vt 0.918600 0.852229
vt 0.917876 0.819494
vt 0.310245 0.725377
vt 0.308215 0.702058
vt 0.305482 0.679093
vt 0.299731 0.656762
vt 0.285702 0.636162
vt 0.736190 0.459248
vt 0.709121 0.477378
vt 0.696211 0.498751
vt 0.691574 0.521457
vt 0.689912 0.544591
vt 0.689019 0.568022
vt 0.376051 0.285366
vt 0.595434 0.824175
vt 0.596122 0.859201
vt 0.606611 0.894186
vt 0.627227 0.925079
vt 0.655669 0.949461
vt 0.689065 0.967190
vt 0.725258 0.980149
vt 0.763690 0.980042
vt 0.801065 0.974557
vt 0.836015 0.961282
vt 0.865878 0.939380
vt 0.887803 0.910276
vt 0.900857 0.877745
vt 0.906166 0.845415
vt 0.906476 0.815813
vt 0.308550 0.748623
vt 0.307667 0.725192
vt 0.306011 0.702057
vt 0.301382 0.679349
vt 0.288480 0.657970
vt 0.261419 0.639827
vt 0.779697 0.465500
vt 0.733617 0.479857
vt 0.707503 0.499355
vt 0.695675 0.521457
vt 0.692115 0.544420
vt 0.691590 0.567627
vt 0.692078 0.591185
vt 0.608959 0.819811
vt 0.608408 0.852424
vt 0.615527 0.886801
vt 0.631949 0.919424
vt 0.657553 0.946134
vt 0.689845 0.964975
vt 0.725840 0.976741
vt 0.763687 0.977692
vt 0.800402 0.970787
vt 0.833492 0.954338
vt 0.860057 0.929317
vt 0.878686 0.899517
vt 0.889862 0.868724
vt 0.895672 0.839626
vt 0.305480 0.771784
vt 0.305980 0.748227
vt 0.305464 0.725019
vt 0.301912 0.702054
vt 0.290091 0.679947
vt 0.263984 0.660439
vt 0.217909 0.646059
vt 0.844915 0.474684
vt 0.777431 0.484066
vt 0.732099 0.500599
vt 0.706976 0.521456
vt 0.696216 0.544162
vt 0.693789 0.567270
vt 0.694598 0.590517
vt 0.620367 0.816104
vt 0.620834 0.845592
vt 0.626378 0.877862
vt 0.639425 0.910539
vt 0.661228 0.939732
vt 0.691140 0.961371
vt 0.726239 0.974417
vt 0.763682 0.973858
vt 0.799117 0.963504
vt 0.829512 0.943392
vt 0.852982 0.917096
vt 0.869480 0.888642
vt 0.880591 0.861071
vt 0.302962 0.771116
vt 0.303781 0.747869
vt 0.301365 0.724760
vt 0.290611 0.702049
vt 0.265496 0.681182
vt 0.220169 0.664628
vt 0.152685 0.655217
vt 0.919953 0.485454
vt 0.842895 0.490180
vt 0.776083 0.502716
vt 0.731601 0.521453
vt 0.707508 0.543557
vt 0.697879 0.566748
vt 0.696754 0.589954
vt 0.707249 0.776955
vt 0.631322 0.839790
vt 0.637342 0.868832
vt 0.648517 0.899758
vt 0.667038 0.929646
vt 0.693653 0.954422
vt 0.726896 0.970639
vt 0.763674 0.966461
vt 0.797091 0.952020
vt 0.824678 0.930096
vt 0.845844 0.904746
vt 0.861729 0.879431
vt 0.532196 0.645293
vt 0.300808 0.770552
vt 0.299693 0.747346
vt 0.290073 0.724151
vt 0.265987 0.702037
vt 0.221511 0.683281
vt 0.154702 0.670716
vt 0.077646 0.665986
vt 0.917362 0.497189
vt 0.841925 0.505767
vt 0.775639 0.521449
vt 0.732104 0.542307
vt 0.709130 0.565533
vt 0.700788 0.589164
vt 0.709408 0.775491
vt 0.722713 0.794469
vt 0.646585 0.861172
vt 0.657697 0.888862
vt 0.674102 0.917397
vt 0.697619 0.943472
vt 0.728167 0.963358
vt 0.763661 0.954804
vt 0.794630 0.938068
vt 0.819803 0.916661
vt 0.839839 0.894299
vt 0.518535 0.664247
vt 0.529905 0.644049
vt 0.296775 0.769761
vt 0.288442 0.746126
vt 0.265478 0.722891
vt 0.221949 0.702015
vt 0.155669 0.686305
vt 0.080235 0.677721
vt 0.807505 0.108705
vt 0.917671 0.509194
vt 0.841702 0.521438
vt 0.776087 0.540181
vt 0.733625 0.563048
vt 0.711921 0.587339
vt 0.711248 0.774232
vt 0.724699 0.792787
vt 0.739147 0.810996
vt 0.665427 0.879632
vt 0.681228 0.905015
vt 0.702437 0.930170
vt 0.730171 0.951885
vt 0.763646 0.940642
vt 0.792148 0.923973
vt 0.815704 0.905307
vt 0.503809 0.682314
vt 0.516393 0.662768
vt 0.527951 0.642978
vt 0.285643 0.767931
vt 0.263949 0.743632
vt 0.221496 0.720748
vt 0.155888 0.701979
vt 0.079923 0.689725
vt 0.854834 0.061374
vt 0.840531 0.115428
vt 0.791177 0.111666
vt 0.918547 0.521432
vt 0.841928 0.537109
vt 0.777438 0.558830
vt 0.736203 0.583657
vt 0.714493 0.771704
vt 0.726414 0.791360
vt 0.740979 0.809171
vt 0.756389 0.826705
vt 0.687225 0.894542
vt 0.707296 0.916730
vt 0.732605 0.937947
vt 0.763629 0.926337
vt 0.790064 0.912065
vt 0.488200 0.699647
vt 0.501806 0.680677
vt 0.514546 0.661516
vt 0.524473 0.640783
vt 0.261364 0.764241
vt 0.220139 0.739399
vt 0.155657 0.717651
vt 0.079043 0.701963
vt 0.857795 0.045047
vt 0.861562 0.094399
vt 0.871222 0.125087
vt 0.851604 0.125087
vt 0.806282 0.117516
vt 0.917673 0.533670
vt 0.842902 0.552696
vt 0.779708 0.577394
vt 0.723179 0.764500
vt 0.729494 0.788613
vt 0.742556 0.807619
vt 0.758082 0.824759
vt 0.774339 0.841598
vt 0.711382 0.905371
vt 0.735058 0.923867
vt 0.763615 0.914256
vt 0.471799 0.716232
vt 0.486325 0.697876
vt 0.500083 0.679286
vt 0.511210 0.659086
vt 0.515121 0.634468
vt 0.217862 0.757963
vt 0.154679 0.733238
vt 0.079913 0.714201
vt 0.863646 0.060151
vt 0.871222 0.105471
vt 0.840532 0.134748
vt 0.813852 0.125090
vt 0.917367 0.545675
vt 0.844925 0.568194
vt 0.741893 0.748591
vt 0.737798 0.780918
vt 0.745443 0.804691
vt 0.759529 0.823094
vt 0.775892 0.839532
vt 0.792984 0.855583
vt 0.737120 0.911974
vt 0.454618 0.731981
vt 0.470051 0.714328
vt 0.484720 0.696362
vt 0.496922 0.676656
vt 0.502189 0.652246
vt 0.494933 0.620478
vt 0.152651 0.748736
vt 0.080215 0.726206
vt 0.871222 0.067720
vt 0.880883 0.094400
vt 0.806282 0.132664
vt 0.861561 0.155776
vt 0.871222 0.144704
vt 0.807506 0.141474
vt 0.919961 0.557408
vt 0.775170 0.719870
vt 0.755750 0.764063
vt 0.753313 0.796565
vt 0.762222 0.819999
vt 0.777210 0.837756
vt 0.794374 0.853383
vt 0.812472 0.868469
vt 0.436492 0.746724
vt 0.453019 0.729929
vt 0.468565 0.712689
vt 0.481735 0.693544
vt 0.488290 0.669344
vt 0.482666 0.637238
vt 0.458993 0.595168
vt 0.077618 0.737939
vt 0.878796 0.060151
vt 0.887606 0.061374
vt 0.901911 0.115429
vt 0.890838 0.125088
vt 0.791178 0.138516
vt 0.854833 0.188802
vt 0.880881 0.155776
vt 0.863645 0.190025
vt 0.871221 0.182456
vt 0.824924 0.676710
vt 0.787687 0.733770
vt 0.770399 0.778824
vt 0.769640 0.811470
vt 0.779707 0.834492
vt 0.795549 0.851488
vt 0.813621 0.866130
vt 0.435118 0.744508
vt 0.451664 0.728159
vt 0.465758 0.709686
vt 0.473511 0.685784
vt 0.469541 0.653370
vt 0.447905 0.610233
vt 0.405237 0.557107
vt 0.884648 0.045047
vt 0.934938 0.108708
vt 0.936161 0.117518
vt 0.928590 0.125091
vt 0.901910 0.134749
vt 0.857794 0.205129
vt 0.878795 0.190026
vt 0.887606 0.188803
vt 0.882324 0.627188
vt 0.835285 0.688407
vt 0.800871 0.747032
vt 0.785804 0.792890
vt 0.786663 0.825575
vt 0.797840 0.848060
vt 0.814611 0.864136
vt 0.433938 0.742620
vt 0.449047 0.724972
vt 0.457958 0.701495
vt 0.455596 0.668882
vt 0.436090 0.624728
vt 0.396076 0.569770
vt 0.343229 0.513492
vt 0.951265 0.111669
vt 0.936159 0.132667
vt 0.934935 0.141476
vt 0.884648 0.205130
vt 0.908539 0.651870
vt 0.898732 0.644498
vt 0.889473 0.636849
vt 0.846404 0.699371
vt 0.814711 0.759665
vt 0.801866 0.806200
vt 0.804308 0.838775
vt 0.816662 0.860575
vt 0.431547 0.739277
vt 0.441698 0.716366
vt 0.440923 0.683708
vt 0.423562 0.638661
vt 0.386090 0.581778
vt 0.337067 0.523808
vt 0.328607 0.532331
vt 0.319573 0.540631
vt 0.951262 0.138518
vt 0.917197 0.660564
vt 0.936606 0.674423
vt 0.858076 0.709827
vt 0.829137 0.771626
vt 0.818513 0.818667
vt 0.822591 0.850980
vt 0.424702 0.730310
vt 0.425584 0.697752
vt 0.410384 0.651982
vt 0.375502 0.593332
vt 0.311814 0.550134
vt 0.293862 0.565836
vt 0.870045 0.719943
vt 0.926051 0.668675
vt 0.895450 0.738084
vt 0.844094 0.782850
vt 0.835754 0.830250
vt 0.409567 0.710974
vt 0.396605 0.664623
vt 0.364587 0.604578
vt 0.303801 0.559077
vt 0.341086 0.625134
vt 0.882437 0.729439
vt 0.859591 0.793325
vt 0.382214 0.676573
vt 0.353187 0.615249
vt 0.399685 0.099196
vt 0.397002 0.152919
vt 0.394275 0.207506
vt 0.401910 0.054656
vt 0.403366 0.025499
vt 0.404167 0.009444
vt 0.672480 0.356868
vt 0.667793 0.348177
vt 0.662096 0.337669
vt 0.656391 0.327168
vt 0.109861 0.266030
vt 0.071406 0.228499
vt 0.148960 0.304195
vt 0.039512 0.197486
vt 0.192524 0.327569
vt 0.182759 0.337126
vt 0.018572 0.177373
vt 0.202757 0.318520
vt 0.006890 0.166531
vt 0.213436 0.309973
vt 0.001032 0.161454
vt 0.019682 0.142465
vt 0.224506 0.301958
vt 0.039407 0.124890
vt 0.235927 0.294527
vt 0.060012 0.108385
vt 0.247711 0.287701
vt 0.081371 0.092927
vt 0.259840 0.281461
vt 0.103409 0.078599
vt 0.272256 0.275824
vt 0.126158 0.065451
vt 0.284908 0.270826
vt 0.149582 0.053424
vt 0.297802 0.266490
vt 0.173556 0.042545
vt 0.310924 0.262795
vt 0.197981 0.032895
vt 0.324210 0.259745
vt 0.222875 0.024535
vt 0.337604 0.257364
vt 0.248212 0.017407
vt 0.351103 0.255677
vt 0.273861 0.011513
vt 0.364697 0.254663
vt 0.299709 0.006914
vt 0.378323 0.254312
vt 0.325762 0.003667
vt 0.391921 0.254639
vt 0.352005 0.001716
vt 0.405482 0.255668
vt 0.378311 0.001032
vt 0.419003 0.257374
vt 0.404556 0.001656
vt 0.432423 0.259737
vt 0.430732 0.003648
vt 0.445680 0.262759
vt 0.456839 0.006947
vt 0.458762 0.266463
vt 0.482756 0.011504
vt 0.471670 0.270824
vt 0.508355 0.017329
vt 0.484351 0.275811
vt 0.533616 0.024486
vt 0.496743 0.281415
vt 0.558551 0.032912
vt 0.508832 0.287657
vt 0.583051 0.042533
vt 0.520626 0.294513
vt 0.606988 0.053337
vt 0.532079 0.301941
vt 0.630332 0.065380
vt 0.543134 0.309921
vt 0.653108 0.078603
vt 0.553775 0.318464
vt 0.675226 0.092919
vt 0.685178 0.228491
vt 0.646721 0.266021
vt 0.564015 0.327545
vt 0.607619 0.304185
vt 0.696564 0.108299
vt 0.717072 0.197479
vt 0.573815 0.337110
vt 0.717087 0.124806
vt 0.738011 0.177363
vt 0.736825 0.142457
vt 0.749694 0.166520
vt 0.755560 0.161447
vt 0.035700 0.554298
vt 0.028871 0.557576
vt 0.017173 0.552457
vt 0.011816 0.543170
vt 0.022222 0.561201
vt 0.042699 0.551357
vt 0.006364 0.533715
vt 0.009538 0.519828
vt 0.018271 0.515637
vt 0.049834 0.548760
vt 0.001032 0.524462
vt 0.027219 0.511878
vt 0.057077 0.546523
vt 0.036338 0.508557
vt 0.064426 0.544659
vt 0.045589 0.505699
vt 0.071875 0.543157
vt 0.054974 0.503317
vt 0.079390 0.542015
vt 0.064484 0.501398
vt 0.086938 0.541246
vt 0.074074 0.499940
vt 0.094517 0.540862
vt 0.083702 0.498958
vt 0.102123 0.540850
vt 0.093366 0.498468
vt 0.109722 0.541202
vt 0.103061 0.498452
vt 0.117281 0.541924
vt 0.112744 0.498901
vt 0.124794 0.543028
vt 0.122372 0.499819
vt 0.132262 0.544500
vt 0.131940 0.501224
vt 0.139650 0.546325
vt 0.141448 0.503097
vt 0.146924 0.548504
vt 0.150856 0.505422
vt 0.154079 0.551048
vt 0.160119 0.508196
vt 0.161116 0.553943
vt 0.169231 0.511436
vt 0.168005 0.557170
vt 0.178192 0.515124
vt 0.174712 0.560723
vt 0.186969 0.519237
vt 0.181230 0.564611
vt 0.195517 0.523765
vt 0.187560 0.568821
vt 0.203824 0.528722
vt 0.193680 0.573329
vt 0.211898 0.534092
vt 0.199556 0.578123
vt 0.219704 0.539845
vt 0.205179 0.583209
vt 0.227204 0.545963
vt 0.210553 0.588577
vt 0.234382 0.552458
vt 0.215660 0.594197
vt 0.241247 0.559315
vt 0.220472 0.600051
vt 0.247773 0.566498
vt 0.224974 0.606143
vt 0.253923 0.573982
vt 0.229176 0.612464
vt 0.259679 0.581771
vt 0.251211 0.608781
vt 0.241866 0.614036
vt 0.233063 0.618981
vt 0.265054 0.589855
vt 0.260724 0.603428
vt 0.270029 0.598190
vt 0.038656 0.821562
vt 0.040909 0.812516
vt 0.036404 0.812515
vt 0.043590 0.803916
vt 0.059422 0.831052
vt 0.050374 0.833287
vt 0.026936 0.833281
vt 0.017891 0.831045
vt 0.033724 0.803914
vt 0.046416 0.795667
vt 0.051611 0.797461
vt 0.060980 0.803020
vt 0.065059 0.806912
vt 0.068026 0.828385
vt 0.059422 0.835534
vt 0.017888 0.835519
vt 0.009286 0.828380
vt 0.012254 0.806907
vt 0.016335 0.803016
vt 0.030898 0.795666
vt 0.025703 0.797458
vt 0.056555 0.799752
vt 0.068946 0.810996
vt 0.076278 0.825571
vt 0.074492 0.820373
vt 0.068024 0.838213
vt 0.040890 0.854046
vt 0.038650 0.844999
vt 0.036402 0.854045
vt 0.009283 0.838189
vt 0.001033 0.825567
vt 0.002818 0.820369
vt 0.008366 0.810992
vt 0.020759 0.799749
vt 0.072209 0.815425
vt 0.076272 0.841038
vt 0.074480 0.846233
vt 0.068923 0.855600
vt 0.065031 0.859679
vt 0.043561 0.862648
vt 0.033724 0.862645
vt 0.012256 0.859658
vt 0.008368 0.855576
vt 0.001032 0.841007
vt 0.002819 0.846203
vt 0.005103 0.815420
vt 0.072190 0.851177
vt 0.060947 0.863565
vt 0.046376 0.870899
vt 0.051573 0.869112
vt 0.030900 0.870894
vt 0.025705 0.869103
vt 0.016337 0.863548
vt 0.005104 0.851150
vt 0.056520 0.866827
vt 0.020761 0.866814
vt 0.466320 0.981640
vt 0.463103 0.983233
vt 0.459165 0.984466
vt 0.470522 0.979199
vt 0.452447 0.985982
vt 0.447466 0.902346
vt 0.466667 0.937247
vt 0.475991 0.976113
vt 0.442287 0.987960
vt 0.422738 0.870616
vt 0.482195 0.973086
vt 0.430256 0.990123
vt 0.392806 0.843448
vt 0.418409 0.992178
vt 0.358640 0.821577
vt 0.394541 0.969333
vt 0.381898 0.945420
vt 0.408731 0.993869
vt 0.321358 0.805517
vt 0.365100 0.924032
vt 0.402291 0.995069
vt 0.282022 0.795746
vt 0.344690 0.905825
vt 0.241617 0.792570
vt 0.321400 0.891165
vt 0.201158 0.795902
vt 0.295998 0.880359
vt 0.161731 0.805584
vt 0.269190 0.873759
vt 0.124473 0.821528
vt 0.241632 0.871643
vt 0.090439 0.843482
vt 0.214032 0.873906
vt 0.020165 0.983262
vt 0.016934 0.981669
vt 0.060552 0.870800
vt 0.187144 0.880408
vt 0.024114 0.984499
vt 0.012720 0.979227
vt 0.035712 0.902526
vt 0.161747 0.891089
vt 0.030842 0.986015
vt 0.007241 0.976141
vt 0.016452 0.937313
vt 0.138579 0.905841
vt 0.041010 0.987993
vt 0.001032 0.973123
vt 0.118228 0.924191
vt 0.053046 0.990152
vt 0.101307 0.945549
vt 0.064895 0.992204
vt 0.088588 0.969359
vt 0.074575 0.993892
vt 0.081015 0.995090
vt 0.435018 0.349649
vt 0.411984 0.382621
vt 0.449582 0.269789
vt 0.453384 0.271687
vt 0.383274 0.411053
vt 0.452074 0.313636
vt 0.458709 0.274232
vt 0.446688 0.268631
vt 0.349914 0.434103
vt 0.464997 0.276764
vt 0.442285 0.267639
vt 0.313092 0.451148
vt 0.434403 0.266386
vt 0.273947 0.461617
vt 0.422420 0.264780
vt 0.233576 0.465115
vt 0.408135 0.263050
vt 0.193131 0.461689
vt 0.344075 0.325508
vt 0.358287 0.305267
vt 0.393884 0.261399
vt 0.153837 0.451530
vt 0.326261 0.342878
vt 0.368436 0.282854
vt 0.381947 0.260007
vt 0.116933 0.434821
vt 0.305560 0.356973
vt 0.373985 0.259030
vt 0.083586 0.411875
vt 0.282710 0.367428
vt 0.054763 0.383465
vt 0.258411 0.373866
vt 0.031404 0.350642
vt 0.012629 0.272948
vt 0.016432 0.271028
vt 0.233334 0.375986
vt 0.014063 0.314844
vt 0.007311 0.275522
vt 0.019331 0.269851
vt 0.208209 0.373869
vt 0.001032 0.278083
vt 0.023737 0.268832
vt 0.183800 0.367660
vt 0.031620 0.267532
vt 0.160891 0.357449
vt 0.043598 0.265856
vt 0.140223 0.343387
vt 0.057877 0.264042
vt 0.122368 0.325986
vt 0.072120 0.262310
vt 0.107911 0.305856
vt 0.084048 0.260847
vt 0.097544 0.283597
vt 0.092004 0.259822
vt 0.531475 0.807880
vt 0.544448 0.844662
vt 0.537760 0.805329
vt 0.543083 0.802764
vt 0.561727 0.880490
vt 0.546890 0.800850
vt 0.585028 0.913352
vt 0.549791 0.799679
vt 0.613798 0.941817
vt 0.554201 0.798667
vt 0.647103 0.964824
vt 0.562086 0.797381
vt 0.683978 0.981595
vt 0.574068 0.795725
vt 0.723254 0.991823
vt 0.588350 0.793937
vt 0.763692 0.995322
vt 0.602596 0.792229
vt 0.804069 0.991888
vt 0.614529 0.790788
vt 0.843232 0.981488
vt 0.622487 0.789777
vt 0.627982 0.813562
vt 0.880083 0.964503
vt 0.638310 0.835839
vt 0.913483 0.941511
vt 0.652729 0.855995
vt 0.942242 0.913129
vt 0.670553 0.873427
vt 0.965332 0.880197
vt 0.691196 0.887526
vt 0.982450 0.844214
vt 0.714087 0.897778
vt 0.995441 0.807366
vt 0.989157 0.804822
vt 0.738483 0.904031
vt 0.983838 0.802268
vt 0.763605 0.906191
vt 0.980039 0.800363
vt 0.788685 0.904113
vt 0.977145 0.799200
vt 0.812994 0.897715
vt 0.972743 0.798201
vt 0.835862 0.887298
vt 0.964862 0.796933
vt 0.856586 0.873239
vt 0.952882 0.795307
vt 0.874430 0.855899
vt 0.938599 0.793551
vt 0.888678 0.835683
vt 0.924352 0.791877
vt 0.898866 0.813287
vt 0.912417 0.790464
vt 0.904456 0.789473
vt 0.521175 0.447904
vt 0.514964 0.444889
vt 0.530364 0.409070
vt 0.526656 0.450987
vt 0.549594 0.374261
vt 0.530873 0.453425
vt 0.574411 0.342507
vt 0.534105 0.455018
vt 0.604276 0.315151
vt 0.538057 0.456251
vt 0.638301 0.293159
vt 0.544787 0.457763
vt 0.675569 0.277197
vt 0.554957 0.459731
vt 0.715012 0.267495
vt 0.566997 0.461881
vt 0.755498 0.264190
vt 0.578848 0.463921
vt 0.795920 0.267448
vt 0.588530 0.465600
vt 0.835248 0.277335
vt 0.602522 0.441055
vt 0.594970 0.466793
vt 0.872494 0.293520
vt 0.615220 0.417231
vt 0.906594 0.315522
vt 0.632111 0.395847
vt 0.936439 0.342805
vt 0.652436 0.377467
vt 0.961039 0.374646
vt 0.675578 0.362685
vt 0.980091 0.409634
vt 0.700954 0.351981
vt 0.995481 0.445533
vt 0.989266 0.448536
vt 0.727823 0.345469
vt 0.983786 0.451602
vt 0.755406 0.343227
vt 0.979575 0.454028
vt 0.782941 0.345394
vt 0.976351 0.455609
vt 0.809715 0.352069
vt 0.972410 0.456828
vt 0.835067 0.362961
vt 0.965688 0.458318
vt 0.858288 0.377714
vt 0.955522 0.460256
vt 0.878617 0.396005
vt 0.943485 0.462370
vt 0.895318 0.417466
vt 0.931632 0.464377
vt 0.907858 0.441435
vt 0.921947 0.466029
vt 0.915504 0.467203
vt 0.984926 0.503713
vt 0.988678 0.512238
vt 0.847647 0.459221
vt 0.923140 0.473588
vt 0.990228 0.496065
vt 0.992272 0.521424
vt 0.782810 0.447006
vt 0.995508 0.487744
vt 0.988680 0.530611
vt 0.739755 0.438753
vt 0.984929 0.539135
vt 0.715885 0.433954
vt 0.990234 0.546784
vt 0.923149 0.569272
vt 0.847660 0.583658
vt 0.705123 0.431599
vt 0.782826 0.595887
vt 0.995516 0.555107
vt 0.701403 0.430596
vt 0.739773 0.604152
vt 0.682688 0.497882
vt 0.684382 0.474358
vt 0.699531 0.429853
vt 0.715902 0.608955
vt 0.687496 0.450801
vt 0.682147 0.521458
vt 0.697282 0.428841
vt 0.705140 0.611313
vt 0.692954 0.427244
vt 0.682691 0.545034
vt 0.701421 0.612316
vt 0.684391 0.568558
vt 0.699549 0.613060
vt 0.687509 0.592114
vt 0.697300 0.614072
vt 0.692972 0.615670
vt 0.947665 0.592952
vt 0.956954 0.596270
vt 0.938771 0.590188
vt 0.961525 0.605008
vt 0.815057 0.664497
vt 0.875469 0.616992
vt 0.936486 0.581170
vt 0.965492 0.613433
vt 0.763263 0.705378
vt 0.933680 0.571724
vt 0.974745 0.614453
vt 0.947649 0.679811
vt 0.908907 0.746172
vt 0.728772 0.732447
vt 0.875589 0.803113
vt 0.984490 0.615934
vt 0.709482 0.747310
vt 0.853558 0.841011
vt 0.700642 0.753882
vt 0.841512 0.862166
vt 0.753340 0.830210
vt 0.735906 0.814330
vt 0.697446 0.756030
vt 0.836230 0.871826
vt 0.719271 0.797609
vt 0.771488 0.845271
vt 0.695656 0.756955
vt 0.834548 0.875285
vt 0.703548 0.779791
vt 0.790351 0.859427
vt 0.693417 0.757987
vt 0.833883 0.877182
vt 0.689370 0.760203
vt 0.810176 0.872527
vt 0.833172 0.879542
vt 0.831538 0.883855
vt 0.259113 0.507986
vt 0.262232 0.499212
vt 0.250006 0.509911
vt 0.265919 0.490068
vt 0.283403 0.572284
vt 0.240454 0.512344
vt 0.274835 0.485855
vt 0.328491 0.634508
vt 0.283411 0.482232
vt 0.367257 0.687887
vt 0.284793 0.473038
vt 0.392907 0.723434
vt 0.286652 0.463364
vt 0.349045 0.502670
vt 0.406973 0.743301
vt 0.413854 0.543980
vt 0.413178 0.752396
vt 0.469416 0.579576
vt 0.415191 0.755673
vt 0.506401 0.603121
vt 0.474999 0.719607
vt 0.457615 0.735548
vt 0.416039 0.757495
vt 0.527058 0.616013
vt 0.439176 0.750537
vt 0.491579 0.702836
vt 0.416978 0.759773
vt 0.536501 0.621682
vt 0.419027 0.763906
vt 0.507363 0.685312
vt 0.539892 0.623504
vt 0.522270 0.667033
vt 0.541762 0.624247
vt 0.536158 0.647751
vt 0.544092 0.625054
vt 0.548337 0.626860
vt 0.008906 0.711132
vt 0.005318 0.701947
vt 0.012655 0.719657
vt 0.008915 0.692764
vt 0.007347 0.727304
vt 0.012671 0.684243
vt 0.074427 0.749802
vt 0.002064 0.735625
vt 0.007371 0.676598
vt 0.149911 0.764198
vt 0.002091 0.668278
vt 0.074460 0.654121
vt 0.214738 0.776455
vt 0.149957 0.639752
vt 0.257787 0.784735
vt 0.214802 0.627563
vt 0.281655 0.789546
vt 0.257862 0.619330
vt 0.292414 0.791908
vt 0.281736 0.614542
vt 0.315439 0.702061
vt 0.314887 0.725637
vt 0.296133 0.792912
vt 0.292497 0.612192
vt 0.313178 0.749160
vt 0.314906 0.678484
vt 0.298003 0.793657
vt 0.296216 0.611191
vt 0.310050 0.772716
vt 0.313219 0.654960
vt 0.300251 0.794670
vt 0.298088 0.610449
vt 0.304577 0.796269
vt 0.310115 0.631401
vt 0.300336 0.609438
vt 0.304664 0.607843
vt 0.849097 0.179680
vt 0.856046 0.140262
vt 0.845837 0.243696
vt 0.837531 0.238356
vt 0.816629 0.147210
vt 0.886396 0.140263
vt 0.893341 0.179680
vt 0.871223 0.242059
vt 0.861998 0.245568
vt 0.853462 0.249144
vt 0.750739 0.134316
vt 0.754249 0.125093
vt 0.816626 0.102969
vt 0.856046 0.109913
vt 0.757953 0.158780
vt 0.752612 0.150475
vt 0.880448 0.245568
vt 0.925813 0.147212
vt 0.904916 0.238354
vt 0.896611 0.243696
vt 0.750738 0.115871
vt 0.747164 0.142850
vt 0.752609 0.099712
vt 0.757950 0.091406
vt 0.849098 0.070496
vt 0.888985 0.249144
vt 0.989829 0.150476
vt 0.984488 0.158781
vt 0.886398 0.109913
vt 0.925817 0.102971
vt 0.988193 0.125096
vt 0.991702 0.134319
vt 0.747162 0.107337
vt 0.861999 0.004607
vt 0.871224 0.008118
vt 0.893341 0.070496
vt 0.837532 0.011819
vt 0.845838 0.006479
vt 0.995276 0.142853
vt 0.991704 0.115875
vt 0.984494 0.091411
vt 0.989834 0.099717
vt 0.880448 0.004608
vt 0.853463 0.001032
vt 0.896609 0.006480
vt 0.904914 0.011822
vt 0.995280 0.107342
vt 0.888984 0.001033
vn -0.5160 0.3827 -0.7663
vn -0.3539 0.3802 -0.8545
vn -0.3630 0.3160 -0.8765
vn -0.5266 0.3173 -0.7887
vn -0.1770 0.3827 -0.9067
vn -0.1853 0.3173 -0.9300
vn -0.3678 0.2758 -0.8880
vn -0.5322 0.2763 -0.8003
vn -0.1896 0.2763 -0.9422
vn -0.6249 0.4679 -0.6249
vn -0.4997 0.4635 -0.7317
vn -0.6525 0.3852 -0.6525
vn -0.3399 0.4593 -0.8207
vn -0.1640 0.4635 -0.8708
vn 0.0000 0.4679 -0.8838
vn 0.0000 0.3852 -0.9228
vn 0.0000 0.3187 -0.9478
vn 0.0000 0.2768 -0.9609
vn 0.0000 0.2597 -0.9657
vn -0.1910 0.2594 -0.9467
vn -0.3696 0.2593 -0.8923
vn -0.5343 0.2594 -0.8044
vn -0.6795 0.2768 -0.6795
vn -0.6829 0.2597 -0.6829
vn -0.6702 0.3187 -0.6702
vn -0.7663 0.3827 0.5160
vn -0.8545 0.3802 0.3539
vn -0.8765 0.3160 0.3630
vn -0.7887 0.3173 0.5266
vn -0.9067 0.3827 0.1770
vn -0.9300 0.3173 0.1853
vn -0.8880 0.2758 0.3678
vn -0.8003 0.2763 0.5322
vn -0.9422 0.2763 0.1896
vn -0.6249 0.4679 0.6249
vn -0.7317 0.4635 0.4998
vn -0.6525 0.3852 0.6525
vn -0.8207 0.4593 0.3399
vn -0.8708 0.4635 0.1640
vn -0.8838 0.4679 0.0000
vn -0.9228 0.3852 0.0000
vn -0.9478 0.3187 0.0000
vn -0.9609 0.2768 0.0000
vn -0.9657 0.2597 0.0000
vn -0.9467 0.2594 0.1910
vn -0.8923 0.2593 0.3696
vn -0.8044 0.2594 0.5343
vn -0.6795 0.2768 0.6795
vn -0.6829 0.2597 0.6829
vn -0.6702 0.3187 0.6702
vn 0.9067 0.3827 0.1770
vn 0.8545 0.3802 0.3539
vn 0.8765 0.3160 0.3630
vn 0.9300 0.3173 0.1853
vn 0.7663 0.3827 0.5160
vn 0.7887 0.3173 0.5266
vn 0.8880 0.2758 0.3678
vn 0.9422 0.2763 0.1896
vn 0.8003 0.2763 0.5322
vn 0.8838 0.4679 0.0000
vn 0.8708 0.4635 0.1640
vn 0.9228 0.3852 0.0000
vn 0.8207 0.4593 0.3399
vn 0.7317 0.4635 0.4998
vn 0.6249 0.4679 0.6249
vn 0.6525 0.3852 0.6525
vn 0.6702 0.3187 0.6702
vn 0.6795 0.2768 0.6795
vn 0.6829 0.2597 0.6829
vn 0.8044 0.2594 0.5343
vn 0.8923 0.2593 0.3696
vn 0.9467 0.2594 0.1910
vn 0.9609 0.2768 0.0000
vn 0.9657 0.2597 0.0000
vn 0.9478 0.3187 0.0000
vn -0.1770 0.3827 0.9067
vn -0.3539 0.3802 0.8545
vn -0.3630 0.3160 0.8765
vn -0.1853 0.3173 0.9300
vn -0.5160 0.3827 0.7663
vn -0.5266 0.3173 0.7887
vn -0.3678 0.2758 0.8880
vn -0.1896 0.2763 0.9422
vn -0.5322 0.2763 0.8003
vn 0.0000 0.4679 0.8838
vn -0.1640 0.4635 0.8708
vn 0.0000 0.3852 0.9228
vn -0.3399 0.4593 0.8207
vn -0.4998 0.4635 0.7317
vn -0.5343 0.2594 0.8044
vn -0.3696 0.2593 0.8923
vn -0.1910 0.2594 0.9467
vn 0.0000 0.2768 0.9609
vn 0.0000 0.2597 0.9657
vn 0.0000 0.3187 0.9478
vn -0.9067 0.3827 -0.1770
vn -0.8545 0.3802 -0.3539
vn -0.8765 0.3160 -0.3630
vn -0.9300 0.3173 -0.1853
vn -0.7663 0.3827 -0.5160
vn -0.7887 0.3173 -0.5266
vn -0.8880 0.2758 -0.3678
vn -0.9422 0.2763 -0.1896
vn -0.8003 0.2763 -0.5322
vn -0.8708 0.4635 -0.1640
vn -0.8207 0.4593 -0.3399
vn -0.7317 0.4635 -0.4998
vn -0.8044 0.2594 -0.5343
vn -0.8923 0.2593 -0.3696
vn -0.9467 0.2594 -0.1910
vn 0.7663 0.3827 -0.5160
vn 0.8545 0.3802 -0.3539
vn 0.8765 0.3160 -0.3630
vn 0.7887 0.3173 -0.5266
vn 0.9067 0.3827 -0.1770
vn 0.9300 0.3173 -0.1853
vn 0.8880 0.2758 -0.3678
vn 0.8003 0.2763 -0.5322
vn 0.9422 0.2763 -0.1896
vn 0.6249 0.4679 -0.6249
vn 0.7317 0.4635 -0.4997
vn 0.6525 0.3852 -0.6525
vn 0.8207 0.4593 -0.3399
vn 0.8708 0.4635 -0.1640
vn 0.9467 0.2594 -0.1910
vn 0.8923 0.2593 -0.3696
vn 0.8044 0.2594 -0.5343
vn 0.6795 0.2768 -0.6795
vn 0.6829 0.2597 -0.6829
vn 0.6702 0.3187 -0.6702
vn 0.5160 0.3827 0.7663
vn 0.3539 0.3802 0.8545
vn 0.3630 0.3160 0.8765
vn 0.5266 0.3173 0.7887
vn 0.1770 0.3827 0.9067
vn 0.1853 0.3173 0.9300
vn 0.3678 0.2758 0.8880
vn 0.5322 0.2763 0.8003
vn 0.1896 0.2763 0.9422
vn 0.4997 0.4635 0.7317
vn 0.3399 0.4593 0.8207
vn 0.1640 0.4635 0.8708
vn 0.1910 0.2594 0.9467
vn 0.3696 0.2593 0.8923
vn 0.5343 0.2594 0.8044
vn 0.1770 0.3827 -0.9067
vn 0.3539 0.3802 -0.8545
vn 0.3630 0.3160 -0.8765
vn 0.1853 0.3173 -0.9300
vn 0.5160 0.3827 -0.7663
vn 0.5266 0.3173 -0.7887
vn 0.3678 0.2758 -0.8880
vn 0.1896 0.2763 -0.9422
vn 0.5322 0.2763 -0.8003
vn 0.1640 0.4635 -0.8708
vn 0.3399 0.4593 -0.8207
vn 0.4998 0.4635 -0.7317
vn 0.5343 0.2594 -0.8044
vn 0.3696 0.2593 -0.8923
vn 0.1910 0.2594 -0.9467
vn -0.5352 0.2532 -0.8058
vn -0.3702 0.2531 -0.8938
vn -0.1914 0.2532 -0.9483
vn -0.6840 0.2534 -0.6840
vn -0.5352 0.2533 -0.8058
vn -0.3702 0.2532 -0.8938
vn -0.1914 0.2533 -0.9483
vn 0.0000 0.2534 -0.9673
vn 0.0000 0.2533 -0.9674
vn -0.3702 0.2530 -0.8938
vn -0.5352 0.2532 -0.8059
vn -0.6840 0.2533 -0.6840
vn -0.8058 0.2532 0.5352
vn -0.8938 0.2531 0.3702
vn -0.9483 0.2532 0.1914
vn -0.6840 0.2534 0.6840
vn -0.8058 0.2533 0.5352
vn -0.8938 0.2532 0.3702
vn -0.9483 0.2533 0.1914
vn -0.9673 0.2534 0.0000
vn -0.9674 0.2533 0.0000
vn -0.8938 0.2530 0.3702
vn -0.8059 0.2532 0.5352
vn -0.6840 0.2533 0.6840
vn 0.9483 0.2532 0.1914
vn 0.8938 0.2531 0.3702
vn 0.8058 0.2532 0.5352
vn 0.9673 0.2534 0.0000
vn 0.9483 0.2533 0.1914
vn 0.8938 0.2532 0.3702
vn 0.8058 0.2533 0.5352
vn 0.6840 0.2534 0.6840
vn 0.6840 0.2533 0.6840
vn 0.8059 0.2532 0.5352
vn 0.8938 0.2530 0.3702
vn 0.9674 0.2533 0.0000
vn -0.1914 0.2532 0.9483
vn -0.3702 0.2531 0.8938
vn -0.5352 0.2532 0.8058
vn 0.0000 0.2534 0.9673
vn -0.1914 0.2533 0.9483
vn -0.3702 0.2532 0.8938
vn -0.5352 0.2533 0.8058
vn -0.5352 0.2532 0.8059
vn -0.3702 0.2530 0.8938
vn 0.0000 0.2533 0.9674
vn -0.9483 0.2532 -0.1914
vn -0.8938 0.2531 -0.3702
vn -0.8058 0.2532 -0.5352
vn -0.9483 0.2533 -0.1914
vn -0.8938 0.2532 -0.3702
vn -0.8058 0.2533 -0.5352
vn -0.8059 0.2532 -0.5352
vn -0.8938 0.2530 -0.3702
vn 0.8058 0.2532 -0.5352
vn 0.8938 0.2531 -0.3702
vn 0.9483 0.2532 -0.1914
vn 0.6840 0.2534 -0.6840
vn 0.8058 0.2533 -0.5352
vn 0.8938 0.2532 -0.3702
vn 0.9483 0.2533 -0.1914
vn 0.8938 0.2530 -0.3702
vn 0.8059 0.2532 -0.5352
vn 0.6840 0.2533 -0.6840
vn 0.5352 0.2532 0.8058
vn 0.3702 0.2531 0.8938
vn 0.1914 0.2532 0.9483
vn 0.5352 0.2533 0.8058
vn 0.3702 0.2532 0.8938
vn 0.1914 0.2533 0.9483
vn 0.3702 0.2530 0.8938
vn 0.5352 0.2532 0.8059
vn 0.1914 0.2532 -0.9483
vn 0.3702 0.2531 -0.8938
vn 0.5352 0.2532 -0.8058
vn 0.1914 0.2533 -0.9483
vn 0.3702 0.2532 -0.8938
vn 0.5352 0.2533 -0.8058
vn 0.5352 0.2532 -0.8059
vn 0.3702 0.2530 -0.8938
vn -0.0519 0.9986 -0.0105
vn -0.0489 0.9986 -0.0202
vn -0.0714 0.9970 -0.0295
vn -0.0757 0.9970 -0.0153
vn -0.0441 0.9986 -0.0292
vn -0.0643 0.9970 -0.0427
vn -0.0636 0.9976 -0.0263
vn -0.0674 0.9976 -0.0136
vn -0.0573 0.9976 -0.0381
vn 0.0802 0.9968 0.0000
vn 0.0789 0.9967 0.0159
vn -0.0529 0.9986 0.0000
vn 0.0746 0.9967 0.0309
vn 0.0670 0.9967 0.0446
vn 0.0567 0.9968 0.0567
vn -0.0374 0.9986 -0.0374
vn -0.0545 0.9970 -0.0545
vn -0.0486 0.9976 -0.0486
vn -0.0037 1.0000 -0.0037
vn -0.0045 1.0000 -0.0030
vn -0.0050 1.0000 -0.0021
vn -0.0052 1.0000 -0.0010
vn -0.0687 0.9976 0.0000
vn -0.0052 1.0000 0.0000
vn -0.0772 0.9970 0.0000
vn 0.4772 0.5546 -0.6817
vn 0.3211 0.5438 -0.7753
vn 0.2998 0.6214 -0.7239
vn 0.4005 0.6695 -0.6255
vn 0.1446 0.5546 -0.8195
vn 0.1591 0.6695 -0.7255
vn 0.2373 0.7844 -0.5730
vn 0.5834 0.5651 -0.5834
vn 0.5126 0.6888 -0.5126
vn 0.0000 0.5651 -0.8250
vn 0.0000 0.6888 -0.7249
vn 0.0000 1.0000 0.0000
vn 0.3637 0.8575 -0.3637
vn 0.0000 0.8575 -0.5144
vn 0.6817 0.5546 0.4772
vn 0.7753 0.5438 0.3211
vn 0.7239 0.6214 0.2998
vn 0.6255 0.6695 0.4005
vn 0.8195 0.5546 0.1446
vn 0.7255 0.6695 0.1591
vn 0.5730 0.7844 0.2373
vn 0.5834 0.5651 0.5834
vn 0.5126 0.6888 0.5126
vn 0.8250 0.5651 0.0000
vn 0.7249 0.6888 0.0000
vn 0.3637 0.8575 0.3637
vn 0.5144 0.8575 0.0000
vn -0.4772 0.5546 0.6817
vn -0.3211 0.5438 0.7753
vn -0.2998 0.6214 0.7239
vn -0.4005 0.6695 0.6255
vn -0.1446 0.5546 0.8195
vn -0.1591 0.6695 0.7255
vn -0.2373 0.7844 0.5730
vn -0.5834 0.5651 0.5834
vn -0.5126 0.6888 0.5126
vn 0.0000 0.5651 0.8250
vn 0.0000 0.6888 0.7249
vn -0.3637 0.8575 0.3637
vn 0.0000 0.8575 0.5144
vn -0.6817 0.5546 -0.4772
vn -0.7753 0.5438 -0.3211
vn -0.7239 0.6214 -0.2998
vn -0.6255 0.6695 -0.4005
vn -0.8195 0.5546 -0.1446
vn -0.7255 0.6695 -0.1591
vn -0.5730 0.7844 -0.2373
vn -0.5834 0.5651 -0.5834
vn -0.5126 0.6888 -0.5126
vn -0.8250 0.5651 0.0000
vn -0.7249 0.6888 0.0000
vn -0.3637 0.8575 -0.3637
vn -0.5144 0.8575 0.0000
vn 0.8195 0.5546 -0.1446
vn 0.7753 0.5438 -0.3211
vn 0.7239 0.6214 -0.2998
vn 0.7255 0.6695 -0.1591
vn 0.6817 0.5546 -0.4772
vn 0.6255 0.6695 -0.4005
vn 0.5730 0.7844 -0.2373
vn 0.1446 0.5546 0.8195
vn 0.3211 0.5438 0.7753
vn 0.2998 0.6214 0.7239
vn 0.1591 0.6695 0.7255
vn 0.4772 0.5546 0.6817
vn 0.4005 0.6695 0.6255
vn 0.2373 0.7844 0.5730
vn -0.8195 0.5546 0.1446
vn -0.7753 0.5438 0.3211
vn -0.7239 0.6214 0.2998
vn -0.7255 0.6695 0.1591
vn -0.6817 0.5546 0.4772
vn -0.6255 0.6695 0.4005
vn -0.5730 0.7844 0.2373
vn -0.1446 0.5546 -0.8195
vn -0.3211 0.5438 -0.7753
vn -0.2998 0.6214 -0.7239
vn -0.1591 0.6695 -0.7255
vn -0.4772 0.5546 -0.6817
vn -0.4005 0.6695 -0.6255
vn -0.2373 0.7844 -0.5730
vn 0.0441 0.9986 -0.0292
vn 0.0489 0.9986 -0.0202
vn 0.0714 0.9970 -0.0295
vn 0.0643 0.9970 -0.0427
vn 0.0519 0.9986 -0.0105
vn 0.0757 0.9970 -0.0153
vn 0.0636 0.9976 -0.0263
vn 0.0573 0.9976 -0.0381
vn 0.0674 0.9976 -0.0136
vn -0.0567 0.9968 0.0567
vn -0.0670 0.9967 0.0446
vn 0.0374 0.9986 -0.0374
vn -0.0746 0.9967 0.0309
vn -0.0789 0.9967 0.0159
vn -0.0802 0.9968 0.0000
vn 0.0529 0.9986 0.0000
vn 0.0772 0.9970 0.0000
vn 0.0687 0.9976 0.0000
vn 0.0052 1.0000 0.0000
vn 0.0052 1.0000 -0.0010
vn 0.0050 1.0000 -0.0021
vn 0.0045 1.0000 -0.0030
vn 0.0486 0.9976 -0.0486
vn 0.0037 1.0000 -0.0037
vn 0.0545 0.9970 -0.0545
vn 0.0292 0.9986 0.0441
vn 0.0202 0.9986 0.0489
vn 0.0295 0.9970 0.0714
vn 0.0427 0.9970 0.0643
vn 0.0105 0.9986 0.0519
vn 0.0153 0.9970 0.0757
vn 0.0263 0.9976 0.0636
vn 0.0381 0.9976 0.0573
vn 0.0136 0.9976 0.0674
vn -0.0567 0.9968 -0.0567
vn -0.0446 0.9967 -0.0670
vn 0.0374 0.9986 0.0374
vn -0.0309 0.9967 -0.0746
vn -0.0159 0.9967 -0.0789
vn 0.0000 0.9968 -0.0802
vn 0.0000 0.9986 0.0529
vn 0.0000 0.9970 0.0772
vn 0.0000 0.9976 0.0687
vn 0.0000 1.0000 0.0052
vn 0.0010 1.0000 0.0052
vn 0.0021 1.0000 0.0050
vn 0.0030 1.0000 0.0045
vn 0.0486 0.9976 0.0486
vn 0.0037 1.0000 0.0037
vn 0.0545 0.9970 0.0545
vn -0.0105 0.9986 0.0519
vn -0.0202 0.9986 0.0489
vn -0.0295 0.9970 0.0714
vn -0.0153 0.9970 0.0757
vn -0.0292 0.9986 0.0441
vn -0.0427 0.9970 0.0643
vn -0.0263 0.9976 0.0636
vn -0.0136 0.9976 0.0674
vn -0.0381 0.9976 0.0573
vn 0.0159 0.9967 -0.0789
vn 0.0309 0.9967 -0.0746
vn 0.0446 0.9967 -0.0670
vn 0.0567 0.9968 -0.0567
vn -0.0374 0.9986 0.0374
vn -0.0545 0.9970 0.0545
vn -0.0486 0.9976 0.0486
vn -0.0037 1.0000 0.0037
vn -0.0030 1.0000 0.0045
vn -0.0021 1.0000 0.0050
vn -0.0010 1.0000 0.0052
vn -0.5321 0.2735 -0.8012
vn -0.3681 0.2734 -0.8887
vn -0.3420 0.4485 -0.8257
vn -0.4944 0.4488 -0.7444
vn -0.1903 0.2735 -0.9428
vn -0.1768 0.4488 -0.8760
vn -0.2033 0.8472 -0.4909
vn -0.2937 0.8475 -0.4422
vn -0.1050 0.8475 -0.5203
vn -0.6850 0.2481 -0.6850
vn -0.5360 0.2479 -0.8070
vn -0.6801 0.2737 -0.6801
vn -0.3707 0.2478 -0.8950
vn -0.1916 0.2479 -0.9496
vn 0.0000 0.2481 -0.9687
vn 0.0000 0.2737 -0.9618
vn 0.0000 0.4491 -0.8934
vn 0.0000 0.8480 -0.5300
vn -0.3748 0.8480 -0.3748
vn -0.6318 0.4491 -0.6318
vn -0.8012 0.2735 0.5321
vn -0.8887 0.2734 0.3681
vn -0.8257 0.4485 0.3420
vn -0.7444 0.4488 0.4944
vn -0.9428 0.2735 0.1903
vn -0.8760 0.4488 0.1768
vn -0.4909 0.8472 0.2033
vn -0.4422 0.8475 0.2937
vn -0.5203 0.8475 0.1050
vn -0.6850 0.2481 0.6850
vn -0.8070 0.2479 0.5360
vn -0.6801 0.2737 0.6801
vn -0.8950 0.2478 0.3707
vn -0.9496 0.2479 0.1916
vn -0.9687 0.2481 0.0000
vn -0.9618 0.2737 0.0000
vn -0.8934 0.4491 0.0000
vn -0.5300 0.8480 0.0000
vn -0.3748 0.8480 0.3748
vn -0.6318 0.4491 0.6318
vn 0.9428 0.2735 0.1903
vn 0.8887 0.2734 0.3681
vn 0.8257 0.4485 0.3420
vn 0.8760 0.4488 0.1768
vn 0.8012 0.2735 0.5321
vn 0.7444 0.4488 0.4944
vn 0.4909 0.8472 0.2033
vn 0.5203 0.8475 0.1050
vn 0.4422 0.8475 0.2937
vn 0.9687 0.2481 0.0000
vn 0.9496 0.2479 0.1916
vn 0.9618 0.2737 0.0000
vn 0.8950 0.2478 0.3707
vn 0.8070 0.2479 0.5360
vn 0.6850 0.2481 0.6850
vn 0.6801 0.2737 0.6801
vn 0.6318 0.4491 0.6318
vn 0.3748 0.8480 0.3748
vn 0.5300 0.8480 0.0000
vn 0.8934 0.4491 0.0000
vn -0.1903 0.2735 0.9428
vn -0.3681 0.2734 0.8887
vn -0.3420 0.4485 0.8257
vn -0.1768 0.4488 0.8760
vn -0.5321 0.2735 0.8012
vn -0.4944 0.4488 0.7444
vn -0.2033 0.8472 0.4909
vn -0.1050 0.8475 0.5203
vn -0.2937 0.8475 0.4422
vn 0.0000 0.2481 0.9687
vn -0.1916 0.2479 0.9496
vn 0.0000 0.2737 0.9618
vn -0.3707 0.2478 0.8950
vn -0.5360 0.2479 0.8070
vn -0.0446 0.9967 0.0670
vn -0.0309 0.9967 0.0746
vn -0.0159 0.9967 0.0789
vn 0.0000 0.8480 0.5300
vn 0.0000 0.9968 0.0802
vn 0.0000 0.4491 0.8934
vn -0.9428 0.2735 -0.1903
vn -0.8887 0.2734 -0.3681
vn -0.8257 0.4485 -0.3420
vn -0.8760 0.4488 -0.1768
vn -0.8012 0.2735 -0.5321
vn -0.7444 0.4488 -0.4944
vn -0.4909 0.8472 -0.2033
vn -0.5203 0.8475 -0.1050
vn -0.4422 0.8475 -0.2937
vn -0.9496 0.2479 -0.1916
vn -0.8950 0.2478 -0.3707
vn -0.8070 0.2479 -0.5360
vn -0.0670 0.9967 -0.0446
vn -0.0746 0.9967 -0.0309
vn -0.0789 0.9967 -0.0159
vn 0.8012 0.2735 -0.5321
vn 0.8887 0.2734 -0.3681
vn 0.8257 0.4485 -0.3420
vn 0.7444 0.4488 -0.4944
vn 0.9428 0.2735 -0.1903
vn 0.8760 0.4488 -0.1768
vn 0.4909 0.8472 -0.2033
vn 0.4422 0.8475 -0.2937
vn 0.5203 0.8475 -0.1050
vn 0.6850 0.2481 -0.6850
vn 0.8070 0.2479 -0.5360
vn 0.6801 0.2737 -0.6801
vn 0.8950 0.2478 -0.3707
vn 0.9496 0.2479 -0.1916
vn 0.0789 0.9967 -0.0159
vn 0.0746 0.9967 -0.0309
vn 0.0670 0.9967 -0.0446
vn 0.3748 0.8480 -0.3748
vn 0.6318 0.4491 -0.6318
vn 0.5321 0.2735 0.8012
vn 0.3681 0.2734 0.8887
vn 0.3420 0.4485 0.8257
vn 0.4944 0.4488 0.7444
vn 0.1903 0.2735 0.9428
vn 0.1768 0.4488 0.8760
vn 0.2033 0.8472 0.4909
vn 0.2937 0.8475 0.4422
vn 0.1050 0.8475 0.5203
vn 0.5360 0.2479 0.8070
vn 0.3707 0.2478 0.8950
vn 0.1916 0.2479 0.9496
vn 0.0159 0.9967 0.0789
vn 0.0309 0.9967 0.0746
vn 0.0446 0.9967 0.0670
vn 0.1903 0.2735 -0.9428
vn 0.3681 0.2734 -0.8887
vn 0.3420 0.4485 -0.8257
vn 0.1768 0.4488 -0.8760
vn 0.5321 0.2735 -0.8012
vn 0.4944 0.4488 -0.7444
vn 0.2033 0.8472 -0.4909
vn 0.1050 0.8475 -0.5203
vn 0.2937 0.8475 -0.4422
vn 0.1916 0.2479 -0.9496
vn 0.3707 0.2478 -0.8950
vn 0.5360 0.2479 -0.8070
vn 0.0000 -0.3475 0.9377
vn -0.3320 -0.4973 0.8015
vn 0.0000 -1.0000 0.0000
vn 0.3320 -0.4973 0.8015
vn -0.6630 -0.3475 0.6630
vn -0.8015 -0.4973 0.3320
vn -0.9377 -0.3475 0.0000
vn -0.8015 -0.4973 -0.3320
vn -0.6630 -0.3475 -0.6630
vn -0.3320 -0.4973 -0.8015
vn 0.0000 -0.3475 -0.9377
vn 0.3320 -0.4973 -0.8015
vn 0.6630 -0.3475 -0.6630
vn 0.8015 -0.4973 -0.3320
vn 0.9377 -0.3475 0.0000
vn 0.8015 -0.4973 0.3320
vn 0.6630 -0.3475 0.6630
vn 0.0000 -0.2640 0.9645
vn -0.1514 -0.2860 0.9462
vn 0.1514 -0.2860 0.9462
vn -0.3646 -0.3038 0.8802
vn 0.3646 -0.3038 0.8802
vn -0.6820 -0.2640 0.6820
vn -0.7761 -0.2860 0.5619
vn -0.5619 -0.2860 0.7761
vn -0.8802 -0.3038 0.3646
vn -0.9645 -0.2640 0.0000
vn -0.9462 -0.2860 -0.1514
vn -0.9462 -0.2860 0.1514
vn -0.8802 -0.3038 -0.3646
vn -0.6820 -0.2640 -0.6820
vn -0.5619 -0.2860 -0.7761
vn -0.7761 -0.2860 -0.5619
vn -0.3646 -0.3038 -0.8802
vn 0.0000 -0.2640 -0.9645
vn 0.1514 -0.2860 -0.9462
vn -0.1514 -0.2860 -0.9462
vn 0.3646 -0.3038 -0.8802
vn 0.6820 -0.2640 -0.6820
vn 0.7761 -0.2860 -0.5619
vn 0.5619 -0.2860 -0.7761
vn 0.8802 -0.3038 -0.3646
vn 0.9645 -0.2640 0.0000
vn 0.9462 -0.2860 0.1514
vn 0.9462 -0.2860 -0.1514
vn 0.8802 -0.3038 0.3646
vn 0.6820 -0.2640 0.6820
vn 0.5619 -0.2860 0.7761
vn 0.7761 -0.2860 0.5619
vn -0.0310 -0.9993 0.0206
vn -0.0345 -0.9993 0.0143
vn -0.1914 -0.9783 0.0793
vn -0.1723 -0.9784 0.1144
vn -0.0365 -0.9993 0.0074
vn -0.2028 -0.9784 0.0409
vn -0.5515 -0.8023 0.2284
vn -0.4969 -0.8026 0.3300
vn -0.5847 -0.8026 0.1180
vn -0.0021 -1.0000 0.0021
vn -0.0025 -1.0000 0.0017
vn -0.0263 -0.9993 0.0263
vn -0.0028 -1.0000 0.0012
vn -0.0030 -1.0000 0.0006
vn -0.0030 -1.0000 0.0000
vn -0.0372 -0.9993 0.0000
vn -0.2064 -0.9785 0.0000
vn -0.5959 -0.8030 0.0000
vn -0.8841 -0.4672 0.0000
vn -0.8668 -0.4668 0.1750
vn -0.8171 -0.4666 0.3385
vn -0.7367 -0.4668 0.4892
vn -0.4213 -0.8030 0.4213
vn -0.6252 -0.4672 0.6252
vn -0.1459 -0.9785 0.1459
vn 0.0074 -0.9993 -0.0365
vn 0.0143 -0.9993 -0.0345
vn 0.0793 -0.9783 -0.1914
vn 0.0409 -0.9784 -0.2028
vn 0.0206 -0.9993 -0.0310
vn 0.1144 -0.9784 -0.1723
vn 0.2284 -0.8023 -0.5515
vn 0.1180 -0.8026 -0.5847
vn 0.3300 -0.8026 -0.4969
vn 0.0000 -1.0000 -0.0030
vn 0.0006 -1.0000 -0.0030
vn 0.0000 -0.9993 -0.0372
vn 0.0012 -1.0000 -0.0028
vn 0.0017 -1.0000 -0.0025
vn 0.0021 -1.0000 -0.0021
vn 0.0263 -0.9993 -0.0263
vn 0.1459 -0.9785 -0.1459
vn 0.4213 -0.8030 -0.4213
vn 0.6252 -0.4672 -0.6252
vn 0.4892 -0.4668 -0.7367
vn 0.3385 -0.4666 -0.8171
vn 0.1750 -0.4668 -0.8668
vn 0.0000 -0.8030 -0.5959
vn 0.0000 -0.4672 -0.8841
vn 0.0000 -0.9785 -0.2064
vn -0.0365 -0.9993 -0.0074
vn -0.0345 -0.9993 -0.0143
vn -0.1914 -0.9783 -0.0793
vn -0.2028 -0.9784 -0.0409
vn -0.0310 -0.9993 -0.0206
vn -0.1723 -0.9784 -0.1144
vn -0.5515 -0.8023 -0.2284
vn -0.5847 -0.8026 -0.1180
vn -0.4969 -0.8026 -0.3300
vn -0.0030 -1.0000 -0.0006
vn -0.0028 -1.0000 -0.0012
vn -0.0025 -1.0000 -0.0017
vn -0.0021 -1.0000 -0.0021
vn -0.0263 -0.9993 -0.0263
vn -0.1459 -0.9785 -0.1459
vn -0.4213 -0.8030 -0.4213
vn -0.6252 -0.4672 -0.6252
vn -0.7367 -0.4668 -0.4892
vn -0.8171 -0.4666 -0.3385
vn -0.8668 -0.4668 -0.1750
vn 0.0365 -0.9993 0.0074
vn 0.0345 -0.9993 0.0143
vn 0.1914 -0.9783 0.0793
vn 0.2028 -0.9784 0.0409
vn 0.0310 -0.9993 0.0206
vn 0.1723 -0.9784 0.1144
vn 0.5515 -0.8023 0.2284
vn 0.5847 -0.8026 0.1180
vn 0.4969 -0.8026 0.3300
vn 0.0030 -1.0000 0.0000
vn 0.0030 -1.0000 0.0006
vn 0.0372 -0.9993 0.0000
vn 0.0028 -1.0000 0.0012
vn 0.0025 -1.0000 0.0017
vn 0.0021 -1.0000 0.0021
vn 0.0263 -0.9993 0.0263
vn 0.1459 -0.9785 0.1459
vn 0.4213 -0.8030 0.4213
vn 0.6252 -0.4672 0.6252
vn 0.7367 -0.4668 0.4892
vn 0.8171 -0.4666 0.3385
vn 0.8668 -0.4668 0.1750
vn 0.5959 -0.8030 0.0000
vn 0.8841 -0.4672 0.0000
vn 0.2064 -0.9785 0.0000
vn -0.0074 -0.9993 0.0365
vn -0.0143 -0.9993 0.0345
vn -0.0793 -0.9783 0.1914
vn -0.0409 -0.9784 0.2028
vn -0.0206 -0.9993 0.0310
vn -0.1144 -0.9784 0.1723
vn -0.2284 -0.8023 0.5515
vn -0.1180 -0.8026 0.5847
vn -0.3300 -0.8026 0.4969
vn 0.0000 -1.0000 0.0030
vn -0.0006 -1.0000 0.0030
vn 0.0000 -0.9993 0.0372
vn -0.0012 -1.0000 0.0028
vn -0.0017 -1.0000 0.0025
vn -0.4892 -0.4668 0.7367
vn -0.3385 -0.4666 0.8171
vn -0.1750 -0.4668 0.8668
vn 0.0000 -0.8030 0.5959
vn 0.0000 -0.4672 0.8841
vn 0.0000 -0.9785 0.2064
vn -0.0206 -0.9993 -0.0310
vn -0.0143 -0.9993 -0.0345
vn -0.0793 -0.9783 -0.1914
vn -0.1144 -0.9784 -0.1723
vn -0.0074 -0.9993 -0.0365
vn -0.0409 -0.9784 -0.2028
vn -0.2284 -0.8023 -0.5515
vn -0.3300 -0.8026 -0.4969
vn -0.1180 -0.8026 -0.5847
vn -0.0017 -1.0000 -0.0025
vn -0.0012 -1.0000 -0.0028
vn -0.0006 -1.0000 -0.0030
vn -0.1750 -0.4668 -0.8668
vn -0.3385 -0.4666 -0.8171
vn -0.4892 -0.4668 -0.7367
vn 0.0310 -0.9993 -0.0206
vn 0.0345 -0.9993 -0.0143
vn 0.1914 -0.9783 -0.0793
vn 0.1723 -0.9784 -0.1144
vn 0.0365 -0.9993 -0.0074
vn 0.2028 -0.9784 -0.0409
vn 0.5515 -0.8023 -0.2284
vn 0.4969 -0.8026 -0.3300
vn 0.5847 -0.8026 -0.1180
vn 0.0025 -1.0000 -0.0017
vn 0.0028 -1.0000 -0.0012
vn 0.0030 -1.0000 -0.0006
vn 0.8668 -0.4668 -0.1750
vn 0.8171 -0.4666 -0.3385
vn 0.7367 -0.4668 -0.4892
vn 0.0105 0.9986 -0.0519
vn 0.0202 0.9986 -0.0489
vn 0.0295 0.9970 -0.0714
vn 0.0153 0.9970 -0.0757
vn 0.0292 0.9986 -0.0441
vn 0.0427 0.9970 -0.0643
vn 0.0263 0.9976 -0.0636
vn 0.0136 0.9976 -0.0674
vn 0.0381 0.9976 -0.0573
vn 0.0000 0.9986 -0.0529
vn 0.0030 1.0000 -0.0045
vn 0.0021 1.0000 -0.0050
vn 0.0010 1.0000 -0.0052
vn 0.0000 0.9976 -0.0687
vn 0.0000 1.0000 -0.0052
vn 0.0000 0.9970 -0.0772
vn 0.0519 0.9986 0.0105
vn 0.0489 0.9986 0.0202
vn 0.0714 0.9970 0.0295
vn 0.0757 0.9970 0.0153
vn 0.0441 0.9986 0.0292
vn 0.0643 0.9970 0.0427
vn 0.0636 0.9976 0.0263
vn 0.0674 0.9976 0.0136
vn 0.0573 0.9976 0.0381
vn 0.0045 1.0000 0.0030
vn 0.0050 1.0000 0.0021
vn 0.0052 1.0000 0.0010
vn -0.0441 0.9986 0.0292
vn -0.0489 0.9986 0.0202
vn -0.0714 0.9970 0.0295
vn -0.0643 0.9970 0.0427
vn -0.0519 0.9986 0.0105
vn -0.0757 0.9970 0.0153
vn -0.0636 0.9976 0.0263
vn -0.0573 0.9976 0.0381
vn -0.0674 0.9976 0.0136
vn -0.0052 1.0000 0.0010
vn -0.0050 1.0000 0.0021
vn -0.0045 1.0000 0.0030
vn -0.0292 0.9986 -0.0441
vn -0.0202 0.9986 -0.0489
vn -0.0295 0.9970 -0.0714
vn -0.0427 0.9970 -0.0643
vn -0.0105 0.9986 -0.0519
vn -0.0153 0.9970 -0.0757
vn -0.0263 0.9976 -0.0636
vn -0.0381 0.9976 -0.0573
vn -0.0136 0.9976 -0.0674
vn -0.0010 1.0000 -0.0052
vn -0.0021 1.0000 -0.0050
vn -0.0030 1.0000 -0.0045
vn -0.5532 0.0000 -0.8330
vn -0.3827 0.0000 -0.9239
vn -0.1978 0.0000 -0.9802
vn -0.7070 0.0194 -0.7070
vn -0.5531 0.0194 -0.8329
vn -0.7071 0.0000 -0.7071
vn -0.3826 0.0194 -0.9237
vn -0.1978 0.0194 -0.9800
vn 0.0000 0.0194 -0.9998
vn 0.0000 0.0000 -1.0000
vn 0.0000 -0.0266 -0.9996
vn -0.1977 -0.0265 -0.9799
vn -0.3825 -0.0265 -0.9236
vn -0.5530 -0.0265 -0.8327
vn -0.7068 -0.0266 -0.7068
vn -0.5267 -0.3059 -0.7931
vn -0.3643 -0.3059 -0.8796
vn -0.2302 -0.7989 -0.5557
vn -0.3328 -0.7988 -0.5012
vn -0.1883 -0.3059 -0.9332
vn -0.1190 -0.7988 -0.5897
vn -0.0629 -0.9864 -0.1519
vn -0.0909 -0.9864 -0.1370
vn -0.0325 -0.9864 -0.1612
vn -0.6732 -0.3059 -0.6732
vn 0.0000 -0.3059 -0.9520
vn 0.0000 -0.7985 -0.6019
vn 0.0000 -0.9864 -0.1646
vn 0.0000 -0.9993 -0.0365
vn -0.0072 -0.9993 -0.0357
vn -0.0139 -0.9993 -0.0337
vn -0.0202 -0.9993 -0.0304
vn -0.1164 -0.9864 -0.1164
vn -0.0258 -0.9993 -0.0258
vn -0.4256 -0.7985 -0.4256
vn -0.7931 -0.3059 0.5267
vn -0.8796 -0.3059 0.3643
vn -0.5557 -0.7989 0.2302
vn -0.5012 -0.7988 0.3328
vn -0.9332 -0.3059 0.1883
vn -0.5897 -0.7988 0.1190
vn -0.1519 -0.9864 0.0629
vn -0.1370 -0.9864 0.0909
vn -0.1612 -0.9864 0.0325
vn -0.7068 -0.0266 0.7068
vn -0.8327 -0.0265 0.5530
vn -0.6732 -0.3059 0.6732
vn -0.9236 -0.0265 0.3825
vn -0.9799 -0.0265 0.1977
vn -0.9996 -0.0266 0.0000
vn -0.9520 -0.3059 0.0000
vn -0.6019 -0.7985 0.0000
vn -0.1646 -0.9864 0.0000
vn -0.0365 -0.9993 0.0000
vn -0.0357 -0.9993 0.0072
vn -0.0337 -0.9993 0.0139
vn -0.0304 -0.9993 0.0202
vn -0.1164 -0.9864 0.1164
vn -0.0258 -0.9993 0.0258
vn -0.4256 -0.7985 0.4256
vn 0.9332 -0.3059 0.1883
vn 0.8796 -0.3059 0.3643
vn 0.5557 -0.7989 0.2302
vn 0.5897 -0.7988 0.1190
vn 0.7931 -0.3059 0.5267
vn 0.5012 -0.7988 0.3328
vn 0.1519 -0.9864 0.0629
vn 0.1612 -0.9864 0.0325
vn 0.1370 -0.9864 0.0909
vn 0.9996 -0.0266 0.0000
vn 0.9799 -0.0265 0.1977
vn 0.9520 -0.3059 0.0000
vn 0.9236 -0.0265 0.3825
vn 0.8327 -0.0265 0.5530
vn 0.7068 -0.0266 0.7068
vn 0.6732 -0.3059 0.6732
vn 0.4256 -0.7985 0.4256
vn 0.1164 -0.9864 0.1164
vn 0.0258 -0.9993 0.0258
vn 0.0304 -0.9993 0.0202
vn 0.0337 -0.9993 0.0139
vn 0.0357 -0.9993 0.0072
vn 0.1646 -0.9864 0.0000
vn 0.0365 -0.9993 0.0000
vn 0.6019 -0.7985 0.0000
vn -0.1883 -0.3059 0.9332
vn -0.3643 -0.3059 0.8796
vn -0.2302 -0.7989 0.5557
vn -0.1190 -0.7988 0.5897
vn -0.5267 -0.3059 0.7931
vn -0.3328 -0.7988 0.5012
vn -0.0629 -0.9864 0.1519
vn -0.0325 -0.9864 0.1612
vn -0.0909 -0.9864 0.1370
vn 0.0000 -0.0266 0.9996
vn -0.1977 -0.0265 0.9799
vn 0.0000 -0.3059 0.9520
vn -0.3825 -0.0265 0.9236
vn -0.5530 -0.0265 0.8327
vn -0.0202 -0.9993 0.0304
vn -0.0139 -0.9993 0.0337
vn -0.0072 -0.9993 0.0357
vn 0.0000 -0.9864 0.1646
vn 0.0000 -0.9993 0.0365
vn 0.0000 -0.7985 0.6019
vn -0.9332 -0.3059 -0.1883
vn -0.8796 -0.3059 -0.3643
vn -0.5557 -0.7989 -0.2302
vn -0.5897 -0.7988 -0.1190
vn -0.7931 -0.3059 -0.5267
vn -0.5012 -0.7988 -0.3328
vn -0.1519 -0.9864 -0.0629
vn -0.1612 -0.9864 -0.0325
vn -0.1370 -0.9864 -0.0909
vn -0.9799 -0.0265 -0.1977
vn -0.9236 -0.0265 -0.3825
vn -0.8327 -0.0265 -0.5530
vn -0.0304 -0.9993 -0.0202
vn -0.0337 -0.9993 -0.0139
vn -0.0357 -0.9993 -0.0072
vn 0.7931 -0.3059 -0.5267
vn 0.8796 -0.3059 -0.3643
vn 0.5557 -0.7989 -0.2302
vn 0.5012 -0.7988 -0.3328
vn 0.9332 -0.3059 -0.1883
vn 0.5897 -0.7988 -0.1190
vn 0.1519 -0.9864 -0.0629
vn 0.1370 -0.9864 -0.0909
vn 0.1612 -0.9864 -0.0325
vn 0.7068 -0.0266 -0.7068
vn 0.8327 -0.0265 -0.5530
vn 0.6732 -0.3059 -0.6732
vn 0.9236 -0.0265 -0.3825
vn 0.9799 -0.0265 -0.1977
vn 0.0357 -0.9993 -0.0072
vn 0.0337 -0.9993 -0.0139
vn 0.0304 -0.9993 -0.0202
vn 0.1164 -0.9864 -0.1164
vn 0.0258 -0.9993 -0.0258
vn 0.4256 -0.7985 -0.4256
vn 0.5267 -0.3059 0.7931
vn 0.3643 -0.3059 0.8796
vn 0.2302 -0.7989 0.5557
vn 0.3328 -0.7988 0.5012
vn 0.1883 -0.3059 0.9332
vn 0.1190 -0.7988 0.5897
vn 0.0629 -0.9864 0.1519
vn 0.0909 -0.9864 0.1370
vn 0.0325 -0.9864 0.1612
vn 0.5530 -0.0265 0.8327
vn 0.3825 -0.0265 0.9236
vn 0.1977 -0.0265 0.9799
vn 0.0072 -0.9993 0.0357
vn 0.0139 -0.9993 0.0337
vn 0.0202 -0.9993 0.0304
vn 0.1883 -0.3059 -0.9332
vn 0.3643 -0.3059 -0.8796
vn 0.2302 -0.7989 -0.5557
vn 0.1190 -0.7988 -0.5897
vn 0.5267 -0.3059 -0.7931
vn 0.3328 -0.7988 -0.5012
vn 0.0629 -0.9864 -0.1519
vn 0.0325 -0.9864 -0.1612
vn 0.0909 -0.9864 -0.1370
vn 0.1977 -0.0265 -0.9799
vn 0.3825 -0.0265 -0.9236
vn 0.5530 -0.0265 -0.8327
vn 0.0202 -0.9993 -0.0304
vn 0.0139 -0.9993 -0.0337
vn 0.0072 -0.9993 -0.0357
vn -0.8330 0.0000 0.5532
vn -0.9239 0.0000 0.3827
vn -0.9802 0.0000 0.1978
vn -0.7070 0.0194 0.7070
vn -0.8329 0.0194 0.5531
vn -0.7071 0.0000 0.7071
vn -0.9237 0.0194 0.3826
vn -0.9800 0.0194 0.1978
vn -0.9998 0.0194 0.0000
vn -1.0000 0.0000 0.0000
vn 0.9802 0.0000 0.1978
vn 0.9239 0.0000 0.3827
vn 0.8330 0.0000 0.5532
vn 0.9998 0.0194 0.0000
vn 0.9800 0.0194 0.1978
vn 1.0000 0.0000 0.0000
vn 0.9237 0.0194 0.3826
vn 0.8329 0.0194 0.5531
vn 0.7070 0.0194 0.7070
vn 0.7071 0.0000 0.7071
vn -0.1978 0.0000 0.9802
vn -0.3827 0.0000 0.9239
vn -0.5532 0.0000 0.8330
vn 0.0000 0.0194 0.9998
vn -0.1978 0.0194 0.9800
vn 0.0000 0.0000 1.0000
vn -0.3826 0.0194 0.9237
vn -0.5531 0.0194 0.8329
vn -0.9802 0.0000 -0.1978
vn -0.9239 0.0000 -0.3827
vn -0.8330 0.0000 -0.5532
vn -0.9800 0.0194 -0.1978
vn -0.9237 0.0194 -0.3826
vn -0.8329 0.0194 -0.5531
vn 0.8330 0.0000 -0.5532
vn 0.9239 0.0000 -0.3827
vn 0.9802 0.0000 -0.1978
vn 0.7070 0.0194 -0.7070
vn 0.8329 0.0194 -0.5531
vn 0.7071 0.0000 -0.7071
vn 0.9237 0.0194 -0.3826
vn 0.9800 0.0194 -0.1978
vn 0.5532 0.0000 0.8330
vn 0.3827 0.0000 0.9239
vn 0.1978 0.0000 0.9802
vn 0.5531 0.0194 0.8329
vn 0.3826 0.0194 0.9237
vn 0.1978 0.0194 0.9800
vn 0.1978 0.0000 -0.9802
vn 0.3827 0.0000 -0.9239
vn 0.5532 0.0000 -0.8330
vn 0.1978 0.0194 -0.9800
vn 0.3826 0.0194 -0.9237
vn 0.5531 0.0194 -0.8329
vn 0.0458 0.9728 -0.2271
vn 0.0886 0.9728 -0.2139
vn 0.2744 0.6971 -0.6624
vn 0.1419 0.6970 -0.7029
vn 0.1281 0.9728 -0.1930
vn 0.3967 0.6970 -0.5973
vn 0.3734 0.2190 -0.9014
vn 0.1930 0.2191 -0.9564
vn 0.5398 0.2191 -0.8127
vn 0.0000 0.9727 -0.2319
vn 0.1639 0.9727 -0.1639
vn 0.5072 0.6968 -0.5072
vn 0.6899 0.2191 -0.6899
vn 0.0000 0.2191 -0.9757
vn 0.0000 0.6968 -0.7173
vn 0.1281 0.9728 0.1930
vn 0.0886 0.9728 0.2139
vn 0.2744 0.6971 0.6624
vn 0.3967 0.6970 0.5973
vn 0.0458 0.9728 0.2271
vn 0.1419 0.6970 0.7029
vn 0.3734 0.2190 0.9014
vn 0.5398 0.2191 0.8127
vn 0.1930 0.2191 0.9564
vn 0.1639 0.9727 0.1639
vn 0.0000 0.9727 0.2319
vn 0.0000 0.6968 0.7173
vn 0.0000 0.2191 0.9757
vn 0.6899 0.2191 0.6899
vn 0.5072 0.6968 0.5072
vn 0.1930 0.9728 -0.1281
vn 0.2139 0.9728 -0.0886
vn 0.6624 0.6971 -0.2744
vn 0.5973 0.6970 -0.3967
vn 0.2271 0.9728 -0.0458
vn 0.7029 0.6970 -0.1419
vn 0.9014 0.2190 -0.3734
vn 0.8127 0.2191 -0.5398
vn 0.9564 0.2191 -0.1930
vn 0.2319 0.9727 0.0000
vn 0.7173 0.6968 0.0000
vn 0.9757 0.2191 0.0000
vn -0.2271 0.9728 -0.0458
vn -0.2139 0.9728 -0.0886
vn -0.6624 0.6971 -0.2744
vn -0.7029 0.6970 -0.1419
vn -0.1930 0.9728 -0.1281
vn -0.5973 0.6970 -0.3967
vn -0.9014 0.2190 -0.3734
vn -0.9564 0.2191 -0.1930
vn -0.8127 0.2191 -0.5398
vn -0.2319 0.9727 0.0000
vn -0.1639 0.9727 -0.1639
vn -0.5072 0.6968 -0.5072
vn -0.6899 0.2191 -0.6899
vn -0.9757 0.2191 0.0000
vn -0.7173 0.6968 0.0000
vn -0.0458 0.9728 0.2271
vn -0.0886 0.9728 0.2139
vn -0.2744 0.6971 0.6624
vn -0.1419 0.6970 0.7029
vn -0.1281 0.9728 0.1930
vn -0.3967 0.6970 0.5973
vn -0.3734 0.2190 0.9014
vn -0.1930 0.2191 0.9564
vn -0.5398 0.2191 0.8127
vn -0.1639 0.9727 0.1639
vn -0.5072 0.6968 0.5072
vn -0.6899 0.2191 0.6899
vn 0.2271 0.9728 0.0458
vn 0.2139 0.9728 0.0886
vn 0.6624 0.6971 0.2744
vn 0.7029 0.6970 0.1419
vn 0.1930 0.9728 0.1281
vn 0.5973 0.6970 0.3967
vn 0.9014 0.2190 0.3734
vn 0.9564 0.2191 0.1930
vn 0.8127 0.2191 0.5398
vn -0.1930 0.9728 0.1281
vn -0.2139 0.9728 0.0886
vn -0.6624 0.6971 0.2744
vn -0.5973 0.6970 0.3967
vn -0.2271 0.9728 0.0458
vn -0.7029 0.6970 0.1419
vn -0.9014 0.2190 0.3734
vn -0.8127 0.2191 0.5398
vn -0.9564 0.2191 0.1930
vn -0.1281 0.9728 -0.1930
vn -0.0886 0.9728 -0.2139
vn -0.2744 0.6971 -0.6624
vn -0.3967 0.6970 -0.5973
vn -0.0458 0.9728 -0.2271
vn -0.1419 0.6970 -0.7029
vn -0.3734 0.2190 -0.9014
vn -0.5398 0.2191 -0.8127
vn -0.1930 0.2191 -0.9564
vn 0.1914 0.2528 -0.9484
vn 0.3703 0.2527 -0.8939
vn 0.3703 0.2517 -0.8941
vn 0.1914 0.2518 -0.9486
vn 0.5353 0.2528 -0.8059
vn 0.5354 0.2518 -0.8061
vn 0.3706 0.2497 -0.8946
vn 0.1915 0.2498 -0.9491
vn 0.5357 0.2498 -0.8066
vn 0.0000 0.2529 -0.9675
vn 0.6841 0.2529 -0.6841
vn 0.6843 0.2520 -0.6843
vn 0.6847 0.2500 -0.6847
vn 0.0000 0.2500 -0.9682
vn 0.0000 0.2520 -0.9677
vn 0.5353 0.2528 0.8059
vn 0.3703 0.2527 0.8939
vn 0.3703 0.2517 0.8941
vn 0.5354 0.2518 0.8061
vn 0.1914 0.2528 0.9484
vn 0.1914 0.2518 0.9486
vn 0.3706 0.2497 0.8946
vn 0.5357 0.2498 0.8066
vn 0.1915 0.2498 0.9491
vn 0.6841 0.2529 0.6841
vn 0.0000 0.2529 0.9675
vn 0.0000 0.2520 0.9677
vn 0.0000 0.2500 0.9682
vn 0.6847 0.2500 0.6847
vn 0.6843 0.2520 0.6843
vn 0.8059 0.2528 -0.5353
vn 0.8939 0.2527 -0.3703
vn 0.8941 0.2517 -0.3703
vn 0.8061 0.2518 -0.5354
vn 0.9484 0.2528 -0.1914
vn 0.9486 0.2518 -0.1914
vn 0.8946 0.2497 -0.3706
vn 0.8066 0.2498 -0.5357
vn 0.9491 0.2498 -0.1915
vn 0.9675 0.2529 0.0000
vn 0.9677 0.2520 0.0000
vn 0.9682 0.2500 0.0000
vn -0.9484 0.2528 -0.1914
vn -0.8939 0.2527 -0.3703
vn -0.8941 0.2517 -0.3703
vn -0.9486 0.2518 -0.1914
vn -0.8059 0.2528 -0.5353
vn -0.8061 0.2518 -0.5354
vn -0.8946 0.2497 -0.3706
vn -0.9491 0.2498 -0.1915
vn -0.8066 0.2498 -0.5357
vn -0.9675 0.2529 0.0000
vn -0.6841 0.2529 -0.6841
vn -0.6843 0.2520 -0.6843
vn -0.6847 0.2500 -0.6847
vn -0.9682 0.2500 0.0000
vn -0.9677 0.2520 0.0000
vn -0.1914 0.2528 0.9484
vn -0.3703 0.2527 0.8939
vn -0.3703 0.2517 0.8941
vn -0.1914 0.2518 0.9486
vn -0.5353 0.2528 0.8059
vn -0.5354 0.2518 0.8061
vn -0.3706 0.2497 0.8946
vn -0.1915 0.2498 0.9491
vn -0.5357 0.2498 0.8066
vn -0.6841 0.2529 0.6841
vn -0.6843 0.2520 0.6843
vn -0.6847 0.2500 0.6847
vn 0.9484 0.2528 0.1914
vn 0.8939 0.2527 0.3703
vn 0.8941 0.2517 0.3703
vn 0.9486 0.2518 0.1914
vn 0.8059 0.2528 0.5353
vn 0.8061 0.2518 0.5354
vn 0.8946 0.2497 0.3706
vn 0.9491 0.2498 0.1915
vn 0.8066 0.2498 0.5357
vn -0.8059 0.2528 0.5353
vn -0.8939 0.2527 0.3703
vn -0.8941 0.2517 0.3703
vn -0.8061 0.2518 0.5354
vn -0.9484 0.2528 0.1914
vn -0.9486 0.2518 0.1914
vn -0.8946 0.2497 0.3706
vn -0.8066 0.2498 0.5357
vn -0.9491 0.2498 0.1915
vn -0.5353 0.2528 -0.8059
vn -0.3703 0.2527 -0.8939
vn -0.3703 0.2517 -0.8941
vn -0.5354 0.2518 -0.8061
vn -0.1914 0.2528 -0.9484
vn -0.1914 0.2518 -0.9486
vn -0.3706 0.2497 -0.8946
vn -0.5357 0.2498 -0.8066
vn -0.1915 0.2498 -0.9491
vn 0.9517 -0.2389 0.1930
vn 0.8971 -0.2390 0.3716
vn 0.8957 -0.2448 0.3710
vn 0.9497 -0.2440 0.1962
vn 0.8094 -0.2389 0.5364
vn 0.8103 -0.2440 0.5328
vn 0.8923 -0.2590 0.3696
vn 0.9451 -0.2552 0.2042
vn 0.8126 -0.2552 0.5239
vn 0.9714 -0.2373 0.0000
vn 0.9522 -0.2372 0.1923
vn 0.9710 -0.2388 0.0000
vn 0.8975 -0.2371 0.3717
vn 0.8093 -0.2372 0.5374
vn 0.6869 -0.2373 0.6869
vn 0.6866 -0.2388 0.6866
vn 0.6858 -0.2434 0.6858
vn 0.6843 -0.2517 0.6843
vn 0.9678 -0.2517 0.0000
vn 0.9699 -0.2434 0.0000
vn 0.0206 -0.9993 0.0310
vn 0.0143 -0.9993 0.0345
vn 0.0793 -0.9783 0.1914
vn 0.1144 -0.9784 0.1723
vn 0.0074 -0.9993 0.0365
vn 0.0409 -0.9784 0.2028
vn 0.2284 -0.8023 0.5515
vn 0.3300 -0.8026 0.4969
vn 0.1180 -0.8026 0.5847
vn 0.0017 -1.0000 0.0025
vn 0.0012 -1.0000 0.0028
vn 0.0006 -1.0000 0.0030
vn 0.1750 -0.4668 0.8668
vn 0.3385 -0.4666 0.8171
vn 0.4892 -0.4668 0.7367
vn 0.1930 -0.2389 -0.9516
vn 0.3716 -0.2390 -0.8971
vn 0.3710 -0.2448 -0.8957
vn 0.1962 -0.2440 -0.9497
vn 0.5364 -0.2389 -0.8094
vn 0.5328 -0.2440 -0.8103
vn 0.3696 -0.2590 -0.8923
vn 0.2042 -0.2552 -0.9451
vn 0.5239 -0.2552 -0.8126
vn 0.0000 -0.2373 -0.9714
vn 0.1923 -0.2372 -0.9522
vn 0.0000 -0.2388 -0.9710
vn 0.3717 -0.2371 -0.8975
vn 0.5374 -0.2372 -0.8093
vn 0.6869 -0.2373 -0.6869
vn 0.6866 -0.2388 -0.6866
vn 0.6858 -0.2434 -0.6858
vn 0.6843 -0.2517 -0.6843
vn 0.0000 -0.2517 -0.9678
vn 0.0000 -0.2434 -0.9699
vn -0.9517 -0.2389 -0.1930
vn -0.8971 -0.2390 -0.3716
vn -0.8957 -0.2448 -0.3710
vn -0.9497 -0.2440 -0.1962
vn -0.8094 -0.2389 -0.5364
vn -0.8103 -0.2440 -0.5328
vn -0.8923 -0.2590 -0.3696
vn -0.9451 -0.2552 -0.2042
vn -0.8126 -0.2552 -0.5239
vn -0.9714 -0.2373 0.0000
vn -0.9522 -0.2372 -0.1923
vn -0.9710 -0.2388 0.0000
vn -0.8975 -0.2371 -0.3717
vn -0.8093 -0.2372 -0.5374
vn -0.6869 -0.2373 -0.6869
vn -0.6866 -0.2388 -0.6866
vn -0.6858 -0.2434 -0.6858
vn -0.6843 -0.2517 -0.6843
vn -0.9678 -0.2517 0.0000
vn -0.9699 -0.2434 0.0000
vn -0.1930 -0.2389 0.9516
vn -0.3716 -0.2390 0.8971
vn -0.3710 -0.2448 0.8957
vn -0.1962 -0.2440 0.9497
vn -0.5364 -0.2389 0.8094
vn -0.5328 -0.2440 0.8103
vn -0.3696 -0.2590 0.8923
vn -0.2042 -0.2552 0.9451
vn -0.5239 -0.2552 0.8126
vn 0.0000 -0.2373 0.9714
vn -0.1923 -0.2372 0.9522
vn 0.0000 -0.2388 0.9710
vn -0.3717 -0.2371 0.8975
vn -0.5374 -0.2372 0.8093
vn -0.6869 -0.2373 0.6869
vn -0.6866 -0.2388 0.6866
vn -0.6858 -0.2434 0.6858
vn -0.6843 -0.2517 0.6843
vn 0.0000 -0.2517 0.9678
vn 0.0000 -0.2434 0.9699
vn 0.8094 -0.2389 -0.5364
vn 0.8971 -0.2390 -0.3716
vn 0.8957 -0.2448 -0.3710
vn 0.8103 -0.2440 -0.5328
vn 0.9516 -0.2389 -0.1930
vn 0.9497 -0.2440 -0.1962
vn 0.8923 -0.2590 -0.3696
vn 0.8126 -0.2552 -0.5239
vn 0.9451 -0.2552 -0.2042
vn 0.8093 -0.2372 -0.5374
vn 0.8975 -0.2371 -0.3717
vn 0.9522 -0.2372 -0.1923
vn -0.5364 -0.2389 -0.8094
vn -0.3716 -0.2390 -0.8971
vn -0.3710 -0.2448 -0.8957
vn -0.5328 -0.2440 -0.8103
vn -0.1930 -0.2389 -0.9516
vn -0.1962 -0.2440 -0.9497
vn -0.3696 -0.2590 -0.8923
vn -0.5239 -0.2552 -0.8126
vn -0.2042 -0.2552 -0.9451
vn -0.5374 -0.2372 -0.8093
vn -0.3717 -0.2371 -0.8975
vn -0.1923 -0.2372 -0.9522
vn -0.8094 -0.2389 0.5364
vn -0.8971 -0.2390 0.3716
vn -0.8957 -0.2448 0.3710
vn -0.8103 -0.2440 0.5328
vn -0.9517 -0.2389 0.1930
vn -0.9497 -0.2440 0.1962
vn -0.8923 -0.2590 0.3696
vn -0.8126 -0.2552 0.5239
vn -0.9451 -0.2552 0.2042
vn -0.8093 -0.2372 0.5374
vn -0.8975 -0.2371 0.3717
vn -0.9522 -0.2372 0.1923
vn 0.5364 -0.2389 0.8094
vn 0.3716 -0.2390 0.8971
vn 0.3710 -0.2448 0.8957
vn 0.5328 -0.2440 0.8103
vn 0.1930 -0.2389 0.9516
vn 0.1962 -0.2440 0.9497
vn 0.3696 -0.2590 0.8923
vn 0.5239 -0.2552 0.8126
vn 0.2042 -0.2552 0.9451
vn 0.5374 -0.2372 0.8093
vn 0.3717 -0.2371 0.8975
vn 0.1923 -0.2372 0.9522
vn -0.0066 -0.9999 -0.0099
vn -0.0046 -0.9999 -0.0110
vn -0.0017 -1.0000 -0.0042
vn -0.0025 -1.0000 -0.0038
vn -0.0023 -0.9999 -0.0117
vn -0.0009 -1.0000 -0.0045
vn -0.0004 -1.0000 -0.0010
vn -0.0006 -1.0000 -0.0009
vn -0.0002 -1.0000 -0.0011
vn -0.0085 -0.9999 -0.0085
vn 0.0000 -0.9999 -0.0120
vn 0.0000 -1.0000 -0.0046
vn 0.0000 -1.0000 -0.0011
vn -0.0008 -1.0000 -0.0008
vn -0.0032 -1.0000 -0.0032
vn -0.0099 -0.9999 0.0066
vn -0.0110 -0.9999 0.0046
vn -0.0042 -1.0000 0.0017
vn -0.0038 -1.0000 0.0025
vn -0.0117 -0.9999 0.0023
vn -0.0045 -1.0000 0.0009
vn -0.0010 -1.0000 0.0004
vn -0.0009 -1.0000 0.0006
vn -0.0011 -1.0000 0.0002
vn -0.0085 -0.9999 0.0085
vn -0.0120 -0.9999 0.0000
vn -0.0046 -1.0000 0.0000
vn -0.0011 -1.0000 0.0000
vn -0.0008 -1.0000 0.0008
vn -0.0032 -1.0000 0.0032
vn 0.0066 -0.9999 0.0099
vn 0.0046 -0.9999 0.0110
vn 0.0017 -1.0000 0.0042
vn 0.0025 -1.0000 0.0038
vn 0.0023 -0.9999 0.0117
vn 0.0009 -1.0000 0.0045
vn 0.0004 -1.0000 0.0010
vn 0.0006 -1.0000 0.0009
vn 0.0002 -1.0000 0.0011
vn 0.0085 -0.9999 0.0085
vn 0.0000 -0.9999 0.0120
vn 0.0000 -1.0000 0.0046
vn 0.0000 -1.0000 0.0011
vn 0.0008 -1.0000 0.0008
vn 0.0032 -1.0000 0.0032
vn 0.0023 -0.9999 -0.0117
vn 0.0046 -0.9999 -0.0110
vn 0.0017 -1.0000 -0.0042
vn 0.0009 -1.0000 -0.0045
vn 0.0066 -0.9999 -0.0099
vn 0.0025 -1.0000 -0.0038
vn 0.0004 -1.0000 -0.0010
vn 0.0002 -1.0000 -0.0011
vn 0.0006 -1.0000 -0.0009
vn 0.0085 -0.9999 -0.0085
vn 0.0032 -1.0000 -0.0032
vn 0.0008 -1.0000 -0.0008
vn -0.0117 -0.9999 -0.0023
vn -0.0110 -0.9999 -0.0046
vn -0.0042 -1.0000 -0.0017
vn -0.0045 -1.0000 -0.0009
vn -0.0099 -0.9999 -0.0066
vn -0.0038 -1.0000 -0.0025
vn -0.0010 -1.0000 -0.0004
vn -0.0011 -1.0000 -0.0002
vn -0.0009 -1.0000 -0.0006
vn 0.0117 -0.9999 0.0023
vn 0.0110 -0.9999 0.0046
vn 0.0042 -1.0000 0.0017
vn 0.0045 -1.0000 0.0009
vn 0.0099 -0.9999 0.0066
vn 0.0038 -1.0000 0.0025
vn 0.0010 -1.0000 0.0004
vn 0.0011 -1.0000 0.0002
vn 0.0009 -1.0000 0.0006
vn 0.0120 -0.9999 0.0000
vn 0.0011 -1.0000 0.0000
vn 0.0046 -1.0000 0.0000
vn -0.0023 -0.9999 0.0117
vn -0.0046 -0.9999 0.0110
vn -0.0017 -1.0000 0.0042
vn -0.0009 -1.0000 0.0045
vn -0.0066 -0.9999 0.0099
vn -0.0025 -1.0000 0.0038
vn -0.0004 -1.0000 0.0010
vn -0.0002 -1.0000 0.0011
vn -0.0006 -1.0000 0.0009
vn 0.0099 -0.9999 -0.0066
vn 0.0110 -0.9999 -0.0046
vn 0.0042 -1.0000 -0.0017
vn 0.0038 -1.0000 -0.0025
vn 0.0117 -0.9999 -0.0023
vn 0.0045 -1.0000 -0.0009
vn 0.0010 -1.0000 -0.0004
vn 0.0009 -1.0000 -0.0006
vn 0.0011 -1.0000 -0.0002
vn 0.5288 -0.2936 0.7963
vn 0.3658 -0.2935 0.8832
vn 0.3708 -0.2470 0.8952
vn 0.5361 -0.2472 0.8072
vn 0.1891 -0.2936 0.9370
vn 0.1917 -0.2472 0.9498
vn 0.3717 -0.2383 0.8972
vn 0.5373 -0.2383 0.8090
vn 0.1921 -0.2383 0.9520
vn 0.6759 -0.2938 0.6759
vn 0.0000 -0.2938 0.9558
vn 0.0000 -0.2473 0.9689
vn 0.0000 -0.2385 0.9711
vn 0.6867 -0.2385 0.6867
vn 0.6851 -0.2473 0.6851
vn -0.7963 -0.2936 0.5288
vn -0.8832 -0.2935 0.3658
vn -0.8952 -0.2470 0.3708
vn -0.8072 -0.2472 0.5361
vn -0.9370 -0.2936 0.1891
vn -0.9498 -0.2472 0.1917
vn -0.8972 -0.2383 0.3717
vn -0.8090 -0.2383 0.5373
vn -0.9520 -0.2383 0.1921
vn -0.6759 -0.2938 0.6759
vn -0.9558 -0.2938 0.0000
vn -0.9689 -0.2473 0.0000
vn -0.9711 -0.2385 0.0000
vn -0.6867 -0.2385 0.6867
vn -0.6851 -0.2473 0.6851
vn -0.5288 -0.2936 -0.7963
vn -0.3658 -0.2935 -0.8832
vn -0.3708 -0.2470 -0.8952
vn -0.5361 -0.2472 -0.8072
vn -0.1891 -0.2936 -0.9370
vn -0.1917 -0.2472 -0.9498
vn -0.3717 -0.2383 -0.8972
vn -0.5373 -0.2383 -0.8090
vn -0.1921 -0.2383 -0.9520
vn -0.6759 -0.2938 -0.6759
vn 0.0000 -0.2938 -0.9558
vn 0.0000 -0.2473 -0.9689
vn 0.0000 -0.2385 -0.9711
vn -0.6867 -0.2385 -0.6867
vn -0.6851 -0.2473 -0.6851
vn 0.7963 -0.2936 -0.5288
vn 0.8832 -0.2935 -0.3658
vn 0.8952 -0.2470 -0.3708
vn 0.8072 -0.2472 -0.5361
vn 0.9370 -0.2936 -0.1891
vn 0.9498 -0.2472 -0.1917
vn 0.8972 -0.2383 -0.3717
vn 0.8090 -0.2383 -0.5373
vn 0.9520 -0.2383 -0.1921
vn 0.6759 -0.2938 -0.6759
vn 0.9558 -0.2938 0.0000
vn 0.9689 -0.2473 0.0000
vn 0.9711 -0.2385 0.0000
vn 0.6867 -0.2385 -0.6867
vn 0.6851 -0.2473 -0.6851
vn -0.1891 -0.2936 0.9370
vn -0.3658 -0.2935 0.8832
vn -0.3708 -0.2470 0.8952
vn -0.1917 -0.2472 0.9498
vn -0.5288 -0.2936 0.7963
vn -0.5361 -0.2472 0.8072
vn -0.3717 -0.2383 0.8972
vn -0.1921 -0.2383 0.9520
vn -0.5373 -0.2383 0.8090
vn -0.9370 -0.2936 -0.1891
vn -0.8832 -0.2935 -0.3658
vn -0.8952 -0.2470 -0.3708
vn -0.9498 -0.2472 -0.1917
vn -0.7963 -0.2936 -0.5288
vn -0.8072 -0.2472 -0.5361
vn -0.8972 -0.2383 -0.3717
vn -0.9520 -0.2383 -0.1921
vn -0.8090 -0.2383 -0.5373
vn 0.1891 -0.2936 -0.9370
vn 0.3658 -0.2935 -0.8832
vn 0.3708 -0.2470 -0.8952
vn 0.1917 -0.2472 -0.9498
vn 0.5288 -0.2936 -0.7963
vn 0.5361 -0.2472 -0.8072
vn 0.3717 -0.2383 -0.8972
vn 0.1921 -0.2383 -0.9520
vn 0.5373 -0.2383 -0.8090
vn 0.9370 -0.2936 0.1891
vn 0.8832 -0.2935 0.3658
vn 0.8952 -0.2470 0.3708
vn 0.9498 -0.2472 0.1917
vn 0.7963 -0.2936 0.5288
vn 0.8072 -0.2472 0.5361
vn 0.8972 -0.2383 0.3717
vn 0.9520 -0.2383 0.1921
vn 0.8090 -0.2383 0.5373
vn -0.5349 0.2555 -0.8054
vn -0.3700 0.2554 -0.8932
vn -0.3701 0.2541 -0.8935
vn -0.5351 0.2542 -0.8056
vn -0.1913 0.2555 -0.9477
vn -0.1913 0.2542 -0.9480
vn -0.3702 0.2534 -0.8937
vn -0.5351 0.2535 -0.8058
vn -0.1914 0.2535 -0.9482
vn -0.6836 0.2557 -0.6836
vn 0.0000 0.2557 -0.9667
vn 0.0000 0.2544 -0.9671
vn 0.0000 0.2537 -0.9673
vn -0.6840 0.2537 -0.6840
vn -0.6838 0.2544 -0.6838
vn -0.8054 0.2555 0.5349
vn -0.8932 0.2554 0.3700
vn -0.8935 0.2541 0.3701
vn -0.8056 0.2542 0.5351
vn -0.9477 0.2555 0.1913
vn -0.9480 0.2542 0.1913
vn -0.8937 0.2534 0.3702
vn -0.8058 0.2535 0.5351
vn -0.9482 0.2535 0.1914
vn -0.6836 0.2557 0.6836
vn -0.9667 0.2557 0.0000
vn -0.9671 0.2544 0.0000
vn -0.9673 0.2537 0.0000
vn -0.6840 0.2537 0.6840
vn -0.6838 0.2544 0.6838
vn 0.9477 0.2555 0.1913
vn 0.8932 0.2554 0.3700
vn 0.8935 0.2541 0.3701
vn 0.9480 0.2542 0.1913
vn 0.8054 0.2555 0.5349
vn 0.8056 0.2542 0.5351
vn 0.8937 0.2534 0.3702
vn 0.9482 0.2535 0.1914
vn 0.8058 0.2535 0.5351
vn 0.9667 0.2557 0.0000
vn 0.6836 0.2557 0.6836
vn 0.6838 0.2544 0.6838
vn 0.6840 0.2537 0.6840
vn 0.9673 0.2537 0.0000
vn 0.9671 0.2544 0.0000
vn -0.1913 0.2555 0.9477
vn -0.3700 0.2554 0.8932
vn -0.3701 0.2541 0.8935
vn -0.1913 0.2542 0.9480
vn -0.5349 0.2555 0.8054
vn -0.5351 0.2542 0.8056
vn -0.3702 0.2534 0.8937
vn -0.1914 0.2535 0.9482
vn -0.5351 0.2535 0.8058
vn 0.0000 0.2557 0.9667
vn 0.0000 0.2537 0.9673
vn 0.0000 0.2544 0.9671
vn -0.9477 0.2555 -0.1913
vn -0.8932 0.2554 -0.3700
vn -0.8935 0.2541 -0.3701
vn -0.9480 0.2542 -0.1913
vn -0.8054 0.2555 -0.5349
vn -0.8056 0.2542 -0.5351
vn -0.8937 0.2534 -0.3702
vn -0.9482 0.2535 -0.1914
vn -0.8058 0.2535 -0.5351
vn 0.8054 0.2555 -0.5349
vn 0.8932 0.2554 -0.3700
vn 0.8935 0.2541 -0.3701
vn 0.8056 0.2542 -0.5351
vn 0.9477 0.2555 -0.1913
vn 0.9480 0.2542 -0.1913
vn 0.8937 0.2534 -0.3702
vn 0.8058 0.2535 -0.5351
vn 0.9482 0.2535 -0.1914
vn 0.6836 0.2557 -0.6836
vn 0.6840 0.2537 -0.6840
vn 0.6838 0.2544 -0.6838
vn 0.5349 0.2555 0.8054
vn 0.3700 0.2554 0.8932
vn 0.3701 0.2541 0.8935
vn 0.5351 0.2542 0.8056
vn 0.1913 0.2555 0.9477
vn 0.1913 0.2542 0.9480
vn 0.3702 0.2534 0.8937
vn 0.5351 0.2535 0.8058
vn 0.1914 0.2535 0.9482
vn 0.1913 0.2555 -0.9477
vn 0.3700 0.2554 -0.8932
vn 0.3701 0.2541 -0.8935
vn 0.1913 0.2542 -0.9480
vn 0.5349 0.2555 -0.8054
vn 0.5351 0.2542 -0.8056
vn 0.3702 0.2534 -0.8937
vn 0.1914 0.2535 -0.9482
vn 0.5351 0.2535 -0.8058
usemtl LineaBlanca
s 1
f 1579/37/1 1580/38/2 1583/41/3 1582/40/4
f 1580/38/2 1581/39/5 1584/42/6 1583/41/3
f 1582/40/4 1583/41/3 1586/44/7 1585/43/8
f 1583/41/3 1584/42/6 1587/45/9 1586/44/7
f 2/279/10 114/277/11 1579/37/1 657/10/12
f 114/277/11 115/275/13 1580/38/2 1579/37/1
f 115/275/13 116/272/14 1581/39/5 1580/38/2
f 116/272/14 1/273/15 167/270/16 1581/39/5
f 1581/39/5 167/270/16 166/268/17 1584/42/6
f 1584/42/6 166/268/17 165/265/18 1587/45/9
f 1587/45/9 165/265/18 93/266/19 666/267/20
f 1586/44/7 1587/45/9 666/267/20 667/269/21
f 1585/43/8 1586/44/7 667/269/21 668/271/22
f 659/12/23 1585/43/8 668/271/22 95/274/24
f 658/11/25 1582/40/4 1585/43/8 659/12/23
f 657/10/12 1579/37/1 1582/40/4 658/11/25
f 1588/293/26 1589/46/27 1592/48/28 1591/291/29
f 1589/46/27 1590/47/30 1593/49/31 1592/48/28
f 1591/291/29 1592/48/28 1595/50/32 1594/289/33
f 1592/48/28 1593/49/31 1596/51/34 1595/50/32
f 4/325/35 120/326/36 1588/327/26 654/7/37
f 120/294/36 121/292/38 1589/46/27 1588/293/26
f 121/292/38 122/290/39 1590/47/30 1589/46/27
f 122/290/39 3/287/40 152/3/41 1590/47/30
f 1590/47/30 152/3/41 151/2/42 1593/49/31
f 1593/49/31 151/2/42 150/1/43 1596/51/34
f 1596/51/34 150/1/43 90/282/44 669/284/45
f 1595/50/32 1596/51/34 669/284/45 670/286/46
f 1594/289/33 1595/50/32 670/286/46 671/288/47
f 656/9/48 1594/330/33 671/332/47 94/333/49
f 655/8/50 1591/328/29 1594/330/33 656/9/48
f 654/7/37 1588/327/26 1591/328/29 655/8/50
f 1597/52/51 1598/53/52 1601/56/53 1600/55/54
f 1598/53/52 1599/54/55 1602/57/56 1601/56/53
f 1600/55/54 1601/56/53 1604/59/57 1603/58/58
f 1601/56/53 1602/57/56 1605/60/59 1604/59/57
f 7/317/60 129/315/61 1597/52/51 164/6/62
f 129/315/61 130/313/63 1598/53/52 1597/52/51
f 130/313/63 131/311/64 1599/54/55 1598/53/52
f 131/311/64 6/309/65 660/13/66 1599/54/55
f 1599/54/55 660/13/66 661/14/67 1602/57/56
f 1602/57/56 661/14/67 662/15/68 1605/60/59
f 1605/60/59 662/15/68 96/304/69 672/306/70
f 1604/59/57 1605/60/59 672/306/70 673/308/71
f 1603/58/58 1604/59/57 673/308/71 674/310/72
f 162/4/73 1603/58/58 674/310/72 92/312/74
f 163/5/75 1600/55/54 1603/58/58 162/4/73
f 164/6/62 1597/52/51 1600/55/54 163/5/75
f 1606/61/76 1607/62/77 1610/65/78 1609/64/79
f 1607/62/77 1608/63/80 1611/66/81 1610/65/78
f 1609/64/79 1610/65/78 1613/68/82 1612/67/83
f 1610/65/78 1611/66/81 1614/69/84 1613/68/82
f 5/336/85 123/334/86 1606/61/76 155/337/87
f 123/334/86 124/331/88 1607/62/77 1606/61/76
f 124/331/88 125/329/89 1608/63/80 1607/62/77
f 125/329/89 4/325/35 654/7/37 1608/63/80
f 1608/63/80 654/7/37 655/8/50 1611/66/81
f 1611/66/81 655/8/50 656/9/48 1614/69/84
f 1614/69/84 656/9/48 94/333/49 675/335/90
f 1613/68/82 1614/69/84 675/335/90 676/338/91
f 1612/67/83 1613/68/82 676/338/91 677/340/92
f 153/341/93 1612/67/83 677/340/92 91/342/94
f 154/339/95 1609/64/79 1612/67/83 153/341/93
f 155/337/87 1606/61/76 1609/64/79 154/339/95
f 1615/70/96 1616/71/97 1619/74/98 1618/73/99
f 1616/71/97 1617/72/100 1620/75/101 1619/74/98
f 1618/73/99 1619/74/98 1622/77/102 1621/76/103
f 1619/74/98 1620/75/101 1623/78/104 1622/77/102
f 3/287/40 117/285/105 1615/70/96 152/3/41
f 117/285/105 118/283/106 1616/71/97 1615/70/96
f 118/283/106 119/281/107 1617/72/100 1616/71/97
f 119/281/107 2/279/10 657/10/12 1617/72/100
f 1617/72/100 657/10/12 658/11/25 1620/75/101
f 1620/75/101 658/11/25 659/12/23 1623/78/104
f 1623/78/104 659/12/23 95/274/24 678/276/108
f 1622/77/102 1623/78/104 678/276/108 679/278/109
f 1621/76/103 1622/77/102 679/278/109 680/280/110
f 150/1/43 1621/76/103 680/280/110 90/282/44
f 151/2/42 1618/73/99 1621/76/103 150/1/43
f 152/3/41 1615/70/96 1618/73/99 151/2/42
f 1624/323/111 1625/79/112 1628/81/113 1627/321/114
f 1625/79/112 1626/80/115 1629/82/116 1628/81/113
f 1627/321/114 1628/81/113 1631/83/117 1630/319/118
f 1628/81/113 1629/82/116 1632/84/119 1631/83/117
f 8/343/120 132/344/121 1624/345/111 663/16/122
f 132/324/121 133/322/123 1625/79/112 1624/323/111
f 133/322/123 134/320/124 1626/80/115 1625/79/112
f 134/320/124 7/317/60 164/6/62 1626/80/115
f 1626/80/115 164/6/62 163/5/75 1629/82/116
f 1629/82/116 163/5/75 162/4/73 1632/84/119
f 1632/84/119 162/4/73 92/312/74 681/314/125
f 1631/83/117 1632/84/119 681/314/125 682/316/126
f 1630/319/118 1631/83/117 682/316/126 683/318/127
f 665/18/128 1630/348/118 683/350/127 97/351/129
f 664/17/130 1627/346/114 1630/348/118 665/18/128
f 663/16/122 1624/345/111 1627/346/114 664/17/130
f 1633/85/131 1634/86/132 1637/89/133 1636/88/134
f 1634/86/132 1635/87/135 1638/90/136 1637/89/133
f 1636/88/134 1637/89/133 1640/92/137 1639/91/138
f 1637/89/133 1638/90/136 1641/93/139 1640/92/137
f 6/309/65 126/307/140 1633/85/131 660/13/66
f 126/307/140 127/305/141 1634/86/132 1633/85/131
f 127/305/141 128/302/142 1635/87/135 1634/86/132
f 128/302/142 5/303/85 155/300/87 1635/87/135
f 1635/87/135 155/300/87 154/298/95 1638/90/136
f 1638/90/136 154/298/95 153/296/93 1641/93/139
f 1641/93/139 153/296/93 91/295/94 684/297/143
f 1640/92/137 1641/93/139 684/297/143 685/299/144
f 1639/91/138 1640/92/137 685/299/144 686/301/145
f 662/15/68 1639/91/138 686/301/145 96/304/69
f 661/14/67 1636/88/134 1639/91/138 662/15/68
f 660/13/66 1633/85/131 1636/88/134 661/14/67
f 1642/94/146 1643/95/147 1646/98/148 1645/97/149
f 1643/95/147 1644/96/150 1647/99/151 1646/98/148
f 1645/97/149 1646/98/148 1649/101/152 1648/100/153
f 1646/98/148 1647/99/151 1650/102/154 1649/101/152
f 1/354/15 135/352/155 1642/94/146 167/355/16
f 135/352/155 136/349/156 1643/95/147 1642/94/146
f 136/349/156 137/347/157 1644/96/150 1643/95/147
f 137/347/157 8/343/120 663/16/122 1644/96/150
f 1644/96/150 663/16/122 664/17/130 1647/99/151
f 1647/99/151 664/17/130 665/18/128 1650/102/154
f 1650/102/154 665/18/128 97/351/129 687/353/158
f 1649/101/152 1650/102/154 687/353/158 688/356/159
f 1648/100/153 1649/101/152 688/356/159 689/358/160
f 165/359/18 1648/100/153 689/358/160 93/360/19
f 166/357/17 1645/97/149 1648/100/153 165/359/18
f 167/355/16 1642/94/146 1645/97/149 166/357/17
f 1723/227/161 1724/103/162 1727/105/162 1726/225/161
f 1724/103/162 1725/104/163 1728/106/163 1727/105/162
f 1726/225/161 1727/105/162 1730/107/162 1729/223/161
f 1727/105/162 1728/106/163 1731/108/163 1730/107/162
f 99/254/164 716/255/165 1723/252/161 741/28/164
f 716/228/165 715/226/166 1724/103/162 1723/227/161
f 715/226/166 714/224/167 1725/104/163 1724/103/162
f 714/224/167 105/221/168 713/24/168 1725/104/163
f 1725/104/163 713/24/168 712/23/168 1728/106/163
f 1728/106/163 712/23/168 711/22/168 1731/108/163
f 1731/108/163 711/22/168 113/216/169 762/218/163
f 1730/107/162 1731/108/163 762/218/163 763/220/170
f 1729/223/161 1730/107/162 763/220/170 764/222/171
f 743/30/164 1729/247/161 764/248/171 107/249/172
f 742/29/164 1726/250/161 1729/247/161 743/30/164
f 741/28/164 1723/252/161 1726/250/161 742/29/164
f 1732/109/173 1733/110/174 1736/113/174 1735/112/173
f 1733/110/174 1734/111/175 1737/114/175 1736/113/174
f 1735/112/173 1736/113/174 1739/116/174 1738/115/173
f 1736/113/174 1737/114/175 1740/117/175 1739/116/174
f 98/183/176 719/181/177 1732/109/173 738/25/176
f 719/181/177 718/179/178 1733/110/174 1732/109/173
f 718/179/178 717/176/179 1734/111/175 1733/110/174
f 717/176/179 102/177/180 704/174/180 1734/111/175
f 1734/111/175 704/174/180 703/172/180 1737/114/175
f 1737/114/175 703/172/180 702/169/180 1740/117/175
f 1740/117/175 702/169/180 110/170/181 765/171/175
f 1739/116/174 1740/117/175 765/171/175 766/173/182
f 1738/115/173 1739/116/174 766/173/182 767/175/183
f 740/27/176 1738/115/173 767/175/183 106/178/184
f 739/26/176 1735/112/173 1738/115/173 740/27/176
f 738/25/176 1732/109/173 1735/112/173 739/26/176
f 1741/118/185 1742/119/186 1745/122/186 1744/121/185
f 1742/119/186 1743/120/187 1746/123/187 1745/122/186
f 1744/121/185 1745/122/186 1748/125/186 1747/124/185
f 1745/122/186 1746/123/187 1749/126/187 1748/125/186
f 104/240/188 722/238/189 1741/118/185 710/241/188
f 722/238/189 721/235/190 1742/119/186 1741/118/185
f 721/235/190 720/233/191 1743/120/187 1742/119/186
f 720/233/191 100/229/192 744/31/192 1743/120/187
f 1743/120/187 744/31/192 745/32/192 1746/123/187
f 1746/123/187 745/32/192 746/33/192 1749/126/187
f 1749/126/187 746/33/192 108/237/193 768/239/194
f 1748/125/186 1749/126/187 768/239/194 769/242/195
f 1747/124/185 1748/125/186 769/242/195 770/244/185
f 708/245/188 1747/124/185 770/244/185 112/246/196
f 709/243/188 1744/121/185 1747/124/185 708/245/188
f 710/241/188 1741/118/185 1744/121/185 709/243/188
f 1750/127/197 1751/128/198 1754/131/198 1753/130/197
f 1751/128/198 1752/129/199 1755/132/199 1754/131/198
f 1753/130/197 1754/131/198 1757/134/198 1756/133/197
f 1754/131/198 1755/132/199 1758/135/199 1757/134/198
f 103/191/200 725/189/201 1750/127/197 707/21/200
f 725/189/201 724/187/202 1751/128/198 1750/127/197
f 724/187/202 723/185/203 1752/129/199 1751/128/198
f 723/185/203 98/183/176 738/25/176 1752/129/199
f 1752/129/199 738/25/176 739/26/176 1755/132/199
f 1755/132/199 739/26/176 740/27/176 1758/135/199
f 1758/135/199 740/27/176 106/178/184 771/180/204
f 1757/134/198 1758/135/199 771/180/204 772/182/205
f 1756/133/197 1757/134/198 772/182/205 773/184/197
f 705/19/200 1756/133/197 773/184/197 111/186/206
f 706/20/200 1753/130/197 1756/133/197 705/19/200
f 707/21/200 1750/127/197 1753/130/197 706/20/200
f 1759/136/207 1760/137/208 1763/140/208 1762/139/207
f 1760/137/208 1761/138/209 1764/141/209 1763/140/208
f 1762/139/207 1763/140/208 1766/143/208 1765/142/207
f 1763/140/208 1764/141/209 1767/144/209 1766/143/208
f 102/264/180 728/262/210 1759/136/207 704/263/180
f 728/262/210 727/260/211 1760/137/208 1759/136/207
f 727/260/211 726/257/212 1761/138/209 1760/137/208
f 726/257/212 99/254/164 741/28/164 1761/138/209
f 1761/138/209 741/28/164 742/29/164 1764/141/209
f 1764/141/209 742/29/164 743/30/164 1767/144/209
f 1767/144/209 743/30/164 107/249/172 774/251/213
f 1766/143/208 1767/144/209 774/251/213 775/253/214
f 1765/142/207 1766/143/208 775/253/214 776/256/207
f 702/259/180 1765/142/207 776/256/207 110/258/181
f 703/261/180 1762/139/207 1765/142/207 702/259/180
f 704/263/180 1759/136/207 1762/139/207 703/261/180
f 1768/145/215 1769/146/216 1772/149/216 1771/148/215
f 1769/146/216 1770/147/217 1773/150/217 1772/149/216
f 1771/148/215 1772/149/216 1775/152/216 1774/151/215
f 1772/149/216 1773/150/217 1776/153/217 1775/152/216
f 101/213/218 731/211/219 1768/145/215 747/34/218
f 731/211/219 730/209/220 1769/146/216 1768/145/215
f 730/209/220 729/206/221 1770/147/217 1769/146/216
f 729/206/221 104/207/188 710/204/188 1770/147/217
f 1770/147/217 710/204/188 709/202/188 1773/150/217
f 1773/150/217 709/202/188 708/200/188 1776/153/217
f 1776/153/217 708/200/188 112/199/196 777/201/217
f 1775/152/216 1776/153/217 777/201/217 778/203/222
f 1774/151/215 1775/152/216 778/203/222 779/205/223
f 749/36/218 1774/151/215 779/205/223 109/208/224
f 748/35/218 1771/148/215 1774/151/215 749/36/218
f 747/34/218 1768/145/215 1771/148/215 748/35/218
f 1777/197/225 1778/154/226 1781/156/226 1780/195/225
f 1778/154/226 1779/155/227 1782/157/227 1781/156/226
f 1780/195/225 1781/156/226 1784/158/226 1783/193/225
f 1781/156/226 1782/157/227 1785/159/227 1784/158/226
f 100/229/192 734/230/228 1777/231/225 744/31/192
f 734/198/228 733/196/229 1778/154/226 1777/197/225
f 733/196/229 732/194/230 1779/155/227 1778/154/226
f 732/194/230 103/191/200 707/21/200 1779/155/227
f 1779/155/227 707/21/200 706/20/200 1782/157/227
f 1782/157/227 706/20/200 705/19/200 1785/159/227
f 1785/159/227 705/19/200 111/186/206 780/188/227
f 1784/158/226 1785/159/227 780/188/227 781/190/231
f 1783/193/225 1784/158/226 781/190/231 782/192/232
f 746/33/192 1783/234/225 782/236/232 108/237/193
f 745/32/192 1780/232/225 1783/234/225 746/33/192
f 744/31/192 1777/231/225 1780/232/225 745/32/192
f 1786/160/233 1787/161/234 1790/164/234 1789/163/233
f 1787/161/234 1788/162/235 1791/165/235 1790/164/234
f 1789/163/233 1790/164/234 1793/167/234 1792/166/233
f 1790/164/234 1791/165/235 1794/168/235 1793/167/234
f 105/221/168 737/219/236 1786/160/233 713/24/168
f 737/219/236 736/217/237 1787/161/234 1786/160/233
f 736/217/237 735/215/238 1788/162/235 1787/161/234
f 735/215/238 101/213/218 747/34/218 1788/162/235
f 1788/162/235 747/34/218 748/35/218 1791/165/235
f 1791/165/235 748/35/218 749/36/218 1794/168/235
f 1794/168/235 749/36/218 109/208/224 783/210/239
f 1793/167/234 1794/168/235 783/210/239 784/212/240
f 1792/166/233 1793/167/234 784/212/240 785/214/233
f 711/22/168 1792/166/233 785/214/233 113/216/169
f 712/23/168 1789/163/233 1792/166/233 711/22/168
f 713/24/168 1786/160/233 1789/163/233 712/23/168
usemtl PlasticoBase
f 786/843/241 787/868/242 790/893/243 789/869/244
f 787/868/242 788/892/245 791/918/246 790/893/243
f 789/869/244 790/893/243 793/919/247 792/894/248
f 790/893/243 791/918/246 794/945/249 793/919/247
f 15/794/250 209/818/251 786/843/241 269/819/252
f 209/818/251 208/842/253 787/868/242 786/843/241
f 208/842/253 207/867/254 788/892/245 787/868/242
f 207/867/254 16/891/255 264/917/256 788/892/245
f 788/892/245 264/917/256 265/944/257 791/918/246
f 791/918/246 265/944/257 266/971/258 794/945/249
f 794/945/249 266/971/258 27/1000/259 243/972/260
f 793/919/247 794/945/249 243/972/260 244/946/261
f 792/894/248 793/919/247 244/946/261 245/920/262
f 267/870/263 792/894/248 245/920/262 33/895/264
f 268/844/265 789/869/244 792/894/248 267/870/263
f 269/819/252 786/843/241 789/869/244 268/844/265
f 796/403/266 797/393/267 795/402/268 801/401/269
f 798/380/270 799/392/271 795/402/268 797/393/267
f 800/391/272 801/401/269 795/402/268 799/392/271
f 8/1769/120 137/1770/157 796/403/266 170/414/273
f 137/1770/157 136/1785/156 797/393/267 796/403/266
f 170/414/273 796/403/266 801/401/269 169/413/274
f 1/1771/15 159/1760/275 798/380/270 135/1772/155
f 159/1760/275 160/1754/276 799/392/271 798/380/270
f 135/1772/155 798/380/270 797/393/267 136/1785/156
f 9/390/277 168/400/278 800/391/272 161/1752/279
f 168/400/278 169/413/274 801/401/269 800/391/272
f 161/1752/279 800/391/272 799/392/271 160/1754/276
f 803/460/280 804/475/281 802/461/282 808/443/283
f 805/462/284 806/444/285 802/461/282 804/475/281
f 807/426/286 808/443/283 802/461/282 806/444/285
f 6/1793/65 131/1794/64 803/460/280 176/459/287
f 131/1794/64 130/1805/63 804/475/281 803/460/280
f 176/459/287 803/460/280 808/443/283 175/442/288
f 7/1795/60 171/1781/289 805/462/284 129/1796/61
f 171/1781/289 172/1767/290 806/444/285 805/462/284
f 129/1796/61 805/462/284 804/475/281 130/1805/63
f 9/390/277 174/425/291 807/426/286 173/1758/292
f 174/425/291 175/442/288 808/443/283 807/426/286
f 173/1758/292 807/426/286 806/444/285 172/1767/290
f 810/454/293 811/471/294 809/455/295 815/439/296
f 812/456/297 813/440/298 809/455/295 811/471/294
f 814/424/299 815/439/296 809/455/295 813/440/298
f 4/1790/35 125/1799/89 810/454/293 182/438/300
f 125/1799/89 124/1806/88 811/471/294 810/454/293
f 182/438/300 810/454/293 815/439/296 181/423/301
f 5/1800/85 177/1791/302 812/456/297 123/1801/86
f 177/1791/302 178/1778/303 813/440/298 812/456/297
f 123/1801/86 812/456/297 811/471/294 124/1806/88
f 9/390/277 180/411/304 814/424/299 179/1779/305
f 180/411/304 181/423/301 815/439/296 814/424/299
f 179/1779/305 814/424/299 813/440/298 178/1778/303
f 817/369/306 818/377/307 816/388/308 822/378/309
f 819/387/310 820/399/311 816/388/308 818/377/307
f 821/389/312 822/378/309 816/388/308 820/399/311
f 2/1764/10 119/1774/107 817/369/306 188/363/313
f 119/1774/107 118/1786/106 818/377/307 817/369/306
f 188/363/313 817/369/306 822/378/309 187/370/314
f 3/1775/40 183/1765/315 819/387/310 117/1776/105
f 183/1765/315 184/1756/316 820/399/311 819/387/310
f 117/1776/105 819/387/310 818/377/307 118/1786/106
f 9/390/277 186/379/317 821/389/312 185/1757/318
f 186/379/317 187/370/314 822/378/309 821/389/312
f 185/1757/318 821/389/312 820/399/311 184/1756/316
f 824/445/319 825/447/320 823/446/321 829/427/322
f 826/429/323 827/428/324 823/446/321 825/447/320
f 828/412/325 829/427/322 823/446/321 827/428/324
f 7/1782/60 134/1783/124 824/445/319 171/1768/289
f 134/1783/124 133/1797/123 825/447/320 824/445/319
f 171/1768/289 824/445/319 829/427/322 172/1759/290
f 8/1769/120 170/414/273 826/429/323 132/1784/121
f 170/414/273 169/413/274 827/428/324 826/429/323
f 132/1784/121 826/429/323 825/447/320 133/1797/123
f 9/390/277 173/1758/292 828/412/325 168/400/278
f 173/1758/292 172/1759/290 829/427/322 828/412/325
f 168/400/278 828/412/325 827/428/324 169/413/274
f 831/472/326 832/486/327 830/473/328 836/457/329
f 833/474/330 834/458/331 830/473/328 832/486/327
f 835/441/332 836/457/329 830/473/328 834/458/331
f 5/1802/85 128/1803/142 831/472/326 177/1792/302
f 128/1803/142 127/1807/141 832/486/327 831/472/326
f 177/1792/302 831/472/326 836/457/329 178/1780/303
f 6/1793/65 176/459/287 833/474/330 126/1804/140
f 176/459/287 175/442/288 834/458/331 833/474/330
f 126/1804/140 833/474/330 832/486/327 127/1807/141
f 9/390/277 179/1779/305 835/441/332 174/425/291
f 179/1779/305 178/1780/303 836/457/329 835/441/332
f 174/425/291 835/441/332 834/458/331 175/442/288
f 838/409/333 839/420/334 837/437/335 843/421/336
f 840/436/337 841/422/338 837/437/335 839/420/334
f 842/410/339 843/421/336 837/437/335 841/422/338
f 3/1787/40 122/1788/39 838/409/333 183/1777/315
f 122/1788/39 121/1798/38 839/420/334 838/409/333
f 183/1777/315 838/409/333 843/421/336 184/1766/316
f 4/1790/35 182/438/300 840/436/337 120/1789/36
f 182/438/300 181/423/301 841/422/338 840/436/337
f 120/1789/36 840/436/337 839/420/334 121/1798/38
f 9/390/277 185/1757/318 842/410/339 180/411/304
f 185/1757/318 184/1766/316 843/421/336 842/410/339
f 180/411/304 842/410/339 841/422/338 181/423/301
f 845/366/340 846/362/341 844/365/342 850/372/343
f 847/361/344 848/364/345 844/365/342 846/362/341
f 849/371/346 850/372/343 844/365/342 848/364/345
f 1/1761/15 116/1762/14 845/366/340 159/1755/275
f 116/1762/14 115/1773/13 846/362/341 845/366/340
f 159/1755/275 845/366/340 850/372/343 160/1753/276
f 2/1764/10 188/363/313 847/361/344 114/1763/11
f 188/363/313 187/370/314 848/364/345 847/361/344
f 114/1763/11 847/361/344 846/362/341 115/1773/13
f 9/390/277 161/1752/279 849/371/346 186/379/317
f 161/1752/279 160/1753/276 850/372/343 849/371/346
f 186/379/317 849/371/346 848/364/345 187/370/314
f 851/1821/347 852/757/348 855/784/349 854/1819/350
f 852/757/348 853/729/351 856/756/352 855/784/349
f 854/1819/350 855/784/349 858/809/353 857/1816/354
f 855/784/349 856/756/352 859/783/355 858/809/353
f 14/785/356 206/1989/357 851/1987/347 143/810/358
f 206/1825/357 205/730/359 852/757/348 851/1821/347
f 205/730/359 204/704/360 853/729/351 852/757/348
f 204/704/360 11/678/361 147/703/362 853/729/351
f 853/729/351 147/703/362 148/728/363 856/756/352
f 856/756/352 148/728/363 149/755/364 859/783/355
f 859/783/355 149/755/364 22/782/365 240/808/366
f 858/809/353 859/783/355 240/808/366 241/834/367
f 857/1816/354 858/809/353 241/834/367 242/1812/368
f 141/860/369 857/1983/354 242/1981/368 25/886/370
f 142/835/371 854/1985/350 857/1983/354 141/860/369
f 143/810/358 851/1987/347 854/1985/350 142/835/371
f 860/589/372 861/588/373 864/608/374 863/609/375
f 861/588/373 862/607/376 865/627/377 864/608/374
f 863/609/375 864/608/374 867/628/378 866/629/379
f 864/608/374 865/627/377 868/648/380 867/628/378
f 12/590/381 203/570/382 860/589/372 158/610/383
f 203/570/382 202/569/384 861/588/373 860/589/372
f 202/569/384 201/587/385 862/607/376 861/588/373
f 201/587/385 17/606/386 191/626/387 862/607/376
f 862/607/376 191/626/387 190/647/388 865/627/377
f 865/627/377 190/647/388 189/670/389 868/648/380
f 868/648/380 189/670/389 34/695/390 237/671/391
f 867/628/378 868/648/380 237/671/391 238/649/392
f 866/629/379 867/628/378 238/649/392 239/650/393
f 156/651/394 866/629/379 239/650/393 23/674/395
f 157/630/396 863/609/375 866/629/379 156/651/394
f 158/610/383 860/589/372 863/609/375 157/630/396
f 869/646/397 870/668/398 873/693/399 872/669/400
f 870/668/398 871/692/401 874/717/402 873/693/399
f 872/669/400 873/693/399 876/718/403 875/694/404
f 873/693/399 874/717/402 877/744/405 876/718/403
f 17/606/386 224/625/406 869/646/397 191/626/387
f 224/625/406 223/645/407 870/668/398 869/646/397
f 223/645/407 222/667/408 871/692/401 870/668/398
f 222/667/408 18/691/409 195/716/410 871/692/401
f 871/692/401 195/716/410 196/743/411 874/717/402
f 874/717/402 196/743/411 197/770/412 877/744/405
f 877/744/405 197/770/412 29/797/413 258/771/414
f 876/718/403 877/744/405 258/771/414 259/745/415
f 875/694/404 876/718/403 259/745/415 260/719/416
f 189/670/389 875/694/404 260/719/416 34/695/390
f 190/647/388 872/669/400 875/694/404 189/670/389
f 191/626/387 869/646/397 872/669/400 190/647/388
f 878/519/417 879/518/418 882/534/419 881/535/420
f 879/518/418 880/533/421 883/551/422 882/534/419
f 881/535/420 882/534/419 885/1617/423 884/1619/424
f 882/534/419 883/551/422 886/1615/425 885/1617/423
f 52/520/426 473/505/427 878/519/417 144/536/428
f 473/505/427 472/504/429 879/518/418 878/519/417
f 472/504/429 471/517/430 880/533/421 879/518/418
f 471/517/430 56/532/431 443/550/432 880/533/421
f 880/533/421 443/550/432 442/568/433 883/551/422
f 883/551/422 442/568/433 441/1613/434 886/1615/425
f 886/1844/425 441/1848/434 17/606/386 201/587/385
f 885/1840/423 886/1844/425 201/587/385 202/569/384
f 884/1838/424 885/1840/423 202/569/384 203/570/382
f 146/1836/435 884/1838/424 203/570/382 12/590/381
f 145/552/436 881/535/420 884/1619/424 146/1621/435
f 144/536/428 878/519/417 881/535/420 145/552/436
f 887/680/437 888/656/438 891/679/439 890/705/440
f 888/656/438 889/634/441 892/655/442 891/679/439
f 890/705/440 891/679/439 894/1633/443 893/1635/444
f 891/679/439 892/655/442 895/1631/445 894/1633/443
f 51/681/446 470/657/447 887/680/437 138/706/448
f 470/657/447 469/635/449 888/656/438 887/680/437
f 469/635/449 468/614/450 889/634/441 888/656/438
f 468/614/450 53/593/451 434/613/452 889/634/441
f 889/634/441 434/613/452 433/633/453 892/655/442
f 892/655/442 433/633/453 432/1629/454 895/1631/445
f 895/1824/445 432/1827/454 11/678/361 204/704/360
f 894/1823/443 895/1824/445 204/704/360 205/730/359
f 893/1828/444 894/1823/443 205/730/359 206/1825/357
f 140/1991/455 893/1992/444 206/1989/357 14/785/356
f 139/731/456 890/705/440 893/1635/444 140/1637/455
f 138/706/448 887/680/437 890/705/440 139/731/456
f 896/740/457 897/766/458 900/793/459 899/767/460
f 897/766/458 898/792/461 901/817/462 900/793/459
f 899/767/460 900/793/459 903/1657/463 902/1659/464
f 900/793/459 901/817/462 904/1655/465 903/1657/463
f 55/688/466 467/713/467 896/740/457 440/714/468
f 467/713/467 466/739/469 897/766/458 896/740/457
f 466/739/469 465/765/470 898/792/461 897/766/458
f 465/765/470 57/791/471 192/816/472 898/792/461
f 898/792/461 192/816/472 193/841/473 901/817/462
f 901/817/462 193/841/473 194/1653/474 904/1655/465
f 904/2011/465 194/2009/474 16/891/255 207/867/254
f 903/2013/463 904/2011/465 207/867/254 208/842/253
f 902/2015/464 903/2013/463 208/842/253 209/818/251
f 438/2017/475 902/2015/464 209/818/251 15/794/250
f 439/741/476 899/767/460 902/1659/464 438/1661/475
f 440/714/468 896/740/457 899/767/460 439/741/476
f 905/787/477 906/759/478 909/786/479 908/812/480
f 906/759/478 907/732/481 910/758/482 909/786/479
f 908/812/480 909/786/479 912/1641/483 911/1643/484
f 909/786/479 910/758/482 913/1639/485 912/1641/483
f 54/1595/486 464/760/487 905/787/477 437/1596/488
f 464/760/487 463/733/489 906/759/478 905/787/477
f 463/733/489 462/707/490 907/732/481 906/759/478
f 462/707/490 51/681/446 138/706/448 907/732/481
f 907/732/481 138/706/448 139/731/456 910/758/482
f 910/758/482 139/731/456 140/1637/455 913/1639/485
f 913/1994/485 140/1991/455 14/785/356 210/811/491
f 912/1996/483 913/1994/485 210/811/491 211/837/492
f 911/1998/484 912/1996/483 211/837/492 212/863/493
f 435/2000/494 911/1998/484 212/863/493 13/1598/495
f 436/1597/496 908/812/480 911/1643/484 435/1645/494
f 437/1596/488 905/787/477 908/812/480 436/1597/496
f 914/592/497 915/572/498 918/591/499 917/612/500
f 915/572/498 916/553/501 919/571/502 918/591/499
f 917/612/500 918/591/499 921/1625/503 920/1627/504
f 918/591/499 919/571/502 922/1623/505 921/1625/503
f 53/593/451 461/573/506 914/592/497 434/613/452
f 461/573/506 460/554/507 915/572/498 914/592/497
f 460/554/507 459/537/508 916/553/501 915/572/498
f 459/537/508 52/520/426 144/536/428 916/553/501
f 916/553/501 144/536/428 145/552/436 919/571/502
f 919/571/502 145/552/436 146/1621/435 922/1623/505
f 922/1834/505 146/1836/435 12/590/381 213/611/509
f 921/1832/503 922/1834/505 213/611/509 214/632/510
f 920/1830/504 921/1832/503 214/632/510 215/654/511
f 432/1827/454 920/1830/504 215/654/511 11/678/361
f 433/633/453 917/612/500 920/1627/504 432/1629/454
f 434/613/452 914/592/497 917/612/500 433/633/453
f 923/643/512 924/665/513 927/690/514 926/666/515
f 924/665/513 925/689/516 928/715/517 927/690/514
f 926/666/515 927/690/514 930/1665/518 929/1667/519
f 927/690/514 928/715/517 931/1663/520 930/1665/518
f 58/603/521 458/622/522 923/643/512 198/623/523
f 458/622/522 457/642/524 924/665/513 923/643/512
f 457/642/524 456/664/525 925/689/516 924/665/513
f 456/664/525 55/688/466 440/714/468 925/689/516
f 925/689/516 440/714/468 439/741/476 928/715/517
f 928/715/517 439/741/476 438/1661/475 931/1663/520
f 931/2019/520 438/2017/475 15/794/250 216/768/526
f 930/2021/518 931/2019/520 216/768/526 217/742/527
f 929/2023/519 930/2021/518 217/742/527 218/2022/528
f 200/1859/529 929/1861/519 218/1860/528 18/691/409
f 199/644/530 926/666/515 929/1667/519 200/1672/529
f 198/623/523 923/643/512 926/666/515 199/644/530
f 932/840/531 933/865/532 936/890/533 935/866/534
f 933/865/532 934/838/535 937/864/536 936/890/533
f 935/866/534 936/890/533 939/1649/537 938/1651/538
f 936/890/533 937/864/536 940/1647/539 939/1649/537
f 57/791/471 455/815/540 932/840/531 192/816/472
f 455/815/540 454/839/541 933/865/532 932/840/531
f 454/839/541 453/813/542 934/838/535 933/865/532
f 453/813/542 54/1595/486 437/1596/488 934/838/535
f 934/838/535 437/1596/488 436/1597/496 937/864/536
f 937/864/536 436/1597/496 435/1645/494 940/1647/539
f 940/2002/539 435/2000/494 13/1598/495 219/915/543
f 939/2005/537 940/2002/539 219/915/543 220/942/544
f 938/2007/538 939/2005/537 220/942/544 221/916/545
f 194/2009/474 938/2007/538 221/916/545 16/891/255
f 193/841/473 935/866/534 938/1651/538 194/1653/474
f 192/816/472 932/840/531 935/866/534 193/841/473
f 941/1676/546 942/586/547 945/605/548 944/1678/549
f 942/586/547 943/604/550 946/624/551 945/605/548
f 944/1678/549 945/605/548 948/1677/552 947/1679/553
f 945/605/548 946/624/551 949/1675/554 948/1677/552
f 56/532/431 452/1605/555 941/1608/546 443/550/432
f 452/1673/555 451/567/556 942/586/547 941/1676/546
f 451/567/556 450/585/557 943/604/550 942/586/547
f 450/585/557 58/603/521 198/623/523 943/604/550
f 943/604/550 198/623/523 199/644/530 946/624/551
f 946/624/551 199/644/530 200/1672/529 949/1675/554
f 949/1857/554 200/1859/529 18/691/409 222/667/408
f 948/1855/552 949/1857/554 222/667/408 223/645/407
f 947/1852/553 948/1855/552 223/645/407 224/625/406
f 441/1848/434 947/1852/553 224/625/406 17/606/386
f 442/568/433 944/1610/549 947/1612/553 441/1613/434
f 443/550/432 941/1608/546 944/1610/549 442/568/433
f 951/1434/558 952/1458/559 950/1435/560 966/2181/561
f 953/1479/562 954/2196/563 950/1435/560 952/1458/559
f 955/1502/564 956/1503/565 950/1435/560 954/2196/563
f 957/1527/566 958/2173/567 950/1435/560 956/1503/565
f 959/1506/568 960/1482/569 950/1435/560 958/2173/567
f 961/1481/570 962/2169/571 950/1435/560 960/1482/569
f 963/1459/572 964/1436/573 950/1435/560 962/2169/571
f 965/1410/574 966/2181/561 950/1435/560 964/1436/573
f 10/1433/575 372/1457/576 951/1434/558 377/1409/577
f 372/1457/576 373/1478/578 952/1458/559 951/1434/558
f 377/1409/577 951/1434/558 966/2181/561 376/2192/579
f 67/1523/580 369/1501/581 953/1479/562 374/1500/582
f 369/1501/581 370/2203/583 954/2196/563 953/1479/562
f 374/1500/582 953/1479/562 952/1458/559 373/1478/578
f 68/1545/584 366/1525/585 955/1502/564 371/1524/586
f 366/1525/585 367/1526/587 956/1503/565 955/1502/564
f 371/1524/586 955/1502/564 954/2196/563 370/2197/583
f 69/1565/588 363/1547/589 957/1527/566 368/1546/590
f 363/1547/589 364/2185/591 958/2173/567 957/1527/566
f 368/1546/590 957/1527/566 956/1503/565 367/1526/587
f 70/1548/592 360/1529/593 959/1506/568 365/1530/594
f 360/1529/593 361/1508/595 960/1482/569 959/1506/568
f 365/1530/594 959/1506/568 958/2173/567 364/2174/591
f 71/1528/596 357/1505/597 961/1481/570 362/1507/598
f 357/1505/597 358/2168/599 962/2169/571 961/1481/570
f 362/1507/598 961/1481/570 960/1482/569 361/1508/595
f 72/1504/600 354/1480/601 963/1459/572 359/1483/602
f 354/1480/601 355/1460/603 964/1436/573 963/1459/572
f 359/1483/602 963/1459/572 962/2169/571 358/2172/599
f 73/1411/604 375/1385/605 965/1410/574 356/1437/606
f 375/1385/605 376/2180/579 966/2181/561 965/1410/574
f 356/1437/606 965/1410/574 964/1436/573 355/1460/603
f 967/2160/607 968/2164/608 971/2162/609 970/1299/610
f 968/2131/608 969/2129/611 972/1352/612 971/2130/609
f 970/1299/610 971/2162/609 974/2158/613 973/1326/614
f 971/2130/609 972/1352/612 975/1378/615 974/2128/613
f 80/1218/616 593/1913/617 967/1915/607 566/1914/618
f 593/1968/617 592/1271/619 968/1967/608 967/1969/607
f 592/1271/619 591/1298/620 969/1965/611 968/1967/608
f 591/1298/620 81/1325/621 519/1963/622 969/1965/611
f 969/2129/611 519/2127/622 520/1377/623 972/1352/612
f 972/1352/612 520/1377/623 521/1402/624 975/1378/615
f 975/1378/615 521/1402/624 61/1427/625 482/1403/626
f 974/2128/613 975/1378/615 482/1403/626 481/2126/627
f 973/1326/614 974/2158/613 481/2154/627 480/1353/628
f 564/1300/629 973/1326/614 480/1353/628 60/1327/630
f 565/1272/631 970/1299/610 973/1326/614 564/1300/629
f 566/2156/618 967/2160/607 970/1299/610 565/1272/631
f 976/2085/632 977/2080/633 980/1419/634 979/1445/635
f 977/2080/633 978/2081/636 981/1393/637 980/1419/634
f 979/1445/635 980/1419/634 983/1444/638 982/1467/639
f 980/1419/634 981/1393/637 984/1418/640 983/1444/638
f 79/1420/641 590/1394/642 976/1944/632 513/1946/643
f 590/1394/642 589/1368/644 977/1942/633 976/1944/632
f 589/1368/644 588/1341/645 978/1940/636 977/1942/633
f 588/1341/645 76/1313/646 554/1938/647 978/1940/636
f 978/2081/636 554/2084/647 553/1367/648 981/1393/637
f 981/1393/637 553/1367/648 552/1392/649 984/1418/640
f 984/1418/640 552/1392/649 64/1417/650 491/1443/651
f 983/1444/638 984/1418/640 491/1443/651 490/1466/652
f 982/1467/639 983/1444/638 490/1466/652 489/1489/653
f 515/1490/654 982/1467/639 489/1489/653 63/1514/655
f 514/1468/656 979/1445/635 982/1467/639 515/1490/654
f 513/2089/643 976/2085/632 979/1445/635 514/1468/656
f 985/2125/657 986/2121/658 989/1425/659 988/1401/660
f 986/2121/658 987/2116/661 990/1449/662 989/1425/659
f 988/1401/660 989/1425/659 992/1450/663 991/1426/664
f 989/1425/659 990/1449/662 993/1471/665 992/1450/663
f 81/1325/621 587/1351/666 985/1961/657 519/1963/622
f 587/1351/666 586/1376/667 986/1959/658 985/1961/657
f 586/1376/667 585/1400/668 987/1957/661 986/1959/658
f 585/1400/668 78/1424/669 560/1955/670 987/1957/661
f 987/2116/661 560/2117/670 559/1470/671 990/1449/662
f 990/1449/662 559/1470/671 558/1493/672 993/1471/665
f 993/1471/665 558/1493/672 62/1517/673 485/1494/674
f 992/1450/663 993/1471/665 485/1494/674 484/1472/675
f 991/1426/664 992/1450/663 484/1472/675 483/1451/676
f 521/1402/624 991/1426/664 483/1451/676 61/1427/625
f 520/1377/623 988/1401/660 991/1426/664 521/1402/624
f 519/2127/622 985/2125/657 988/1401/660 520/1377/623
f 994/2053/677 995/2049/678 998/1200/679 997/1227/680
f 995/2049/678 996/2044/681 999/1174/682 998/1200/679
f 997/1227/680 998/1200/679 1001/1226/683 1000/1254/684
f 998/1200/679 999/1174/682 1002/1199/685 1001/1226/683
f 77/1201/686 584/1175/687 994/1884/677 507/1880/688
f 584/1175/687 583/1149/689 995/1888/678 994/1884/677
f 583/1149/689 582/1123/690 996/1891/681 995/1888/678
f 582/1123/690 74/1097/691 548/1893/692 996/1891/681
f 996/2044/681 548/2045/692 547/1148/693 999/1174/682
f 999/1174/682 547/1148/693 546/1173/694 1002/1199/685
f 1002/1199/685 546/1173/694 66/1198/695 497/1225/696
f 1001/1226/683 1002/1199/685 497/1225/696 496/1253/697
f 1000/1254/684 1001/1226/683 496/1253/697 495/1282/698
f 509/1283/699 1000/1254/684 495/1282/698 65/1311/700
f 508/1255/701 997/1227/680 1000/1254/684 509/1283/699
f 507/2055/688 994/2053/677 997/1227/680 508/1255/701
f 1003/2157/702 1004/2152/703 1007/1219/704 1006/1194/705
f 1004/2152/703 1005/2153/706 1008/1245/707 1007/1219/704
f 1006/1194/705 1007/1219/704 1010/1246/708 1009/1220/709
f 1007/1219/704 1008/1245/707 1011/1273/710 1010/1246/708
f 75/1121/711 581/1145/712 1003/1908/702 501/1906/713
f 581/1145/712 580/1169/714 1004/1910/703 1003/1908/702
f 580/1169/714 579/1193/715 1005/1912/706 1004/1910/703
f 579/1193/715 80/1218/616 566/1914/618 1005/1912/706
f 1005/2153/706 566/2156/618 565/1272/631 1008/1245/707
f 1008/1245/707 565/1272/631 564/1300/629 1011/1273/710
f 1011/1273/710 564/1300/629 60/1327/630 479/1301/716
f 1010/1246/708 1011/1273/710 479/1301/716 478/1274/717
f 1009/1220/709 1010/1246/708 478/1274/717 477/1247/718
f 503/1195/719 1009/1220/709 477/1247/718 59/1221/720
f 502/1170/721 1006/1194/705 1009/1220/709 503/1195/719
f 501/2161/713 1003/2157/702 1006/1194/705 502/1170/721
f 1012/2120/722 1013/2124/723 1016/2122/724 1015/1492/725
f 1013/2095/723 1014/2093/726 1017/1491/727 1016/2094/724
f 1015/1492/725 1016/2122/724 1019/2118/728 1018/1516/729
f 1016/2094/724 1017/1491/727 1020/1515/730 1019/2091/728
f 78/1424/669 578/1448/731 1012/1953/722 560/1955/670
f 578/1448/731 577/1469/732 1013/1951/723 1012/1953/722
f 577/1469/732 576/1446/733 1014/1948/726 1013/1951/723
f 576/1446/733 79/1420/641 513/1946/643 1014/1948/726
f 1014/2093/726 513/2089/643 514/1468/656 1017/1491/727
f 1017/1491/727 514/1468/656 515/1490/654 1020/1515/730
f 1020/1515/730 515/1490/654 63/1514/655 488/1537/734
f 1019/2091/728 1020/1515/730 488/1537/734 487/2087/735
f 1018/1516/729 1019/2118/728 487/2114/735 486/1538/736
f 558/1493/672 1018/1516/729 486/1538/736 62/1517/673
f 559/1470/671 1015/1492/725 1018/1516/729 558/1493/672
f 560/2117/670 1012/2120/722 1015/1492/725 559/1470/671
f 1021/2088/737 1022/2092/738 1025/2090/739 1024/1340/740
f 1022/2059/738 1023/2057/741 1026/1284/742 1025/2058/739
f 1024/1340/740 1025/2090/739 1028/2086/743 1027/1366/744
f 1025/2058/739 1026/1284/742 1029/1312/745 1028/2056/743
f 76/1313/646 575/1935/746 1021/1937/737 554/1938/647
f 575/1886/746 574/1256/747 1022/1885/738 1021/1889/737
f 574/1256/747 573/1228/748 1023/1881/741 1022/1885/738
f 573/1228/748 77/1201/686 507/1880/688 1023/1881/741
f 1023/2057/741 507/2055/688 508/1255/701 1026/1284/742
f 1026/1284/742 508/1255/701 509/1283/699 1029/1312/745
f 1029/1312/745 509/1283/699 65/1311/700 494/1339/749
f 1028/2056/743 1029/1312/745 494/1339/749 493/2054/750
f 1027/1366/744 1028/2086/743 493/2082/750 492/1391/751
f 552/1392/649 1027/1366/744 492/1391/751 64/1417/650
f 553/1367/648 1024/1340/740 1027/1366/744 552/1392/649
f 554/2084/647 1021/2088/737 1024/1340/740 553/1367/648
f 1030/889/752 1031/862/753 1034/888/754 1033/914/755
f 1031/862/753 1032/836/756 1035/861/757 1034/888/754
f 1033/914/755 1034/888/754 1037/913/758 1036/940/759
f 1034/888/754 1035/861/757 1038/887/760 1037/913/758
f 13/1598/495 212/863/493 1030/889/752 275/1599/761
f 212/863/493 211/837/492 1031/862/753 1030/889/752
f 211/837/492 210/811/491 1032/836/756 1031/862/753
f 210/811/491 14/785/356 143/810/358 1032/836/756
f 1032/836/756 143/810/358 142/835/371 1035/861/757
f 1035/861/757 142/835/371 141/860/369 1038/887/760
f 1038/887/760 141/860/369 25/886/370 246/912/762
f 1037/913/758 1038/887/760 246/912/762 247/939/763
f 1036/940/759 1037/913/758 247/939/763 248/967/764
f 273/1601/765 1036/940/759 248/967/764 20/996/766
f 274/1600/767 1033/914/755 1036/940/759 273/1601/765
f 275/1599/761 1030/889/752 1033/914/755 274/1600/767
f 1039/677/768 1040/653/769 1043/676/770 1042/702/771
f 1040/653/769 1041/631/772 1044/652/773 1043/676/770
f 1042/702/771 1043/676/770 1046/701/774 1045/727/775
f 1043/676/770 1044/652/773 1047/675/776 1046/701/774
f 11/678/361 215/654/511 1039/677/768 147/703/362
f 215/654/511 214/632/510 1040/653/769 1039/677/768
f 214/632/510 213/611/509 1041/631/772 1040/653/769
f 213/611/509 12/590/381 158/610/383 1041/631/772
f 1041/631/772 158/610/383 157/630/396 1044/652/773
f 1044/652/773 157/630/396 156/651/394 1047/675/776
f 1047/675/776 156/651/394 23/674/395 249/700/777
f 1046/701/774 1047/675/776 249/700/777 250/726/778
f 1045/727/775 1046/701/774 250/726/778 251/754/779
f 149/755/364 1045/727/775 251/754/779 22/782/365
f 148/728/363 1042/702/771 1045/727/775 149/755/364
f 147/703/362 1039/677/768 1042/702/771 148/728/363
f 1048/2020/780 1049/769/781 1052/796/782 1051/2018/783
f 1049/769/781 1050/795/784 1053/820/785 1052/796/782
f 1051/2018/783 1052/796/782 1055/821/786 1054/2016/787
f 1052/796/782 1053/820/785 1056/845/788 1055/821/786
f 18/691/409 218/1860/528 1048/1858/780 195/716/410
f 218/2022/528 217/742/527 1049/769/781 1048/2020/780
f 217/742/527 216/768/526 1050/795/784 1049/769/781
f 216/768/526 15/794/250 269/819/252 1050/795/784
f 1050/795/784 269/819/252 268/844/265 1053/820/785
f 1053/820/785 268/844/265 267/870/263 1056/845/788
f 1056/845/788 267/870/263 33/895/264 252/871/789
f 1055/821/786 1056/845/788 252/871/789 253/846/790
f 1054/2016/787 1055/821/786 253/846/790 254/2014/791
f 197/770/412 1054/1853/787 254/1849/791 29/797/413
f 196/743/411 1051/1856/783 1054/1853/787 197/770/412
f 195/716/410 1048/1858/780 1051/1856/783 196/743/411
f 1057/943/792 1058/969/793 1061/998/794 1060/970/795
f 1058/969/793 1059/941/796 1062/968/797 1061/998/794
f 1060/970/795 1061/998/794 1064/1027/798 1063/999/799
f 1061/998/794 1062/968/797 1065/997/800 1064/1027/798
f 16/891/255 221/916/545 1057/943/792 264/917/256
f 221/916/545 220/942/544 1058/969/793 1057/943/792
f 220/942/544 219/915/543 1059/941/796 1058/969/793
f 219/915/543 13/1598/495 275/1599/761 1059/941/796
f 1059/941/796 275/1599/761 274/1600/767 1062/968/797
f 1062/968/797 274/1600/767 273/1601/765 1065/997/800
f 1065/997/800 273/1601/765 20/996/766 255/1026/801
f 1064/1027/798 1065/997/800 255/1026/801 256/1055/802
f 1063/999/799 1064/1027/798 256/1055/802 257/1028/803
f 266/971/258 1063/999/799 257/1028/803 27/1000/259
f 265/944/257 1060/970/795 1063/999/799 266/971/258
f 264/917/256 1057/943/792 1060/970/795 265/944/257
f 1066/777/804 1067/776/805 1070/1833/805 1069/1831/804
f 1067/776/805 1068/802/806 1071/1835/806 1070/1833/805
f 1069/1877/804 1070/1879/805 1073/827/805 1072/828/804
f 1070/1879/805 1071/1883/806 1074/851/806 1073/827/805
f 50/778/807 425/750/808 1066/777/804 339/803/809
f 425/750/808 424/749/810 1067/776/805 1066/777/804
f 424/749/810 423/775/811 1068/802/806 1067/776/805
f 423/775/811 46/801/812 389/826/813 1068/802/806
f 1068/802/806 389/826/813 388/1837/813 1071/1835/806
f 1071/1883/806 388/1887/813 387/876/813 1074/851/806
f 1074/851/806 387/876/813 28/901/814 261/877/815
f 1073/827/805 1074/851/806 261/877/815 262/852/816
f 1072/828/804 1073/827/805 262/852/816 263/853/817
f 341/854/809 1072/828/804 263/853/817 26/880/818
f 340/1875/809 1069/1877/804 1072/828/804 341/854/809
f 339/803/809 1066/777/804 1069/1831/804 340/1829/809
f 1075/879/819 1076/878/820 1079/903/821 1078/904/822
f 1076/878/820 1077/902/823 1080/928/824 1079/903/821
f 1078/904/822 1079/903/821 1082/929/825 1081/930/826
f 1079/903/821 1080/928/824 1083/955/827 1082/929/825
f 26/880/818 263/853/817 1075/879/819 291/905/828
f 263/853/817 262/852/816 1076/878/820 1075/879/819
f 262/852/816 261/877/815 1077/902/823 1076/878/820
f 261/877/815 28/901/814 344/927/829 1077/902/823
f 1077/902/823 344/927/829 343/954/830 1080/928/824
f 1080/928/824 343/954/830 342/982/831 1083/955/827
f 1083/955/827 342/982/831 42/1010/832 309/983/833
f 1082/929/825 1083/955/827 309/983/833 310/956/834
f 1081/930/826 1082/929/825 310/956/834 311/957/835
f 293/958/836 1081/930/826 311/957/835 37/986/837
f 292/931/838 1078/904/822 1081/930/826 293/958/836
f 291/905/828 1075/879/819 1078/904/822 292/931/838
f 1084/1864/839 1085/1077/840 1088/1103/841 1087/1869/842
f 1085/1077/840 1086/1048/843 1089/1076/844 1088/1103/841
f 1087/1869/842 1088/1103/841 1091/1128/845 1090/1872/846
f 1088/1103/841 1089/1076/844 1092/1102/847 1091/1128/845
f 24/1104/848 272/1919/849 1084/1921/839 294/1129/850
f 272/1865/849 271/1049/851 1085/1077/840 1084/1864/839
f 271/1049/851 270/1019/852 1086/1048/843 1085/1077/840
f 270/1019/852 31/990/853 350/1018/854 1086/1048/843
f 1086/1048/843 350/1018/854 349/1047/855 1089/1076/844
f 1089/1076/844 349/1047/855 348/1075/856 1092/1102/847
f 1092/1102/847 348/1075/856 36/1101/857 312/1127/858
f 1091/1128/845 1092/1102/847 312/1127/858 313/1153/859
f 1090/1872/846 1091/1128/845 313/1153/859 314/1874/860
f 296/1179/861 1090/1925/846 314/1927/860 38/1204/862
f 295/1154/863 1087/1923/842 1090/1925/846 296/1179/861
f 294/1129/850 1084/1921/839 1087/1923/842 295/1154/863
f 1093/1163/864 1094/1187/865 1097/1213/866 1096/1188/867
f 1094/1187/865 1095/1212/868 1098/1239/869 1097/1213/866
f 1096/1188/867 1097/1213/866 1100/1240/870 1099/1214/871
f 1097/1213/866 1098/1239/869 1101/1266/872 1100/1240/870
f 30/1114/873 278/1138/874 1093/1163/864 347/1139/875
f 278/1138/874 277/1162/876 1094/1187/865 1093/1163/864
f 277/1162/876 276/1186/877 1095/1212/868 1094/1187/865
f 276/1186/877 21/1211/878 297/1238/879 1095/1212/868
f 1095/1212/868 297/1238/879 298/1265/880 1098/1239/869
f 1098/1239/869 298/1265/880 299/1293/881 1101/1266/872
f 1101/1266/872 299/1293/881 39/1321/882 315/1294/883
f 1100/1240/870 1101/1266/872 315/1294/883 316/1267/884
f 1099/1214/871 1100/1240/870 316/1267/884 317/1241/885
f 345/1189/886 1099/1214/871 317/1241/885 41/1215/887
f 346/1164/888 1096/1188/867 1099/1214/871 345/1189/886
f 347/1139/875 1093/1163/864 1096/1188/867 346/1164/888
f 1102/1207/889 1103/1181/890 1106/1206/891 1105/1233/892
f 1103/1181/890 1104/1155/893 1107/1180/894 1106/1206/891
f 1105/1233/892 1106/1206/891 1109/1232/895 1108/1260/896
f 1106/1206/891 1107/1180/894 1110/1205/897 1109/1232/895
f 32/1208/898 281/1182/899 1102/1207/889 353/1234/900
f 281/1182/899 280/1156/901 1103/1181/890 1102/1207/889
f 280/1156/901 279/1130/902 1104/1155/893 1103/1181/890
f 279/1130/902 24/1104/848 294/1129/850 1104/1155/893
f 1104/1155/893 294/1129/850 295/1154/863 1107/1180/894
f 1107/1180/894 295/1154/863 296/1179/861 1110/1205/897
f 1110/1205/897 296/1179/861 38/1204/862 318/1231/903
f 1109/1232/895 1110/1205/897 318/1231/903 319/1259/904
f 1108/1260/896 1109/1232/895 319/1259/904 320/1288/905
f 351/1289/906 1108/1260/896 320/1288/905 35/1317/907
f 352/1261/908 1105/1233/892 1108/1260/896 351/1289/906
f 353/1234/900 1102/1207/889 1105/1233/892 352/1261/908
f 1111/989/909 1112/960/910 1115/988/911 1114/1017/912
f 1112/960/910 1113/932/913 1116/959/914 1115/988/911
f 1114/1017/912 1115/988/911 1118/1016/915 1117/1046/916
f 1115/988/911 1116/959/914 1119/987/917 1118/1016/915
f 31/990/853 284/961/918 1111/989/909 350/1018/854
f 284/961/918 283/933/919 1112/960/910 1111/989/909
f 283/933/919 282/906/920 1113/932/913 1112/960/910
f 282/906/920 26/880/818 291/905/828 1113/932/913
f 1113/932/913 291/905/828 292/931/838 1116/959/914
f 1116/959/914 292/931/838 293/958/836 1119/987/917
f 1119/987/917 293/958/836 37/986/837 321/1015/921
f 1118/1016/915 1119/987/917 321/1015/921 322/1045/922
f 1117/1046/916 1118/1016/915 322/1045/922 323/1074/923
f 348/1075/856 1117/1046/916 323/1074/923 36/1101/857
f 349/1047/855 1114/1017/912 1117/1046/916 348/1075/856
f 350/1018/854 1111/989/909 1114/1017/912 349/1047/855
f 1120/1954/924 1121/1090/925 1124/1116/926 1123/1956/927
f 1121/1090/925 1122/1115/928 1125/1140/929 1124/1116/926
f 1123/1956/927 1124/1116/926 1127/1141/930 1126/1958/931
f 1124/1116/926 1125/1140/929 1128/1165/932 1127/1141/930
f 19/1006/933 287/1895/934 1120/1896/924 300/1035/935
f 287/1952/934 286/1062/936 1121/1090/925 1120/1954/924
f 286/1062/936 285/1089/937 1122/1115/928 1121/1090/925
f 285/1089/937 30/1114/873 347/1139/875 1122/1115/928
f 1122/1115/928 347/1139/875 346/1164/888 1125/1140/929
f 1125/1140/929 346/1164/888 345/1189/886 1128/1165/932
f 1128/1165/932 345/1189/886 41/1215/887 324/1190/938
f 1127/1141/930 1128/1165/932 324/1190/938 325/1166/939
f 1126/1958/931 1127/1141/930 325/1166/939 326/1960/940
f 302/1091/941 1126/1903/931 326/1905/940 40/1117/942
f 301/1063/943 1123/1900/927 1126/1903/931 302/1091/941
f 300/1035/935 1120/1896/924 1123/1900/927 301/1063/943
f 1129/1264/944 1130/1291/945 1133/1319/946 1132/1292/947
f 1130/1291/945 1131/1262/948 1134/1290/949 1133/1319/946
f 1132/1292/947 1133/1319/946 1136/1346/950 1135/1320/951
f 1133/1319/946 1134/1290/949 1137/1318/952 1136/1346/950
f 21/1211/878 290/1237/953 1129/1264/944 297/1238/879
f 290/1237/953 289/1263/954 1130/1291/945 1129/1264/944
f 289/1263/954 288/1235/955 1131/1262/948 1130/1291/945
f 288/1235/955 32/1208/898 353/1234/900 1131/1262/948
f 1131/1262/948 353/1234/900 352/1261/908 1134/1290/949
f 1134/1290/949 352/1261/908 351/1289/906 1137/1318/952
f 1137/1318/952 351/1289/906 35/1317/907 327/1345/956
f 1136/1346/950 1137/1318/952 327/1345/956 328/1372/957
f 1135/1320/951 1136/1346/950 328/1372/957 329/1347/958
f 299/1293/881 1135/1320/951 329/1347/958 39/1321/882
f 298/1265/880 1132/1292/947 1135/1320/951 299/1293/881
f 297/1238/879 1129/1264/944 1132/1292/947 298/1265/880
f 1138/953/959 1139/980/960 1142/1008/961 1141/981/962
f 1139/980/960 1140/1007/963 1143/1036/964 1142/1008/961
f 1141/981/962 1142/1008/961 1145/1037/965 1144/1009/966
f 1142/1008/961 1143/1036/964 1146/1064/967 1145/1037/965
f 28/901/814 305/926/968 1138/953/959 344/927/829
f 305/926/968 304/952/969 1139/980/960 1138/953/959
f 304/952/969 303/979/970 1140/1007/963 1139/980/960
f 303/979/970 19/1006/933 300/1035/935 1140/1007/963
f 1140/1007/963 300/1035/935 301/1063/943 1143/1036/964
f 1143/1036/964 301/1063/943 302/1091/941 1146/1064/967
f 1146/1064/967 302/1091/941 40/1117/942 330/1092/971
f 1145/1037/965 1146/1064/967 330/1092/971 331/1065/972
f 1144/1009/966 1145/1037/965 331/1065/972 332/1038/973
f 342/982/831 1144/1009/966 332/1038/973 42/1010/832
f 343/954/830 1141/981/962 1144/1009/966 342/982/831
f 344/927/829 1138/953/959 1141/981/962 343/954/830
f 1147/1815/974 1148/963/975 1151/1814/975 1150/1818/974
f 1148/963/975 1149/935/976 1152/1813/976 1151/1814/975
f 1150/1871/974 1151/1867/975 1154/1020/975 1153/1868/974
f 1151/1867/975 1152/1862/976 1155/991/976 1154/1020/975
f 49/992/977 422/1973/978 1147/1970/974 336/1021/979
f 422/1811/978 421/936/980 1148/963/975 1147/1815/974
f 421/936/980 420/909/981 1149/935/976 1148/963/975
f 420/909/981 44/883/982 383/908/983 1149/935/976
f 1149/935/976 383/908/983 382/1817/983 1152/1813/976
f 1152/1862/976 382/1863/983 381/962/983 1155/991/976
f 1155/991/976 381/962/983 31/990/853 270/1019/852
f 1154/1020/975 1155/991/976 270/1019/852 271/1049/851
f 1153/1868/974 1154/1020/975 271/1049/851 272/1865/849
f 338/1078/979 1153/1918/974 272/1919/849 24/1104/848
f 337/1917/979 1150/1916/974 1153/1918/974 338/1078/979
f 336/1021/979 1147/1970/974 1150/1971/974 337/1972/979
f 1156/1060/984 1157/1087/985 1160/1993/985 1159/1995/984
f 1157/1087/985 1158/1112/986 1161/1990/986 1160/1993/985
f 1159/1941/984 1160/1939/985 1163/1137/985 1162/1113/984
f 1160/1939/985 1161/1936/986 1164/1161/986 1163/1137/985
f 45/1004/987 419/1032/988 1156/1060/984 386/1033/989
f 419/1032/988 418/1059/990 1157/1087/985 1156/1060/984
f 418/1059/990 417/1086/991 1158/1112/986 1157/1087/985
f 417/1086/991 48/1111/992 333/1136/993 1158/1112/986
f 1158/1112/986 333/1136/993 334/1988/993 1161/1990/986
f 1161/1936/986 334/1934/993 335/1185/993 1164/1161/986
f 1164/1161/986 335/1185/993 21/1211/878 276/1186/877
f 1163/1137/985 1164/1161/986 276/1186/877 277/1162/876
f 1162/1113/984 1163/1137/985 277/1162/876 278/1138/874
f 384/1088/989 1162/1113/984 278/1138/874 30/1114/873
f 385/1943/989 1159/1941/984 1162/1113/984 384/1088/989
f 386/1033/989 1156/1060/984 1159/1995/984 385/1997/989
f 1165/1106/994 1166/1079/995 1169/1976/995 1168/1978/994
f 1166/1079/995 1167/1050/996 1170/1974/996 1169/1976/995
f 1168/1924/994 1169/1922/995 1172/1131/995 1171/1157/994
f 1169/1922/995 1170/1920/996 1173/1105/996 1172/1131/995
f 43/1107/997 416/1080/998 1165/1106/994 380/1132/999
f 416/1080/998 415/1051/1000 1166/1079/995 1165/1106/994
f 415/1051/1000 414/1022/1001 1167/1050/996 1166/1079/995
f 414/1022/1001 49/992/977 336/1021/979 1167/1050/996
f 1167/1050/996 336/1021/979 337/1972/979 1170/1974/996
f 1170/1920/996 337/1917/979 338/1078/979 1173/1105/996
f 1173/1105/996 338/1078/979 24/1104/848 279/1130/902
f 1172/1131/995 1173/1105/996 279/1130/902 280/1156/901
f 1171/1157/994 1172/1131/995 280/1156/901 281/1182/899
f 378/1183/999 1171/1157/994 281/1182/899 32/1208/898
f 379/1926/999 1168/1924/994 1171/1157/994 378/1183/999
f 380/1132/999 1165/1106/994 1168/1978/994 379/1980/999
f 1174/882/1002 1175/855/1003 1178/1822/1003 1177/1820/1002
f 1175/855/1003 1176/829/1004 1179/1826/1004 1178/1822/1003
f 1177/1866/1002 1178/1870/1003 1181/907/1003 1180/934/1002
f 1178/1870/1003 1179/1873/1004 1182/881/1004 1181/907/1003
f 44/883/982 413/856/1005 1174/882/1002 383/908/983
f 413/856/1005 412/830/1006 1175/855/1003 1174/882/1002
f 412/830/1006 411/804/1007 1176/829/1004 1175/855/1003
f 411/804/1007 50/778/807 339/803/809 1176/829/1004
f 1176/829/1004 339/803/809 340/1829/809 1179/1826/1004
f 1179/1873/1004 340/1875/809 341/854/809 1182/881/1004
f 1182/881/1004 341/854/809 26/880/818 282/906/920
f 1181/907/1003 1182/881/1004 282/906/920 283/933/919
f 1180/934/1002 1181/907/1003 283/933/919 284/961/918
f 381/962/983 1180/934/1002 284/961/918 31/990/853
f 382/1863/983 1177/1866/1002 1180/934/1002 381/962/983
f 383/908/983 1174/882/1002 1177/1820/1002 382/1817/983
f 1183/2004/1008 1184/977/1009 1187/2001/1009 1186/2003/1008
f 1184/977/1009 1185/1005/1010 1188/1999/1010 1187/2001/1009
f 1186/1949/1008 1187/1947/1009 1190/1034/1009 1189/1950/1008
f 1187/1947/1009 1188/1945/1010 1191/1061/1010 1190/1034/1009
f 47/898/1011 410/1846/1012 1183/1850/1008 306/924/1013
f 410/2006/1012 409/950/1014 1184/977/1009 1183/2004/1008
f 409/950/1014 408/976/1015 1185/1005/1010 1184/977/1009
f 408/976/1015 45/1004/987 386/1033/989 1185/1005/1010
f 1185/1005/1010 386/1033/989 385/1997/989 1188/1999/1010
f 1188/1945/1010 385/1943/989 384/1088/989 1191/1061/1010
f 1191/1061/1010 384/1088/989 30/1114/873 285/1089/937
f 1190/1034/1009 1191/1061/1010 285/1089/937 286/1062/936
f 1189/1950/1008 1190/1034/1009 286/1062/936 287/1952/934
f 308/978/1013 1189/1899/1008 287/1895/934 19/1006/933
f 307/1898/1013 1186/1902/1008 1189/1899/1008 308/978/1013
f 306/924/1013 1183/1850/1008 1186/1854/1008 307/1851/1013
f 1192/1160/1016 1193/1184/1017 1196/1984/1017 1195/1986/1016
f 1193/1184/1017 1194/1158/1018 1197/1982/1018 1196/1984/1017
f 1195/1932/1016 1196/1930/1017 1199/1236/1017 1198/1210/1016
f 1196/1930/1017 1197/1928/1018 1200/1209/1018 1199/1236/1017
f 48/1111/992 407/1135/1019 1192/1160/1016 333/1136/993
f 407/1135/1019 406/1159/1020 1193/1184/1017 1192/1160/1016
f 406/1159/1020 405/1133/1021 1194/1158/1018 1193/1184/1017
f 405/1133/1021 43/1107/997 380/1132/999 1194/1158/1018
f 1194/1158/1018 380/1132/999 379/1980/999 1197/1982/1018
f 1197/1928/1018 379/1926/999 378/1183/999 1200/1209/1018
f 1200/1209/1018 378/1183/999 32/1208/898 288/1235/955
f 1199/1236/1017 1200/1209/1018 288/1235/955 289/1263/954
f 1198/1210/1016 1199/1236/1017 289/1263/954 290/1237/953
f 335/1185/993 1198/1210/1016 290/1237/953 21/1211/878
f 334/1934/993 1195/1932/1016 1198/1210/1016 335/1185/993
f 333/1136/993 1192/1160/1016 1195/1986/1016 334/1988/993
f 1201/850/1022 1202/875/1023 1205/1843/1023 1204/1839/1022
f 1202/875/1023 1203/899/1024 1206/1847/1024 1205/1843/1023
f 1204/1890/1022 1205/1892/1023 1208/925/1023 1207/900/1022
f 1205/1892/1023 1206/1894/1024 1209/951/1024 1208/925/1023
f 46/801/812 404/825/1025 1201/850/1022 389/826/813
f 404/825/1025 403/849/1026 1202/875/1023 1201/850/1022
f 403/849/1026 402/874/1027 1203/899/1024 1202/875/1023
f 402/874/1027 47/898/1011 306/924/1013 1203/899/1024
f 1203/899/1024 306/924/1013 307/1851/1013 1206/1847/1024
f 1206/1894/1024 307/1898/1013 308/978/1013 1209/951/1024
f 1209/951/1024 308/978/1013 19/1006/933 303/979/970
f 1208/925/1023 1209/951/1024 303/979/970 304/952/969
f 1207/900/1022 1208/925/1023 304/952/969 305/926/968
f 387/876/813 1207/900/1022 305/926/968 28/901/814
f 388/1887/813 1204/1890/1022 1207/900/1022 387/876/813
f 389/826/813 1201/850/1022 1204/1839/1022 388/1837/813
f 1210/746/1028 1211/772/1029 1214/799/1030 1213/773/1031
f 1211/772/1029 1212/798/1032 1215/823/1033 1214/799/1030
f 1213/773/1031 1214/799/1030 1217/824/1034 1216/800/1035
f 1214/799/1030 1215/823/1033 1218/848/1036 1217/824/1034
f 34/695/390 260/719/416 1210/746/1028 236/720/1037
f 260/719/416 259/745/415 1211/772/1029 1210/746/1028
f 259/745/415 258/771/414 1212/798/1032 1211/772/1029
f 258/771/414 29/797/413 390/822/1038 1212/798/1032
f 1212/798/1032 390/822/1038 391/847/1039 1215/823/1033
f 1215/823/1033 391/847/1039 392/873/1040 1218/848/1036
f 1218/848/1036 392/873/1040 47/898/1011 402/874/1027
f 1217/824/1034 1218/848/1036 402/874/1027 403/849/1026
f 1216/800/1035 1217/824/1034 403/849/1026 404/825/1025
f 234/774/1041 1216/800/1035 404/825/1025 46/801/812
f 235/747/1042 1213/773/1031 1216/800/1035 234/774/1041
f 236/720/1037 1210/746/1028 1213/773/1031 235/747/1042
f 1219/1056/1043 1220/1083/1044 1223/1109/1045 1222/1084/1046
f 1220/1083/1044 1221/1054/1047 1224/1082/1048 1223/1109/1045
f 1222/1084/1046 1223/1109/1045 1226/1134/1049 1225/1110/1050
f 1223/1109/1045 1224/1082/1048 1227/1108/1051 1226/1134/1049
f 27/1000/259 257/1028/803 1219/1056/1043 393/1029/1052
f 257/1028/803 256/1055/802 1220/1083/1044 1219/1056/1043
f 256/1055/802 255/1026/801 1221/1054/1047 1220/1083/1044
f 255/1026/801 20/996/766 227/1025/1053 1221/1054/1047
f 1221/1054/1047 227/1025/1053 226/1053/1054 1224/1082/1048
f 1224/1082/1048 226/1053/1054 225/1081/1055 1227/1108/1051
f 1227/1108/1051 225/1081/1055 43/1107/997 405/1133/1021
f 1226/1134/1049 1227/1108/1051 405/1133/1021 406/1159/1020
f 1225/1110/1050 1226/1134/1049 406/1159/1020 407/1135/1019
f 395/1085/1056 1225/1110/1050 407/1135/1019 48/1111/992
f 394/1057/1057 1222/1084/1046 1225/1110/1050 395/1085/1056
f 393/1029/1052 1219/1056/1043 1222/1084/1046 394/1057/1057
f 1228/2012/1058 1229/872/1059 1232/897/1060 1231/2010/1061
f 1229/872/1059 1230/896/1062 1233/922/1063 1232/897/1060
f 1231/2010/1061 1232/897/1060 1235/923/1064 1234/2008/1065
f 1232/897/1060 1233/922/1063 1236/949/1066 1235/923/1064
f 29/797/413 254/1849/791 1228/1845/1058 390/822/1038
f 254/2014/791 253/846/790 1229/872/1059 1228/2012/1058
f 253/846/790 252/871/789 1230/896/1062 1229/872/1059
f 252/871/789 33/895/264 233/921/1067 1230/896/1062
f 1230/896/1062 233/921/1067 232/948/1068 1233/922/1063
f 1233/922/1063 232/948/1068 231/975/1069 1236/949/1066
f 1236/949/1066 231/975/1069 45/1004/987 408/976/1015
f 1235/923/1064 1236/949/1066 408/976/1015 409/950/1014
f 1234/2008/1065 1235/923/1064 409/950/1014 410/2006/1012
f 392/873/1040 1234/1842/1065 410/1846/1012 47/898/1011
f 391/847/1039 1231/1841/1061 1234/1842/1065 392/873/1040
f 390/822/1038 1228/1845/1058 1231/1841/1061 391/847/1039
f 1237/781/1070 1238/753/1071 1241/780/1072 1240/806/1073
f 1238/753/1071 1239/725/1074 1242/752/1075 1241/780/1072
f 1240/806/1073 1241/780/1072 1244/805/1076 1243/831/1077
f 1241/780/1072 1242/752/1075 1245/779/1078 1244/805/1076
f 22/782/365 251/754/779 1237/781/1070 230/807/1079
f 251/754/779 250/726/778 1238/753/1071 1237/781/1070
f 250/726/778 249/700/777 1239/725/1074 1238/753/1071
f 249/700/777 23/674/395 399/699/1080 1239/725/1074
f 1239/725/1074 399/699/1080 400/724/1081 1242/752/1075
f 1242/752/1075 400/724/1081 401/751/1082 1245/779/1078
f 1245/779/1078 401/751/1082 50/778/807 411/804/1007
f 1244/805/1076 1245/779/1078 411/804/1007 412/830/1006
f 1243/831/1077 1244/805/1076 412/830/1006 413/856/1005
f 228/857/1083 1243/831/1077 413/856/1005 44/883/982
f 229/832/1084 1240/806/1073 1243/831/1077 228/857/1083
f 230/807/1079 1237/781/1070 1240/806/1073 229/832/1084
f 1246/995/1085 1247/966/1086 1250/994/1087 1249/1024/1088
f 1247/966/1086 1248/938/1089 1251/965/1090 1250/994/1087
f 1249/1024/1088 1250/994/1087 1253/1023/1091 1252/1052/1092
f 1250/994/1087 1251/965/1090 1254/993/1093 1253/1023/1091
f 20/996/766 248/967/764 1246/995/1085 227/1025/1053
f 248/967/764 247/939/763 1247/966/1086 1246/995/1085
f 247/939/763 246/912/762 1248/938/1089 1247/966/1086
f 246/912/762 25/886/370 396/911/1094 1248/938/1089
f 1248/938/1089 396/911/1094 397/937/1095 1251/965/1090
f 1251/965/1090 397/937/1095 398/964/1096 1254/993/1093
f 1254/993/1093 398/964/1096 49/992/977 414/1022/1001
f 1253/1023/1091 1254/993/1093 414/1022/1001 415/1051/1000
f 1252/1052/1092 1253/1023/1091 415/1051/1000 416/1080/998
f 225/1081/1055 1252/1052/1092 416/1080/998 43/1107/997
f 226/1053/1054 1249/1024/1088 1252/1052/1092 225/1081/1055
f 227/1025/1053 1246/995/1085 1249/1024/1088 226/1053/1054
f 1255/947/1097 1256/973/1098 1259/1002/1099 1258/974/1100
f 1256/973/1098 1257/1001/1101 1260/1030/1102 1259/1002/1099
f 1258/974/1100 1259/1002/1099 1262/1031/1103 1261/1003/1104
f 1259/1002/1099 1260/1030/1102 1263/1058/1105 1262/1031/1103
f 33/895/264 245/920/262 1255/947/1097 233/921/1067
f 245/920/262 244/946/261 1256/973/1098 1255/947/1097
f 244/946/261 243/972/260 1257/1001/1101 1256/973/1098
f 243/972/260 27/1000/259 393/1029/1052 1257/1001/1101
f 1257/1001/1101 393/1029/1052 394/1057/1057 1260/1030/1102
f 1260/1030/1102 394/1057/1057 395/1085/1056 1263/1058/1105
f 1263/1058/1105 395/1085/1056 48/1111/992 417/1086/991
f 1262/1031/1103 1263/1058/1105 417/1086/991 418/1059/990
f 1261/1003/1104 1262/1031/1103 418/1059/990 419/1032/988
f 231/975/1069 1261/1003/1104 419/1032/988 45/1004/987
f 232/948/1068 1258/974/1100 1261/1003/1104 231/975/1069
f 233/921/1067 1255/947/1097 1258/974/1100 232/948/1068
f 1264/1810/1106 1265/859/1107 1268/885/1108 1267/1809/1109
f 1265/859/1107 1266/833/1110 1269/858/1111 1268/885/1108
f 1267/1809/1109 1268/885/1108 1271/910/1112 1270/1808/1113
f 1268/885/1108 1269/858/1111 1272/884/1114 1271/910/1112
f 25/886/370 242/1981/368 1264/1979/1106 396/911/1094
f 242/1812/368 241/834/367 1265/859/1107 1264/1810/1106
f 241/834/367 240/808/366 1266/833/1110 1265/859/1107
f 240/808/366 22/782/365 230/807/1079 1266/833/1110
f 1266/833/1110 230/807/1079 229/832/1084 1269/858/1111
f 1269/858/1111 229/832/1084 228/857/1083 1272/884/1114
f 1272/884/1114 228/857/1083 44/883/982 420/909/981
f 1271/910/1112 1272/884/1114 420/909/981 421/936/980
f 1270/1808/1113 1271/910/1112 421/936/980 422/1811/978
f 398/964/1096 1270/1975/1113 422/1973/978 49/992/977
f 397/937/1095 1267/1977/1109 1270/1975/1113 398/964/1096
f 396/911/1094 1264/1979/1106 1267/1977/1109 397/937/1095
f 1273/673/1115 1274/672/1116 1277/697/1117 1276/698/1118
f 1274/672/1116 1275/696/1119 1278/721/1120 1277/697/1117
f 1276/698/1118 1277/697/1117 1280/722/1121 1279/723/1122
f 1277/697/1117 1278/721/1120 1281/748/1123 1280/722/1121
f 23/674/395 239/650/393 1273/673/1115 399/699/1080
f 239/650/393 238/649/392 1274/672/1116 1273/673/1115
f 238/649/392 237/671/391 1275/696/1119 1274/672/1116
f 237/671/391 34/695/390 236/720/1037 1275/696/1119
f 1275/696/1119 236/720/1037 235/747/1042 1278/721/1120
f 1278/721/1120 235/747/1042 234/774/1041 1281/748/1123
f 1281/748/1123 234/774/1041 46/801/812 423/775/811
f 1280/722/1121 1281/748/1123 423/775/811 424/749/810
f 1279/723/1122 1280/722/1121 424/749/810 425/750/808
f 401/751/1082 1279/723/1122 425/750/808 50/778/807
f 400/724/1081 1276/698/1118 1279/723/1122 401/751/1082
f 399/699/1080 1273/673/1115 1276/698/1118 400/724/1081
f 1282/1671/1124 1283/515/1125 1286/531/1126 1285/1669/1127
f 1283/515/1125 1284/530/1128 1287/548/1129 1286/531/1126
f 1285/1669/1127 1286/531/1126 1289/549/1130 1288/1668/1131
f 1286/531/1126 1287/548/1129 1290/566/1132 1289/549/1130
f 113/1606/169 785/1607/233 1282/1604/1124 761/490/1133
f 785/1674/233 784/1670/240 1283/515/1125 1282/1671/1124
f 784/1670/240 783/1666/239 1284/530/1128 1283/515/1125
f 783/1666/239 109/1664/224 447/547/1134 1284/530/1128
f 1284/530/1128 447/547/1134 448/565/1135 1287/548/1129
f 1287/548/1129 448/565/1135 449/584/1136 1290/566/1132
f 1290/566/1132 449/584/1136 58/603/521 450/585/557
f 1289/549/1130 1290/566/1132 450/585/557 451/567/556
f 1288/1668/1131 1289/549/1130 451/567/556 452/1673/555
f 759/516/1137 1288/1603/1131 452/1605/555 56/532/431
f 760/502/1138 1285/1602/1127 1288/1603/1131 759/516/1137
f 761/490/1133 1282/1604/1124 1285/1602/1127 760/502/1138
f 1291/736/1139 1292/762/1140 1295/789/1141 1294/763/1142
f 1292/762/1140 1293/735/1143 1296/761/1144 1295/789/1141
f 1294/763/1142 1295/789/1141 1298/814/1145 1297/790/1146
f 1295/789/1141 1296/761/1144 1299/788/1147 1298/814/1145
f 108/1648/193 782/1646/232 1291/736/1139 444/710/1148
f 782/1646/232 781/1644/231 1292/762/1140 1291/736/1139
f 781/1644/231 780/1642/227 1293/735/1143 1292/762/1140
f 780/1642/227 111/1640/206 755/1594/1149 1293/735/1143
f 1293/735/1143 755/1594/1149 754/1593/1150 1296/761/1144
f 1296/761/1144 754/1593/1150 753/1592/1151 1299/788/1147
f 1299/788/1147 753/1592/1151 54/1595/486 453/813/542
f 1298/814/1145 1299/788/1147 453/813/542 454/839/541
f 1297/790/1146 1298/814/1145 454/839/541 455/815/540
f 446/764/1152 1297/790/1146 455/815/540 57/791/471
f 445/737/1153 1294/763/1142 1297/790/1146 446/764/1152
f 444/710/1148 1291/736/1139 1294/763/1142 445/737/1153
f 1300/564/1154 1301/582/1155 1304/601/1156 1303/583/1157
f 1301/582/1155 1302/600/1158 1305/620/1159 1304/601/1156
f 1303/583/1157 1304/601/1156 1307/621/1160 1306/602/1161
f 1304/601/1156 1305/620/1159 1308/641/1162 1307/621/1160
f 109/1664/224 779/1662/223 1300/564/1154 447/547/1134
f 779/1662/223 778/1660/222 1301/582/1155 1300/564/1154
f 778/1660/222 777/1658/217 1302/600/1158 1301/582/1155
f 777/1658/217 112/1656/196 758/619/1163 1302/600/1158
f 1302/600/1158 758/619/1163 757/640/1164 1305/620/1159
f 1305/620/1159 757/640/1164 756/663/1165 1308/641/1162
f 1308/641/1162 756/663/1165 55/688/466 456/664/525
f 1307/621/1160 1308/641/1162 456/664/525 457/642/524
f 1306/602/1161 1307/621/1160 457/642/524 458/622/522
f 449/584/1136 1306/602/1161 458/622/522 58/603/521
f 448/565/1135 1303/583/1157 1306/602/1161 449/584/1136
f 447/547/1134 1300/564/1154 1303/583/1157 448/565/1135
f 1309/523/1166 1310/508/1167 1313/522/1168 1312/539/1169
f 1310/508/1167 1311/495/1170 1314/507/1171 1313/522/1168
f 1312/539/1169 1313/522/1168 1316/538/1172 1315/555/1173
f 1313/522/1168 1314/507/1171 1317/521/1174 1316/538/1172
f 110/1624/181 776/1622/207 1309/523/1166 752/540/1175
f 776/1622/207 775/1620/214 1310/508/1167 1309/523/1166
f 775/1620/214 774/1618/213 1311/495/1170 1310/508/1167
f 774/1618/213 107/1616/172 429/482/1176 1311/495/1170
f 1311/495/1170 429/482/1176 430/494/1177 1314/507/1171
f 1314/507/1171 430/494/1177 431/506/1178 1317/521/1174
f 1317/521/1174 431/506/1178 52/520/426 459/537/508
f 1316/538/1172 1317/521/1174 459/537/508 460/554/507
f 1315/555/1173 1316/538/1172 460/554/507 461/573/506
f 750/574/1179 1315/555/1173 461/573/506 53/593/451
f 751/556/1180 1312/539/1169 1315/555/1173 750/574/1179
f 752/540/1175 1309/523/1166 1312/539/1169 751/556/1180
f 1318/684/1181 1319/660/1182 1322/683/1183 1321/709/1184
f 1319/660/1182 1320/638/1185 1323/659/1186 1322/683/1183
f 1321/709/1184 1322/683/1183 1325/708/1187 1324/734/1188
f 1322/683/1183 1323/659/1186 1326/682/1189 1325/708/1187
f 111/1640/206 773/1638/197 1318/684/1181 755/1594/1149
f 773/1638/197 772/1636/205 1319/660/1182 1318/684/1181
f 772/1636/205 771/1634/204 1320/638/1185 1319/660/1182
f 771/1634/204 106/1632/184 426/617/1190 1320/638/1185
f 1320/638/1185 426/617/1190 427/637/1191 1323/659/1186
f 1323/659/1186 427/637/1191 428/658/1192 1326/682/1189
f 1326/682/1189 428/658/1192 51/681/446 462/707/490
f 1325/708/1187 1326/682/1189 462/707/490 463/733/489
f 1324/734/1188 1325/708/1187 463/733/489 464/760/487
f 753/1592/1151 1324/734/1188 464/760/487 54/1595/486
f 754/1593/1150 1321/709/1184 1324/734/1188 753/1592/1151
f 755/1594/1149 1318/684/1181 1321/709/1184 754/1593/1150
f 1327/639/1193 1328/661/1194 1331/686/1195 1330/662/1196
f 1328/661/1194 1329/685/1197 1332/711/1198 1331/686/1195
f 1330/662/1196 1331/686/1195 1334/712/1199 1333/687/1200
f 1331/686/1195 1332/711/1198 1335/738/1201 1334/712/1199
f 112/1656/196 770/1654/185 1327/639/1193 758/619/1163
f 770/1654/185 769/1652/195 1328/661/1194 1327/639/1193
f 769/1652/195 768/1650/194 1329/685/1197 1328/661/1194
f 768/1650/194 108/1648/193 444/710/1148 1329/685/1197
f 1329/685/1197 444/710/1148 445/737/1153 1332/711/1198
f 1332/711/1198 445/737/1153 446/764/1152 1335/738/1201
f 1335/738/1201 446/764/1152 57/791/471 465/765/470
f 1334/712/1199 1335/738/1201 465/765/470 466/739/469
f 1333/687/1200 1334/712/1199 466/739/469 467/713/467
f 756/663/1165 1333/687/1200 467/713/467 55/688/466
f 757/640/1164 1330/662/1196 1333/687/1200 756/663/1165
f 758/619/1163 1327/639/1193 1330/662/1196 757/640/1164
f 1336/596/1202 1337/576/1203 1340/595/1204 1339/616/1205
f 1337/576/1203 1338/557/1206 1341/575/1207 1340/595/1204
f 1339/616/1205 1340/595/1204 1343/615/1208 1342/636/1209
f 1340/595/1204 1341/575/1207 1344/594/1210 1343/615/1208
f 106/1632/184 767/1630/183 1336/596/1202 426/617/1190
f 767/1630/183 766/1628/182 1337/576/1203 1336/596/1202
f 766/1628/182 765/1626/175 1338/557/1206 1337/576/1203
f 765/1626/175 110/1624/181 752/540/1175 1338/557/1206
f 1338/557/1206 752/540/1175 751/556/1180 1341/575/1207
f 1341/575/1207 751/556/1180 750/574/1179 1344/594/1210
f 1344/594/1210 750/574/1179 53/593/451 468/614/450
f 1343/615/1208 1344/594/1210 468/614/450 469/635/449
f 1342/636/1209 1343/615/1208 469/635/449 470/657/447
f 428/658/1192 1342/636/1209 470/657/447 51/681/446
f 427/637/1191 1339/616/1205 1342/636/1209 428/658/1192
f 426/617/1190 1336/596/1202 1339/616/1205 427/637/1191
f 1345/467/1211 1346/466/1212 1349/480/1213 1348/481/1214
f 1346/466/1212 1347/479/1215 1350/491/1216 1349/480/1213
f 1348/481/1214 1349/480/1213 1352/492/1217 1351/493/1218
f 1349/480/1213 1350/491/1216 1353/503/1219 1352/492/1217
f 107/1616/172 764/1614/171 1345/467/1211 429/482/1176
f 764/1614/171 763/1611/170 1346/466/1212 1345/467/1211
f 763/1611/170 762/1609/163 1347/479/1215 1346/466/1212
f 762/1609/163 113/1606/169 761/490/1133 1347/479/1215
f 1347/479/1215 761/490/1133 760/502/1138 1350/491/1216
f 1350/491/1216 760/502/1138 759/516/1137 1353/503/1219
f 1353/503/1219 759/516/1137 56/532/431 471/517/430
f 1352/492/1217 1353/503/1219 471/517/430 472/504/429
f 1351/493/1218 1352/492/1217 472/504/429 473/505/427
f 431/506/1178 1351/493/1218 473/505/427 52/520/426
f 430/494/1177 1348/481/1214 1351/493/1218 431/506/1178
f 429/482/1176 1345/467/1211 1348/481/1214 430/494/1177
f 1354/1413/1220 1355/1387/1221 1358/1412/1222 1357/1438/1223
f 1355/1387/1221 1356/1361/1224 1359/1386/1225 1358/1412/1222
f 1357/1438/1223 1358/1412/1222 1361/2029/1226 1360/2032/1227
f 1358/1412/1222 1359/1386/1225 1362/2025/1228 1361/2029/1226
f 83/1414/1229 641/1388/1230 1354/1413/1220 599/1439/1231
f 641/1388/1230 640/1362/1232 1355/1387/1221 1354/1413/1220
f 640/1362/1232 639/1335/1233 1356/1361/1224 1355/1387/1221
f 639/1335/1233 82/1307/1234 522/1334/1235 1356/1361/1224
f 1356/1361/1224 522/1334/1235 523/1360/1236 1359/1386/1225
f 1359/1386/1225 523/1360/1236 524/2024/1237 1362/2025/1228
f 1362/2188/1228 524/2200/1237 73/1411/604 356/1437/606
f 1361/2179/1226 1362/2188/1228 356/1437/606 355/1460/603
f 1360/2178/1227 1361/2179/1226 355/1460/603 354/1480/601
f 597/2189/1238 1360/2178/1227 354/1480/601 72/1504/600
f 598/1461/1239 1357/1438/1223 1360/2032/1227 597/2034/1238
f 599/1439/1231 1354/1413/1220 1357/1438/1223 598/1461/1239
f 1363/2048/1240 1364/2052/1241 1367/2050/1242 1366/1122/1243
f 1364/2167/1241 1365/2165/1244 1368/1146/1245 1367/2166/1242
f 1366/1122/1243 1367/2050/1242 1370/2046/1246 1369/1147/1247
f 1367/2166/1242 1368/1146/1245 1371/1171/1248 1370/2163/1246
f 74/1097/691 572/1070/1249 1363/1897/1240 548/1893/692
f 572/1070/1249 571/1069/1250 1364/1901/1241 1363/1897/1240
f 571/1069/1250 570/1096/1251 1365/1904/1244 1364/1901/1241
f 570/1096/1251 75/1121/711 501/1906/713 1365/1904/1244
f 1365/2165/1244 501/2161/713 502/1170/721 1368/1146/1245
f 1368/1146/1245 502/1170/721 503/1195/719 1371/1171/1248
f 1371/1171/1248 503/1195/719 59/1221/720 476/1196/1252
f 1370/2163/1246 1371/1171/1248 476/1196/1252 475/2159/1253
f 1369/1147/1247 1370/2046/1246 475/2042/1253 474/1172/1254
f 546/1173/694 1369/1147/1247 474/1172/1254 66/1198/695
f 547/1148/693 1366/1122/1243 1369/1147/1247 546/1173/694
f 548/2045/692 1363/2048/1240 1366/1122/1243 547/1148/693
f 1372/1578/1255 1373/1568/1256 1376/1549/1257 1375/1566/1258
f 1373/1568/1256 1374/1552/1259 1377/1550/1260 1376/1549/1257
f 1375/1566/1258 1376/1549/1257 1379/2061/1261 1378/2063/1262
f 1376/1549/1257 1377/1550/1260 1380/2060/1263 1379/2061/1261
f 85/1581/1264 638/1569/1265 1372/1578/1255 605/1588/1266
f 638/1569/1265 637/1553/1267 1373/1568/1256 1372/1578/1255
f 637/1553/1267 636/1533/1268 1374/1552/1259 1373/1568/1256
f 636/1533/1268 84/1510/1269 528/1532/1270 1374/1552/1259
f 1374/1552/1259 528/1532/1270 529/1551/1271 1377/1550/1260
f 1377/1550/1260 529/1551/1271 530/2062/1272 1380/2060/1263
f 1380/2176/1263 530/2177/1272 71/1528/596 362/1507/598
f 1379/2175/1261 1380/2176/1263 362/1507/598 361/1508/595
f 1378/2184/1262 1379/2175/1261 361/1508/595 360/1529/593
f 603/2193/1273 1378/2184/1262 360/1529/593 70/1548/592
f 604/1579/1274 1375/1566/1258 1378/2063/1262 603/2067/1273
f 605/1588/1266 1372/1578/1255 1375/1566/1258 604/1579/1274
f 1381/1561/1275 1382/1575/1276 1385/1564/1277 1384/1563/1278
f 1382/1575/1276 1383/1585/1279 1386/1576/1280 1385/1564/1277
f 1384/1563/1278 1385/1564/1277 1388/2099/1281 1387/2102/1282
f 1385/1564/1277 1386/1576/1280 1389/2097/1283 1388/2099/1281
f 87/1521/1284 635/1542/1285 1381/1561/1275 611/1543/1286
f 635/1542/1285 634/1560/1287 1382/1575/1276 1381/1561/1275
f 634/1560/1287 633/1574/1288 1383/1585/1279 1382/1575/1276
f 633/1574/1288 86/1584/1289 534/1591/1290 1383/1585/1279
f 1383/1585/1279 534/1591/1290 535/1586/1291 1386/1576/1280
f 1386/1576/1280 535/1586/1291 536/2096/1292 1389/2097/1283
f 1389/2199/1283 536/2206/1292 69/1565/588 368/1546/590
f 1388/2198/1281 1389/2199/1283 368/1546/590 367/1526/587
f 1387/2207/1282 1388/2198/1281 367/1526/587 366/1525/585
f 609/2214/1293 1387/2207/1282 366/1525/585 68/1545/584
f 610/1562/1294 1384/1563/1278 1387/2102/1282 609/2104/1293
f 611/1543/1286 1381/1561/1275 1384/1563/1278 610/1562/1294
f 1390/1383/1295 1391/1407/1296 1394/1432/1297 1393/1408/1298
f 1391/1407/1296 1392/1431/1299 1395/1456/1300 1394/1432/1297
f 1393/1408/1298 1394/1432/1297 1397/2133/1301 1396/2135/1302
f 1394/1432/1297 1395/1456/1300 1398/2132/1303 1397/2133/1301
f 89/1331/1304 632/1357/1305 1390/1383/1295 617/1358/1306
f 632/1357/1305 631/1382/1307 1391/1407/1296 1390/1383/1295
f 631/1382/1307 630/1406/1308 1392/1431/1299 1391/1407/1296
f 630/1406/1308 88/1430/1309 540/1455/1310 1392/1431/1299
f 1392/1431/1299 540/1455/1310 541/1477/1311 1395/1456/1300
f 1395/1456/1300 541/1477/1311 542/2134/1312 1398/2132/1303
f 1398/2210/1303 542/2215/1312 67/1523/580 374/1500/582
f 1397/2202/1301 1398/2210/1303 374/1500/582 373/1478/578
f 1396/2201/1302 1397/2202/1301 373/1478/578 372/1457/576
f 615/2211/1313 1396/2201/1302 372/1457/576 10/1433/575
f 616/1384/1314 1393/1408/1298 1396/2135/1302 615/2137/1313
f 617/1358/1306 1390/1383/1295 1393/1408/1298 616/1384/1314
f 1399/1509/1315 1400/2064/1316 1403/2065/1317 1402/1531/1318
f 1400/2038/1316 1401/1462/1319 1404/1484/1320 1403/2037/1317
f 1402/1531/1318 1403/2065/1317 1406/2069/1321 1405/2066/1322
f 1403/2037/1317 1404/1484/1320 1407/2036/1323 1406/2041/1321
f 84/1510/1269 629/1485/1324 1399/1509/1315 528/1532/1270
f 629/1485/1324 628/2068/1325 1400/2064/1316 1399/1509/1315
f 628/2040/1325 627/1440/1326 1401/1462/1319 1400/2038/1316
f 627/1440/1326 83/1414/1229 599/1439/1231 1401/1462/1319
f 1401/1462/1319 599/1439/1231 598/1461/1239 1404/1484/1320
f 1404/1484/1320 598/1461/1239 597/2034/1238 1407/2036/1323
f 1407/2183/1323 597/2189/1238 72/1504/600 359/1483/602
f 1406/2182/1321 1407/2183/1323 359/1483/602 358/2172/599
f 1405/2170/1322 1406/2171/1321 358/2168/599 357/1505/597
f 530/2177/1272 1405/2170/1322 357/1505/597 71/1528/596
f 529/1551/1271 1402/1531/1318 1405/2066/1322 530/2062/1272
f 528/1532/1270 1399/1509/1315 1402/1531/1318 529/1551/1271
f 1408/1587/1327 1409/2103/1328 1412/2100/1329 1411/1577/1330
f 1409/2072/1328 1410/1580/1331 1413/1567/1332 1412/2071/1329
f 1411/1577/1330 1412/2100/1329 1415/2101/1333 1414/2098/1334
f 1412/2071/1329 1413/1567/1332 1416/2070/1335 1415/2075/1333
f 86/1584/1289 626/1590/1336 1408/1587/1327 534/1591/1290
f 626/1590/1336 625/2105/1337 1409/2103/1328 1408/1587/1327
f 625/2074/1337 624/1589/1338 1410/1580/1331 1409/2072/1328
f 624/1589/1338 85/1581/1264 605/1588/1266 1410/1580/1331
f 1410/1580/1331 605/1588/1266 604/1579/1274 1413/1567/1332
f 1413/1567/1332 604/1579/1274 603/2067/1273 1416/2070/1335
f 1416/2187/1335 603/2193/1273 70/1548/592 365/1530/594
f 1415/2186/1333 1416/2187/1335 365/1530/594 364/2174/591
f 1414/2194/1334 1415/2195/1333 364/2185/591 363/1547/589
f 536/2206/1292 1414/2194/1334 363/1547/589 69/1565/588
f 535/1586/1291 1411/1577/1330 1414/2098/1334 536/2096/1292
f 534/1591/1290 1408/1587/1327 1411/1577/1330 535/1586/1291
f 1417/1476/1339 1418/2141/1340 1421/2138/1341 1420/1499/1342
f 1418/2111/1340 1419/1522/1343 1422/1544/1344 1421/2109/1341
f 1420/1499/1342 1421/2138/1341 1424/2139/1345 1423/2136/1346
f 1421/2109/1341 1422/1544/1344 1425/2106/1347 1424/2108/1345
f 88/1430/1309 623/1454/1348 1417/1476/1339 540/1455/1310
f 623/1454/1348 622/2144/1349 1418/2141/1340 1417/1476/1339
f 622/2113/1349 621/1498/1350 1419/1522/1343 1418/2111/1340
f 621/1498/1350 87/1521/1284 611/1543/1286 1419/1522/1343
f 1419/1522/1343 611/1543/1286 610/1562/1294 1422/1544/1344
f 1422/1544/1344 610/1562/1294 609/2104/1293 1425/2106/1347
f 1425/2209/1347 609/2214/1293 68/1545/584 371/1524/586
f 1424/2208/1345 1425/2209/1347 371/1524/586 370/2197/583
f 1423/2212/1346 1424/2213/1345 370/2203/583 369/1501/581
f 542/2215/1312 1423/2212/1346 369/1501/581 67/1523/580
f 541/1477/1311 1420/1499/1342 1423/2136/1346 542/2134/1312
f 540/1455/1310 1417/1476/1339 1420/1499/1342 541/1477/1311
f 1426/1306/1351 1427/2026/1352 1430/2027/1353 1429/1333/1354
f 1427/2145/1352 1428/1332/1355 1431/1359/1356 1430/2143/1353
f 1429/1333/1354 1430/2027/1353 1433/2031/1357 1432/2028/1358
f 1430/2143/1353 1431/1359/1356 1434/2140/1359 1433/2142/1357
f 82/1307/1234 620/1278/1360 1426/1306/1351 522/1334/1235
f 620/1278/1360 619/2030/1361 1427/2026/1352 1426/1306/1351
f 619/2147/1361 618/1305/1362 1428/1332/1355 1427/2145/1352
f 618/1305/1362 89/1331/1304 617/1358/1306 1428/1332/1355
f 1428/1332/1355 617/1358/1306 616/1384/1314 1431/1359/1356
f 1431/1359/1356 616/1384/1314 615/2137/1313 1434/2140/1359
f 1434/2205/1359 615/2211/1313 10/1433/575 377/1409/577
f 1433/2204/1357 1434/2205/1359 377/1409/577 376/2192/579
f 1432/2190/1358 1433/2191/1357 376/2180/579 375/1385/605
f 524/2200/1237 1432/2190/1358 375/1385/605 73/1411/604
f 523/1360/1236 1429/1333/1354 1432/2028/1358 524/2024/1237
f 522/1334/1235 1426/1306/1351 1429/1333/1354 523/1360/1236
f 1435/985/1363 1436/984/1364 1439/1012/1365 1438/1013/1366
f 1436/984/1364 1437/1011/1367 1440/1040/1368 1439/1012/1365
f 1438/1013/1366 1439/1012/1365 1442/1041/1369 1441/1042/1370
f 1439/1012/1365 1440/1040/1368 1443/1068/1371 1442/1041/1369
f 37/986/837 311/957/835 1435/985/1363 500/1014/1372
f 311/957/835 310/956/834 1436/984/1364 1435/985/1363
f 310/956/834 309/983/833 1437/1011/1367 1436/984/1364
f 309/983/833 42/1010/832 549/1039/1373 1437/1011/1367
f 1437/1011/1367 549/1039/1373 550/1067/1374 1440/1040/1368
f 1440/1040/1368 550/1067/1374 551/1095/1375 1443/1068/1371
f 1443/1068/1371 551/1095/1375 75/1121/711 570/1096/1251
f 1442/1041/1369 1443/1068/1371 570/1096/1251 571/1069/1250
f 1441/1042/1370 1442/1041/1369 571/1069/1250 572/1070/1249
f 498/1071/1376 1441/1042/1370 572/1070/1249 74/1097/691
f 499/1043/1377 1438/1013/1366 1441/1042/1370 498/1071/1376
f 500/1014/1372 1435/985/1363 1438/1013/1366 499/1043/1377
f 1444/1876/1378 1445/1178/1379 1448/1203/1380 1447/1878/1381
f 1445/1178/1379 1446/1152/1382 1449/1177/1383 1448/1203/1380
f 1447/1878/1381 1448/1203/1380 1451/1229/1384 1450/1882/1385
f 1448/1203/1380 1449/1177/1383 1452/1202/1386 1451/1229/1384
f 38/1204/862 314/1927/860 1444/1929/1378 506/1230/1387
f 314/1874/860 313/1153/859 1445/1178/1379 1444/1876/1378
f 313/1153/859 312/1127/858 1446/1152/1382 1445/1178/1379
f 312/1127/858 36/1101/857 555/1126/1388 1446/1152/1382
f 1446/1152/1382 555/1126/1388 556/1151/1389 1449/1177/1383
f 1449/1177/1383 556/1151/1389 557/1176/1390 1452/1202/1386
f 1452/1202/1386 557/1176/1390 77/1201/686 573/1228/748
f 1451/1229/1384 1452/1202/1386 573/1228/748 574/1256/747
f 1450/1882/1385 1451/1229/1384 574/1256/747 575/1886/746
f 504/1285/1391 1450/1933/1385 575/1935/746 76/1313/646
f 505/1257/1392 1447/1931/1381 1450/1933/1385 504/1285/1391
f 506/1230/1387 1444/1929/1378 1447/1931/1381 505/1257/1392
f 1453/1373/1393 1454/1397/1394 1457/1422/1395 1456/1398/1396
f 1454/1397/1394 1455/1371/1397 1458/1396/1398 1457/1422/1395
f 1456/1398/1396 1457/1422/1395 1460/1447/1399 1459/1423/1400
f 1457/1422/1395 1458/1396/1398 1461/1421/1401 1460/1447/1399
f 39/1321/882 329/1347/958 1453/1373/1393 512/1348/1402
f 329/1347/958 328/1372/957 1454/1397/1394 1453/1373/1393
f 328/1372/957 327/1345/956 1455/1371/1397 1454/1397/1394
f 327/1345/956 35/1317/907 561/1344/1403 1455/1371/1397
f 1455/1371/1397 561/1344/1403 562/1370/1404 1458/1396/1398
f 1458/1396/1398 562/1370/1404 563/1395/1405 1461/1421/1401
f 1461/1421/1401 563/1395/1405 79/1420/641 576/1446/733
f 1460/1447/1399 1461/1421/1401 576/1446/733 577/1469/732
f 1459/1423/1400 1460/1447/1399 577/1469/732 578/1448/731
f 510/1399/1406 1459/1423/1400 578/1448/731 78/1424/669
f 511/1374/1407 1456/1398/1396 1459/1423/1400 510/1399/1406
f 512/1348/1402 1453/1373/1393 1456/1398/1396 511/1374/1407
f 1462/1066/1408 1463/1093/1409 1466/1119/1410 1465/1094/1411
f 1463/1093/1409 1464/1118/1412 1467/1143/1413 1466/1119/1410
f 1465/1094/1411 1466/1119/1410 1469/1144/1414 1468/1120/1415
f 1466/1119/1410 1467/1143/1413 1470/1168/1416 1469/1144/1414
f 42/1010/832 332/1038/973 1462/1066/1408 549/1039/1373
f 332/1038/973 331/1065/972 1463/1093/1409 1462/1066/1408
f 331/1065/972 330/1092/971 1464/1118/1412 1463/1093/1409
f 330/1092/971 40/1117/942 518/1142/1417 1464/1118/1412
f 1464/1118/1412 518/1142/1417 517/1167/1418 1467/1143/1413
f 1467/1143/1413 517/1167/1418 516/1192/1419 1470/1168/1416
f 1470/1168/1416 516/1192/1419 80/1218/616 579/1193/715
f 1469/1144/1414 1470/1168/1416 579/1193/715 580/1169/714
f 1468/1120/1415 1469/1144/1414 580/1169/714 581/1145/712
f 551/1095/1375 1468/1120/1415 581/1145/712 75/1121/711
f 550/1067/1374 1465/1094/1411 1468/1120/1415 551/1095/1375
f 549/1039/1373 1462/1066/1408 1465/1094/1411 550/1067/1374
f 1471/1100/1420 1472/1073/1421 1475/1099/1422 1474/1125/1423
f 1472/1073/1421 1473/1044/1424 1476/1072/1425 1475/1099/1422
f 1474/1125/1423 1475/1099/1422 1478/1124/1426 1477/1150/1427
f 1475/1099/1422 1476/1072/1425 1479/1098/1428 1478/1124/1426
f 36/1101/857 323/1074/923 1471/1100/1420 555/1126/1388
f 323/1074/923 322/1045/922 1472/1073/1421 1471/1100/1420
f 322/1045/922 321/1015/921 1473/1044/1424 1472/1073/1421
f 321/1015/921 37/986/837 500/1014/1372 1473/1044/1424
f 1473/1044/1424 500/1014/1372 499/1043/1377 1476/1072/1425
f 1476/1072/1425 499/1043/1377 498/1071/1376 1479/1098/1428
f 1479/1098/1428 498/1071/1376 74/1097/691 582/1123/690
f 1478/1124/1426 1479/1098/1428 582/1123/690 583/1149/689
f 1477/1150/1427 1478/1124/1426 583/1149/689 584/1175/687
f 557/1176/1390 1477/1150/1427 584/1175/687 77/1201/686
f 556/1151/1389 1474/1125/1423 1477/1150/1427 557/1176/1390
f 555/1126/1388 1471/1100/1420 1474/1125/1423 556/1151/1389
f 1480/1268/1429 1481/1295/1430 1484/1323/1431 1483/1296/1432
f 1481/1295/1430 1482/1322/1433 1485/1349/1434 1484/1323/1431
f 1483/1296/1432 1484/1323/1431 1487/1350/1435 1486/1324/1436
f 1484/1323/1431 1485/1349/1434 1488/1375/1437 1487/1350/1435
f 41/1215/887 317/1241/885 1480/1268/1429 567/1242/1438
f 317/1241/885 316/1267/884 1481/1295/1430 1480/1268/1429
f 316/1267/884 315/1294/883 1482/1322/1433 1481/1295/1430
f 315/1294/883 39/1321/882 512/1348/1402 1482/1322/1433
f 1482/1322/1433 512/1348/1402 511/1374/1407 1485/1349/1434
f 1485/1349/1434 511/1374/1407 510/1399/1406 1488/1375/1437
f 1488/1375/1437 510/1399/1406 78/1424/669 585/1400/668
f 1487/1350/1435 1488/1375/1437 585/1400/668 586/1376/667
f 1486/1324/1436 1487/1350/1435 586/1376/667 587/1351/666
f 569/1297/1439 1486/1324/1436 587/1351/666 81/1325/621
f 568/1269/1440 1483/1296/1432 1486/1324/1436 569/1297/1439
f 567/1242/1438 1480/1268/1429 1483/1296/1432 568/1269/1440
f 1489/1316/1441 1490/1287/1442 1493/1315/1443 1492/1343/1444
f 1490/1287/1442 1491/1258/1445 1494/1286/1446 1493/1315/1443
f 1492/1343/1444 1493/1315/1443 1496/1342/1447 1495/1369/1448
f 1493/1315/1443 1494/1286/1446 1497/1314/1449 1496/1342/1447
f 35/1317/907 320/1288/905 1489/1316/1441 561/1344/1403
f 320/1288/905 319/1259/904 1490/1287/1442 1489/1316/1441
f 319/1259/904 318/1231/903 1491/1258/1445 1490/1287/1442
f 318/1231/903 38/1204/862 506/1230/1387 1491/1258/1445
f 1491/1258/1445 506/1230/1387 505/1257/1392 1494/1286/1446
f 1494/1286/1446 505/1257/1392 504/1285/1391 1497/1314/1449
f 1497/1314/1449 504/1285/1391 76/1313/646 588/1341/645
f 1496/1342/1447 1497/1314/1449 588/1341/645 589/1368/644
f 1495/1369/1448 1496/1342/1447 589/1368/644 590/1394/642
f 563/1395/1405 1495/1369/1448 590/1394/642 79/1420/641
f 562/1370/1404 1492/1343/1444 1495/1369/1448 563/1395/1405
f 561/1344/1403 1489/1316/1441 1492/1343/1444 562/1370/1404
f 1498/1962/1450 1499/1191/1451 1502/1217/1452 1501/1964/1453
f 1499/1191/1451 1500/1216/1454 1503/1243/1455 1502/1217/1452
f 1501/1964/1453 1502/1217/1452 1505/1244/1456 1504/1966/1457
f 1502/1217/1452 1503/1243/1455 1506/1270/1458 1505/1244/1456
f 40/1117/942 326/1905/940 1498/1907/1450 518/1142/1417
f 326/1960/940 325/1166/939 1499/1191/1451 1498/1962/1450
f 325/1166/939 324/1190/938 1500/1216/1454 1499/1191/1451
f 324/1190/938 41/1215/887 567/1242/1438 1500/1216/1454
f 1500/1216/1454 567/1242/1438 568/1269/1440 1503/1243/1455
f 1503/1243/1455 568/1269/1440 569/1297/1439 1506/1270/1458
f 1506/1270/1458 569/1297/1439 81/1325/621 591/1298/620
f 1505/1244/1456 1506/1270/1458 591/1298/620 592/1271/619
f 1504/1966/1457 1505/1244/1456 592/1271/619 593/1968/617
f 516/1192/1419 1504/1911/1457 593/1913/617 80/1218/616
f 517/1167/1418 1501/1909/1453 1504/1911/1457 516/1192/1419
f 518/1142/1417 1498/1907/1450 1501/1909/1453 517/1167/1418
f 1507/1197/1459 1508/2039/1460 1511/2035/1461 1510/1223/1462
f 1508/2155/1460 1509/1222/1463 1512/1249/1464 1511/2151/1461
f 1510/1223/1462 1511/2035/1461 1514/2033/1465 1513/1250/1466
f 1511/2151/1461 1512/1249/1464 1515/1277/1467 1514/2149/1465
f 66/1198/695 474/1172/1254 1507/1197/1459 594/1224/1468
f 474/1172/1254 475/2042/1253 1508/2039/1460 1507/1197/1459
f 475/2159/1253 476/1196/1252 1509/1222/1463 1508/2155/1460
f 476/1196/1252 59/1221/720 545/1248/1469 1509/1222/1463
f 1509/1222/1463 545/1248/1469 544/1276/1470 1512/1249/1464
f 1512/1249/1464 544/1276/1470 543/1304/1471 1515/1277/1467
f 1515/1277/1467 543/1304/1471 89/1331/1304 618/1305/1362
f 1514/2149/1465 1515/1277/1467 618/1305/1362 619/2147/1361
f 1513/1250/1466 1514/2033/1465 619/2030/1361 620/1278/1360
f 596/1279/1472 1513/1250/1466 620/1278/1360 82/1307/1234
f 595/1251/1473 1510/1223/1462 1513/1250/1466 596/1279/1472
f 594/1224/1468 1507/1197/1459 1510/1223/1462 595/1251/1473
f 1516/1379/1474 1517/2150/1475 1520/2148/1476 1519/1404/1477
f 1517/2123/1475 1518/1428/1478 1521/1453/1479 1520/2119/1476
f 1519/1404/1477 1520/2148/1476 1523/2146/1480 1522/1429/1481
f 1520/2119/1476 1521/1453/1479 1524/1475/1482 1523/2115/1480
f 60/1327/630 480/1353/628 1516/1379/1474 612/1354/1483
f 480/1353/628 481/2154/627 1517/2150/1475 1516/1379/1474
f 481/2126/627 482/1403/626 1518/1428/1478 1517/2123/1475
f 482/1403/626 61/1427/625 539/1452/1484 1518/1428/1478
f 1518/1428/1478 539/1452/1484 538/1474/1485 1521/1453/1479
f 1521/1453/1479 538/1474/1485 537/1497/1486 1524/1475/1482
f 1524/1475/1482 537/1497/1486 87/1521/1284 621/1498/1350
f 1523/2115/1480 1524/1475/1482 621/1498/1350 622/2113/1349
f 1522/1429/1481 1523/2146/1480 622/2144/1349 623/1454/1348
f 614/1405/1487 1522/1429/1481 623/1454/1348 88/1430/1309
f 613/1380/1488 1519/1404/1477 1522/1429/1481 614/1405/1487
f 612/1354/1483 1516/1379/1474 1519/1404/1477 613/1380/1488
f 1525/1557/1489 1526/2112/1490 1529/2110/1491 1528/1572/1492
f 1526/2083/1490 1527/1556/1493 1530/1571/1494 1529/2079/1491
f 1528/1572/1492 1529/2110/1491 1532/2107/1495 1531/1583/1496
f 1529/2079/1491 1530/1571/1494 1533/1582/1497 1532/2077/1495
f 62/1517/673 486/1538/736 1525/1557/1489 606/1539/1498
f 486/1538/736 487/2114/735 1526/2112/1490 1525/1557/1489
f 487/2087/735 488/1537/734 1527/1556/1493 1526/2083/1490
f 488/1537/734 63/1514/655 533/1536/1499 1527/1556/1493
f 1527/1556/1493 533/1536/1499 532/1555/1500 1530/1571/1494
f 1530/1571/1494 532/1555/1500 531/1570/1501 1533/1582/1497
f 1533/1582/1497 531/1570/1501 85/1581/1264 624/1589/1338
f 1532/2077/1495 1533/1582/1497 624/1589/1338 625/2074/1337
f 1531/1583/1496 1532/2107/1495 625/2105/1337 626/1590/1336
f 608/1573/1502 1531/1583/1496 626/1590/1336 86/1584/1289
f 607/1558/1503 1528/1572/1492 1531/1583/1496 608/1573/1502
f 606/1539/1498 1525/1557/1489 1528/1572/1492 607/1558/1503
f 1534/1416/1504 1535/2078/1505 1538/2076/1506 1537/1441/1507
f 1535/2051/1505 1536/1365/1508 1539/1390/1509 1538/2047/1506
f 1537/1441/1507 1538/2076/1506 1541/2073/1510 1540/1463/1511
f 1538/2047/1506 1539/1390/1509 1542/1415/1512 1541/2043/1510
f 64/1417/650 492/1391/751 1534/1416/1504 600/1442/1513
f 492/1391/751 493/2082/750 1535/2078/1505 1534/1416/1504
f 493/2054/750 494/1339/749 1536/1365/1508 1535/2051/1505
f 494/1339/749 65/1311/700 527/1338/1514 1536/1365/1508
f 1536/1365/1508 527/1338/1514 526/1364/1515 1539/1390/1509
f 1539/1390/1509 526/1364/1515 525/1389/1516 1542/1415/1512
f 1542/1415/1512 525/1389/1516 83/1414/1229 627/1440/1326
f 1541/2043/1510 1542/1415/1512 627/1440/1326 628/2040/1325
f 1540/1463/1511 1541/2073/1510 628/2068/1325 629/1485/1324
f 602/1486/1517 1540/1463/1511 629/1485/1324 84/1510/1269
f 601/1464/1518 1537/1441/1507 1540/1463/1511 602/1486/1517
f 600/1442/1513 1534/1416/1504 1537/1441/1507 601/1464/1518
f 1543/1275/1519 1544/1302/1520 1547/1329/1521 1546/1303/1522
f 1544/1302/1520 1545/1328/1523 1548/1355/1524 1547/1329/1521
f 1546/1303/1522 1547/1329/1521 1550/1356/1525 1549/1330/1526
f 1547/1329/1521 1548/1355/1524 1551/1381/1527 1550/1356/1525
f 59/1221/720 477/1247/718 1543/1275/1519 545/1248/1469
f 477/1247/718 478/1274/717 1544/1302/1520 1543/1275/1519
f 478/1274/717 479/1301/716 1545/1328/1523 1544/1302/1520
f 479/1301/716 60/1327/630 612/1354/1483 1545/1328/1523
f 1545/1328/1523 612/1354/1483 613/1380/1488 1548/1355/1524
f 1548/1355/1524 613/1380/1488 614/1405/1487 1551/1381/1527
f 1551/1381/1527 614/1405/1487 88/1430/1309 630/1406/1308
f 1550/1356/1525 1551/1381/1527 630/1406/1308 631/1382/1307
f 1549/1330/1526 1550/1356/1525 631/1382/1307 632/1357/1305
f 543/1304/1471 1549/1330/1526 632/1357/1305 89/1331/1304
f 544/1276/1470 1546/1303/1522 1549/1330/1526 543/1304/1471
f 545/1248/1469 1543/1275/1519 1546/1303/1522 544/1276/1470
f 1552/1473/1528 1553/1495/1529 1556/1519/1530 1555/1496/1531
f 1553/1495/1529 1554/1518/1532 1557/1540/1533 1556/1519/1530
f 1555/1496/1531 1556/1519/1530 1559/1541/1534 1558/1520/1535
f 1556/1519/1530 1557/1540/1533 1560/1559/1536 1559/1541/1534
f 61/1427/625 483/1451/676 1552/1473/1528 539/1452/1484
f 483/1451/676 484/1472/675 1553/1495/1529 1552/1473/1528
f 484/1472/675 485/1494/674 1554/1518/1532 1553/1495/1529
f 485/1494/674 62/1517/673 606/1539/1498 1554/1518/1532
f 1554/1518/1532 606/1539/1498 607/1558/1503 1557/1540/1533
f 1557/1540/1533 607/1558/1503 608/1573/1502 1560/1559/1536
f 1560/1559/1536 608/1573/1502 86/1584/1289 633/1574/1288
f 1559/1541/1534 1560/1559/1536 633/1574/1288 634/1560/1287
f 1558/1520/1535 1559/1541/1534 634/1560/1287 635/1542/1285
f 537/1497/1486 1558/1520/1535 635/1542/1285 87/1521/1284
f 538/1474/1485 1555/1496/1531 1558/1520/1535 537/1497/1486
f 539/1452/1484 1552/1473/1528 1555/1496/1531 538/1474/1485
f 1561/1513/1537 1562/1488/1538 1565/1512/1539 1564/1535/1540
f 1562/1488/1538 1563/1465/1541 1566/1487/1542 1565/1512/1539
f 1564/1535/1540 1565/1512/1539 1568/1534/1543 1567/1554/1544
f 1565/1512/1539 1566/1487/1542 1569/1511/1545 1568/1534/1543
f 63/1514/655 489/1489/653 1561/1513/1537 533/1536/1499
f 489/1489/653 490/1466/652 1562/1488/1538 1561/1513/1537
f 490/1466/652 491/1443/651 1563/1465/1541 1562/1488/1538
f 491/1443/651 64/1417/650 600/1442/1513 1563/1465/1541
f 1563/1465/1541 600/1442/1513 601/1464/1518 1566/1487/1542
f 1566/1487/1542 601/1464/1518 602/1486/1517 1569/1511/1545
f 1569/1511/1545 602/1486/1517 84/1510/1269 636/1533/1268
f 1568/1534/1543 1569/1511/1545 636/1533/1268 637/1553/1267
f 1567/1554/1544 1568/1534/1543 637/1553/1267 638/1569/1265
f 531/1570/1501 1567/1554/1544 638/1569/1265 85/1581/1264
f 532/1555/1500 1564/1535/1540 1567/1554/1544 531/1570/1501
f 533/1536/1499 1561/1513/1537 1564/1535/1540 532/1555/1500
f 1570/1310/1546 1571/1281/1547 1574/1309/1548 1573/1337/1549
f 1571/1281/1547 1572/1252/1550 1575/1280/1551 1574/1309/1548
f 1573/1337/1549 1574/1309/1548 1577/1336/1552 1576/1363/1553
f 1574/1309/1548 1575/1280/1551 1578/1308/1554 1577/1336/1552
f 65/1311/700 495/1282/698 1570/1310/1546 527/1338/1514
f 495/1282/698 496/1253/697 1571/1281/1547 1570/1310/1546
f 496/1253/697 497/1225/696 1572/1252/1550 1571/1281/1547
f 497/1225/696 66/1198/695 594/1224/1468 1572/1252/1550
f 1572/1252/1550 594/1224/1468 595/1251/1473 1575/1280/1551
f 1575/1280/1551 595/1251/1473 596/1279/1472 1578/1308/1554
f 1578/1308/1554 596/1279/1472 82/1307/1234 639/1335/1233
f 1577/1336/1552 1578/1308/1554 639/1335/1233 640/1362/1232
f 1576/1363/1553 1577/1336/1552 640/1362/1232 641/1388/1230
f 525/1389/1516 1576/1363/1553 641/1388/1230 83/1414/1229
f 526/1364/1515 1573/1337/1549 1576/1363/1553 525/1389/1516
f 527/1338/1514 1570/1310/1546 1573/1337/1549 526/1364/1515
f 1651/368/1555 1652/367/1556 1655/374/1557 1654/375/1558
f 1652/367/1556 1653/373/1559 1656/382/1560 1655/374/1557
f 1654/375/1558 1655/374/1557 1658/383/1561 1657/384/1562
f 1655/374/1557 1656/382/1560 1659/395/1563 1658/383/1561
f 95/1692/24 668/1689/22 1651/368/1555 693/376/1564
f 668/1689/22 667/1685/21 1652/367/1556 1651/368/1555
f 667/1685/21 666/1680/20 1653/373/1559 1652/367/1556
f 666/1680/20 93/1681/19 653/381/1565 1653/373/1559
f 1653/373/1559 653/381/1565 652/394/1566 1656/382/1560
f 1656/382/1560 652/394/1566 651/405/1567 1659/395/1563
f 1659/395/1563 651/405/1567 105/1687/168 714/1688/167
f 1658/383/1561 1659/395/1563 714/1688/167 715/1691/166
f 1657/384/1562 1658/383/1561 715/1691/166 716/1693/165
f 695/396/1568 1657/384/1562 716/1693/165 99/1695/164
f 694/385/1569 1654/375/1558 1657/384/1562 695/396/1568
f 693/376/1564 1651/368/1555 1654/375/1558 694/385/1569
f 1660/470/1570 1661/453/1571 1664/469/1572 1663/484/1573
f 1661/453/1571 1662/435/1574 1665/452/1575 1664/469/1572
f 1663/484/1573 1664/469/1572 1667/483/1576 1666/496/1577
f 1664/469/1572 1665/452/1575 1668/468/1578 1667/483/1576
f 94/1708/49 671/1706/47 1660/470/1570 690/485/1579
f 671/1706/47 670/1704/46 1661/453/1571 1660/470/1570
f 670/1704/46 669/1702/45 1662/435/1574 1661/453/1571
f 669/1702/45 90/1700/44 644/419/1580 1662/435/1574
f 1662/435/1574 644/419/1580 643/434/1581 1665/452/1575
f 1665/452/1575 643/434/1581 642/451/1582 1668/468/1578
f 1668/468/1578 642/451/1582 102/1703/180 717/1705/179
f 1667/483/1576 1668/468/1578 717/1705/179 718/1707/178
f 1666/496/1577 1667/483/1576 718/1707/178 719/1709/177
f 692/509/1583 1666/496/1577 719/1709/177 98/1711/176
f 691/497/1584 1663/484/1573 1666/496/1577 692/509/1583
f 690/485/1579 1660/470/1570 1663/484/1573 691/497/1584
f 1669/499/1585 1670/512/1586 1673/528/1587 1672/513/1588
f 1670/512/1586 1671/527/1589 1674/545/1590 1673/528/1587
f 1672/513/1588 1673/528/1587 1676/546/1591 1675/529/1592
f 1673/528/1587 1674/545/1590 1677/563/1593 1676/546/1591
f 92/1732/74 674/1730/72 1669/499/1585 650/487/1594
f 674/1730/72 673/1728/71 1670/512/1586 1669/499/1585
f 673/1728/71 672/1726/70 1671/527/1589 1670/512/1586
f 672/1726/70 96/1724/69 696/544/1595 1671/527/1589
f 1671/527/1589 696/544/1595 697/562/1596 1674/545/1590
f 1674/545/1590 697/562/1596 698/581/1597 1677/563/1593
f 1677/563/1593 698/581/1597 100/1727/192 720/1729/191
f 1676/546/1591 1677/563/1593 720/1729/191 721/1731/190
f 1675/529/1592 1676/546/1591 721/1731/190 722/1733/189
f 648/514/1598 1675/529/1592 722/1733/189 104/1735/188
f 649/500/1599 1672/513/1588 1675/529/1592 648/514/1598
f 650/487/1594 1669/499/1585 1672/513/1588 649/500/1599
f 1678/526/1600 1679/511/1601 1682/525/1602 1681/542/1603
f 1679/511/1601 1680/498/1604 1683/510/1605 1682/525/1602
f 1681/542/1603 1682/525/1602 1685/541/1606 1684/558/1607
f 1682/525/1602 1683/510/1605 1686/524/1608 1685/541/1606
f 91/1716/94 677/1714/92 1678/526/1600 647/543/1609
f 677/1714/92 676/1712/91 1679/511/1601 1678/526/1600
f 676/1712/91 675/1710/90 1680/498/1604 1679/511/1601
f 675/1710/90 94/1708/49 690/485/1579 1680/498/1604
f 1680/498/1604 690/485/1579 691/497/1584 1683/510/1605
f 1683/510/1605 691/497/1584 692/509/1583 1686/524/1608
f 1686/524/1608 692/509/1583 98/1711/176 723/1713/203
f 1685/541/1606 1686/524/1608 723/1713/203 724/1715/202
f 1684/558/1607 1685/541/1606 724/1715/202 725/1717/201
f 645/577/1610 1684/558/1607 725/1717/201 103/1719/200
f 646/559/1611 1681/542/1603 1684/558/1607 645/577/1610
f 647/543/1609 1678/526/1600 1681/542/1603 646/559/1611
f 1687/408/1612 1688/398/1613 1691/407/1614 1690/418/1615
f 1688/398/1613 1689/386/1616 1692/397/1617 1691/407/1614
f 1690/418/1615 1691/407/1614 1694/417/1618 1693/433/1619
f 1691/407/1614 1692/397/1617 1695/406/1620 1694/417/1618
f 90/1700/44 680/1698/110 1687/408/1612 644/419/1580
f 680/1698/110 679/1696/109 1688/398/1613 1687/408/1612
f 679/1696/109 678/1694/108 1689/386/1616 1688/398/1613
f 678/1694/108 95/1692/24 693/376/1564 1689/386/1616
f 1689/386/1616 693/376/1564 694/385/1569 1692/397/1617
f 1692/397/1617 694/385/1569 695/396/1568 1695/406/1620
f 1695/406/1620 695/396/1568 99/1695/164 726/1697/212
f 1694/417/1618 1695/406/1620 726/1697/212 727/1699/211
f 1693/433/1619 1694/417/1618 727/1699/211 728/1701/210
f 642/451/1582 1693/433/1619 728/1701/210 102/1703/180
f 643/434/1581 1690/418/1615 1693/433/1619 642/451/1582
f 644/419/1580 1687/408/1612 1690/418/1615 643/434/1581
f 1696/448/1621 1697/463/1622 1700/477/1623 1699/464/1624
f 1697/463/1622 1698/476/1625 1701/488/1626 1700/477/1623
f 1699/464/1624 1700/477/1623 1703/489/1627 1702/478/1628
f 1700/477/1623 1701/488/1626 1704/501/1629 1703/489/1627
f 97/1740/129 683/1738/127 1696/448/1621 699/430/1630
f 683/1738/127 682/1736/126 1697/463/1622 1696/448/1621
f 682/1736/126 681/1734/125 1698/476/1625 1697/463/1622
f 681/1734/125 92/1732/74 650/487/1594 1698/476/1625
f 1698/476/1625 650/487/1594 649/500/1599 1701/488/1626
f 1701/488/1626 649/500/1599 648/514/1598 1704/501/1629
f 1704/501/1629 648/514/1598 104/1735/188 729/1737/221
f 1703/489/1627 1704/501/1629 729/1737/221 730/1739/220
f 1702/478/1628 1703/489/1627 730/1739/220 731/1741/219
f 701/465/1631 1702/478/1628 731/1741/219 101/1743/218
f 700/449/1632 1699/464/1624 1702/478/1628 701/465/1631
f 699/430/1630 1696/448/1621 1699/464/1624 700/449/1632
f 1705/561/1633 1706/579/1634 1709/598/1635 1708/580/1636
f 1706/579/1634 1707/560/1637 1710/578/1638 1709/598/1635
f 1708/580/1636 1709/598/1635 1712/618/1639 1711/599/1640
f 1709/598/1635 1710/578/1638 1713/597/1641 1712/618/1639
f 96/1724/69 686/1722/145 1705/561/1633 696/544/1595
f 686/1722/145 685/1720/144 1706/579/1634 1705/561/1633
f 685/1720/144 684/1718/143 1707/560/1637 1706/579/1634
f 684/1718/143 91/1716/94 647/543/1609 1707/560/1637
f 1707/560/1637 647/543/1609 646/559/1611 1710/578/1638
f 1710/578/1638 646/559/1611 645/577/1610 1713/597/1641
f 1713/597/1641 645/577/1610 103/1719/200 732/1721/230
f 1712/618/1639 1713/597/1641 732/1721/230 733/1723/229
f 1711/599/1640 1712/618/1639 733/1723/229 734/1725/228
f 698/581/1597 1711/599/1640 734/1725/228 100/1727/192
f 697/562/1596 1708/580/1636 1711/599/1640 698/581/1597
f 696/544/1595 1705/561/1633 1708/580/1636 697/562/1596
f 1714/1747/1642 1715/404/1643 1718/416/1644 1717/1746/1645
f 1715/404/1643 1716/415/1646 1719/431/1647 1718/416/1644
f 1717/1746/1645 1718/416/1644 1721/432/1648 1720/1750/1649
f 1718/416/1644 1719/431/1647 1722/450/1650 1721/432/1648
f 93/1681/19 689/1684/160 1714/1682/1642 653/381/1565
f 689/1748/160 688/1744/159 1715/404/1643 1714/1747/1642
f 688/1744/159 687/1742/158 1716/415/1646 1715/404/1643
f 687/1742/158 97/1740/129 699/430/1630 1716/415/1646
f 1716/415/1646 699/430/1630 700/449/1632 1719/431/1647
f 1719/431/1647 700/449/1632 701/465/1631 1722/450/1650
f 1722/450/1650 701/465/1631 101/1743/218 735/1745/238
f 1721/432/1648 1722/450/1650 735/1745/238 736/1749/237
f 1720/1750/1649 1721/432/1648 736/1749/237 737/1751/236
f 651/405/1567 1720/1686/1649 737/1690/236 105/1687/168
f 652/394/1566 1717/1683/1645 1720/1686/1649 651/405/1567
f 653/381/1565 1714/1682/1642 1717/1683/1645 652/394/1566
